campaign,campaign_role,model,configuration_id,backend,precision,quantization,arm,workload,isl,osl,host,slurm_job_id,source,tool,benchmark,batch,test,sample,seconds,tokens,tok_s
main,primary,llama31_8b,llama_cpp_bf16,llama_cpp,bf16,none,llamacpp-bf16,balanced,512,512,cresco8-hbm04,5296951,data/raw/offline/main/llama31_8b/llamacpp-bf16/balanced/offline.json,llama-bench,batch1,1,decode,0,23.620246095,512,21.676319456653825
main,primary,llama31_8b,llama_cpp_bf16,llama_cpp,bf16,none,llamacpp-bf16,balanced,512,512,cresco8-hbm04,5296951,data/raw/offline/main/llama31_8b/llamacpp-bf16/balanced/offline.json,llama-bench,batch1,1,decode,1,23.627707626,512,21.669474165855757
main,primary,llama31_8b,llama_cpp_bf16,llama_cpp,bf16,none,llamacpp-bf16,balanced,512,512,cresco8-hbm04,5296951,data/raw/offline/main/llama31_8b/llamacpp-bf16/balanced/offline.json,llama-bench,batch1,1,decode,2,23.629878489,512,21.667483404044685
main,primary,llama31_8b,llama_cpp_bf16,llama_cpp,bf16,none,llamacpp-bf16,balanced,512,512,cresco8-hbm04,5296951,data/raw/offline/main/llama31_8b/llamacpp-bf16/balanced/offline.json,llama-bench,batch1,1,prefill,0,2.218564748,512,230.7798320790771
main,primary,llama31_8b,llama_cpp_bf16,llama_cpp,bf16,none,llamacpp-bf16,balanced,512,512,cresco8-hbm04,5296951,data/raw/offline/main/llama31_8b/llamacpp-bf16/balanced/offline.json,llama-bench,batch1,1,prefill,1,2.260305617,512,226.51804081235443
main,primary,llama31_8b,llama_cpp_bf16,llama_cpp,bf16,none,llamacpp-bf16,balanced,512,512,cresco8-hbm04,5296951,data/raw/offline/main/llama31_8b/llamacpp-bf16/balanced/offline.json,llama-bench,batch1,1,prefill,2,2.232193428,512,229.37080343379634
main,primary,llama31_8b,llama_cpp_bf16,llama_cpp,bf16,none,llamacpp-bf16,balanced,512,512,cresco8-hbm04,5296951,data/raw/offline/main/llama31_8b/llamacpp-bf16/balanced/offline.json,llama-bench,batch1,1,total,0,25.639909429,1024,39.93773858037913
main,primary,llama31_8b,llama_cpp_bf16,llama_cpp,bf16,none,llamacpp-bf16,balanced,512,512,cresco8-hbm04,5296951,data/raw/offline/main/llama31_8b/llamacpp-bf16/balanced/offline.json,llama-bench,batch1,1,total,1,25.616693783,1024,39.97393296240114
main,primary,llama31_8b,llama_cpp_bf16,llama_cpp,bf16,none,llamacpp-bf16,balanced,512,512,cresco8-hbm04,5296951,data/raw/offline/main/llama31_8b/llamacpp-bf16/balanced/offline.json,llama-bench,batch1,1,total,2,25.652407472,1024,39.91828061821144
main,primary,llama31_8b,llama_cpp_bf16,llama_cpp,bf16,none,llamacpp-bf16,balanced,512,512,cresco8-hbm04,5296951,data/raw/offline/main/llama31_8b/llamacpp-bf16/balanced/offline.json,llama-batched-bench,batched,8,decode,1,46.026855,4096,88.991524
main,primary,llama31_8b,llama_cpp_bf16,llama_cpp,bf16,none,llamacpp-bf16,balanced,512,512,cresco8-hbm04,5296951,data/raw/offline/main/llama31_8b/llamacpp-bf16/balanced/offline.json,llama-batched-bench,batched,8,decode,2,46.20565,4096,88.647163
main,primary,llama31_8b,llama_cpp_bf16,llama_cpp,bf16,none,llamacpp-bf16,balanced,512,512,cresco8-hbm04,5296951,data/raw/offline/main/llama31_8b/llamacpp-bf16/balanced/offline.json,llama-batched-bench,batched,8,decode,3,46.25441,4096,88.553719
main,primary,llama31_8b,llama_cpp_bf16,llama_cpp,bf16,none,llamacpp-bf16,balanced,512,512,cresco8-hbm04,5296951,data/raw/offline/main/llama31_8b/llamacpp-bf16/balanced/offline.json,llama-batched-bench,batched,8,prefill,1,17.704966,4096,231.347534
main,primary,llama31_8b,llama_cpp_bf16,llama_cpp,bf16,none,llamacpp-bf16,balanced,512,512,cresco8-hbm04,5296951,data/raw/offline/main/llama31_8b/llamacpp-bf16/balanced/offline.json,llama-batched-bench,batched,8,prefill,2,17.737301,4096,230.925781
main,primary,llama31_8b,llama_cpp_bf16,llama_cpp,bf16,none,llamacpp-bf16,balanced,512,512,cresco8-hbm04,5296951,data/raw/offline/main/llama31_8b/llamacpp-bf16/balanced/offline.json,llama-batched-bench,batched,8,prefill,3,17.766159,4096,230.550674
main,primary,llama31_8b,llama_cpp_bf16,llama_cpp,bf16,none,llamacpp-bf16,balanced,512,512,cresco8-hbm04,5296951,data/raw/offline/main/llama31_8b/llamacpp-bf16/balanced/offline.json,llama-batched-bench,batched,8,total,1,63.731819,8192,128.53862
main,primary,llama31_8b,llama_cpp_bf16,llama_cpp,bf16,none,llamacpp-bf16,balanced,512,512,cresco8-hbm04,5296951,data/raw/offline/main/llama31_8b/llamacpp-bf16/balanced/offline.json,llama-batched-bench,batched,8,total,2,63.942951,8192,128.114197
main,primary,llama31_8b,llama_cpp_bf16,llama_cpp,bf16,none,llamacpp-bf16,balanced,512,512,cresco8-hbm04,5296951,data/raw/offline/main/llama31_8b/llamacpp-bf16/balanced/offline.json,llama-batched-bench,batched,8,total,3,64.020569,8192,127.958878
main,primary,llama31_8b,llama_cpp_bf16,llama_cpp,bf16,none,llamacpp-bf16,balanced,512,512,cresco8-hbm04,5296951,data/raw/offline/main/llama31_8b/llamacpp-bf16/balanced/offline.json,llama-batched-bench,batched,32,decode,1,117.735435,16384,139.15947
main,primary,llama31_8b,llama_cpp_bf16,llama_cpp,bf16,none,llamacpp-bf16,balanced,512,512,cresco8-hbm04,5296951,data/raw/offline/main/llama31_8b/llamacpp-bf16/balanced/offline.json,llama-batched-bench,batched,32,decode,2,117.747551,16384,139.145142
main,primary,llama31_8b,llama_cpp_bf16,llama_cpp,bf16,none,llamacpp-bf16,balanced,512,512,cresco8-hbm04,5296951,data/raw/offline/main/llama31_8b/llamacpp-bf16/balanced/offline.json,llama-batched-bench,batched,32,decode,3,118.036781,16384,138.804184
main,primary,llama31_8b,llama_cpp_bf16,llama_cpp,bf16,none,llamacpp-bf16,balanced,512,512,cresco8-hbm04,5296951,data/raw/offline/main/llama31_8b/llamacpp-bf16/balanced/offline.json,llama-batched-bench,batched,32,prefill,1,71.233208,16384,230.005081
main,primary,llama31_8b,llama_cpp_bf16,llama_cpp,bf16,none,llamacpp-bf16,balanced,512,512,cresco8-hbm04,5296951,data/raw/offline/main/llama31_8b/llamacpp-bf16/balanced/offline.json,llama-batched-bench,batched,32,prefill,2,71.543137,16384,229.008698
main,primary,llama31_8b,llama_cpp_bf16,llama_cpp,bf16,none,llamacpp-bf16,balanced,512,512,cresco8-hbm04,5296951,data/raw/offline/main/llama31_8b/llamacpp-bf16/balanced/offline.json,llama-batched-bench,batched,32,prefill,3,71.47319,16384,229.232803
main,primary,llama31_8b,llama_cpp_bf16,llama_cpp,bf16,none,llamacpp-bf16,balanced,512,512,cresco8-hbm04,5296951,data/raw/offline/main/llama31_8b/llamacpp-bf16/balanced/offline.json,llama-batched-bench,batched,32,total,1,188.968643,32768,173.404434
main,primary,llama31_8b,llama_cpp_bf16,llama_cpp,bf16,none,llamacpp-bf16,balanced,512,512,cresco8-hbm04,5296951,data/raw/offline/main/llama31_8b/llamacpp-bf16/balanced/offline.json,llama-batched-bench,batched,32,total,2,189.29068,32768,173.109421
main,primary,llama31_8b,llama_cpp_bf16,llama_cpp,bf16,none,llamacpp-bf16,balanced,512,512,cresco8-hbm04,5296951,data/raw/offline/main/llama31_8b/llamacpp-bf16/balanced/offline.json,llama-batched-bench,batched,32,total,3,189.509979,32768,172.909103
main,primary,llama31_8b,llama_cpp_bf16,llama_cpp,bf16,none,llamacpp-bf16,decode,128,512,cresco8-hbm04,5296951,data/raw/offline/main/llama31_8b/llamacpp-bf16/decode/offline.json,llama-bench,batch1,1,decode,0,23.054961584,512,22.207801046839514
main,primary,llama31_8b,llama_cpp_bf16,llama_cpp,bf16,none,llamacpp-bf16,decode,128,512,cresco8-hbm04,5296951,data/raw/offline/main/llama31_8b/llamacpp-bf16/decode/offline.json,llama-bench,batch1,1,decode,1,23.146285771,512,22.120179672260214
main,primary,llama31_8b,llama_cpp_bf16,llama_cpp,bf16,none,llamacpp-bf16,decode,128,512,cresco8-hbm04,5296951,data/raw/offline/main/llama31_8b/llamacpp-bf16/decode/offline.json,llama-bench,batch1,1,decode,2,23.115766081,512,22.149384891934787
main,primary,llama31_8b,llama_cpp_bf16,llama_cpp,bf16,none,llamacpp-bf16,decode,128,512,cresco8-hbm04,5296951,data/raw/offline/main/llama31_8b/llamacpp-bf16/decode/offline.json,llama-bench,batch1,1,prefill,0,0.560327463,128,228.43784831585168
main,primary,llama31_8b,llama_cpp_bf16,llama_cpp,bf16,none,llamacpp-bf16,decode,128,512,cresco8-hbm04,5296951,data/raw/offline/main/llama31_8b/llamacpp-bf16/decode/offline.json,llama-bench,batch1,1,prefill,1,0.560078368,128,228.53944610837033
main,primary,llama31_8b,llama_cpp_bf16,llama_cpp,bf16,none,llamacpp-bf16,decode,128,512,cresco8-hbm04,5296951,data/raw/offline/main/llama31_8b/llamacpp-bf16/decode/offline.json,llama-bench,batch1,1,prefill,2,0.559313937,128,228.8517977695235
main,primary,llama31_8b,llama_cpp_bf16,llama_cpp,bf16,none,llamacpp-bf16,decode,128,512,cresco8-hbm04,5296951,data/raw/offline/main/llama31_8b/llamacpp-bf16/decode/offline.json,llama-bench,batch1,1,total,0,23.679438312,640,27.027668121488677
main,primary,llama31_8b,llama_cpp_bf16,llama_cpp,bf16,none,llamacpp-bf16,decode,128,512,cresco8-hbm04,5296951,data/raw/offline/main/llama31_8b/llamacpp-bf16/decode/offline.json,llama-bench,batch1,1,total,1,23.704423534,640,26.999180093201925
main,primary,llama31_8b,llama_cpp_bf16,llama_cpp,bf16,none,llamacpp-bf16,decode,128,512,cresco8-hbm04,5296951,data/raw/offline/main/llama31_8b/llamacpp-bf16/decode/offline.json,llama-bench,batch1,1,total,2,23.723391805,640,26.977592633491476
main,primary,llama31_8b,llama_cpp_bf16,llama_cpp,bf16,none,llamacpp-bf16,decode,128,512,cresco8-hbm04,5296951,data/raw/offline/main/llama31_8b/llamacpp-bf16/decode/offline.json,llama-batched-bench,batched,8,decode,1,41.384056,4096,98.975319
main,primary,llama31_8b,llama_cpp_bf16,llama_cpp,bf16,none,llamacpp-bf16,decode,128,512,cresco8-hbm04,5296951,data/raw/offline/main/llama31_8b/llamacpp-bf16/decode/offline.json,llama-batched-bench,batched,8,decode,2,41.451942,4096,98.813225
main,primary,llama31_8b,llama_cpp_bf16,llama_cpp,bf16,none,llamacpp-bf16,decode,128,512,cresco8-hbm04,5296951,data/raw/offline/main/llama31_8b/llamacpp-bf16/decode/offline.json,llama-batched-bench,batched,8,decode,3,41.581295,4096,98.505829
main,primary,llama31_8b,llama_cpp_bf16,llama_cpp,bf16,none,llamacpp-bf16,decode,128,512,cresco8-hbm04,5296951,data/raw/offline/main/llama31_8b/llamacpp-bf16/decode/offline.json,llama-batched-bench,batched,8,prefill,1,4.296707,1024,238.322037
main,primary,llama31_8b,llama_cpp_bf16,llama_cpp,bf16,none,llamacpp-bf16,decode,128,512,cresco8-hbm04,5296951,data/raw/offline/main/llama31_8b/llamacpp-bf16/decode/offline.json,llama-batched-bench,batched,8,prefill,2,4.248459,1024,241.02858
main,primary,llama31_8b,llama_cpp_bf16,llama_cpp,bf16,none,llamacpp-bf16,decode,128,512,cresco8-hbm04,5296951,data/raw/offline/main/llama31_8b/llamacpp-bf16/decode/offline.json,llama-batched-bench,batched,8,prefill,3,4.267429,1024,239.957138
main,primary,llama31_8b,llama_cpp_bf16,llama_cpp,bf16,none,llamacpp-bf16,decode,128,512,cresco8-hbm04,5296951,data/raw/offline/main/llama31_8b/llamacpp-bf16/decode/offline.json,llama-batched-bench,batched,8,total,1,45.680763,5120,112.082191
main,primary,llama31_8b,llama_cpp_bf16,llama_cpp,bf16,none,llamacpp-bf16,decode,128,512,cresco8-hbm04,5296951,data/raw/offline/main/llama31_8b/llamacpp-bf16/decode/offline.json,llama-batched-bench,batched,8,total,2,45.700401,5120,112.034027
main,primary,llama31_8b,llama_cpp_bf16,llama_cpp,bf16,none,llamacpp-bf16,decode,128,512,cresco8-hbm04,5296951,data/raw/offline/main/llama31_8b/llamacpp-bf16/decode/offline.json,llama-batched-bench,batched,8,total,3,45.848724,5120,111.671593
main,primary,llama31_8b,llama_cpp_bf16,llama_cpp,bf16,none,llamacpp-bf16,decode,128,512,cresco8-hbm04,5296951,data/raw/offline/main/llama31_8b/llamacpp-bf16/decode/offline.json,llama-batched-bench,batched,32,decode,1,101.051659,16384,162.134888
main,primary,llama31_8b,llama_cpp_bf16,llama_cpp,bf16,none,llamacpp-bf16,decode,128,512,cresco8-hbm04,5296951,data/raw/offline/main/llama31_8b/llamacpp-bf16/decode/offline.json,llama-batched-bench,batched,32,decode,2,101.164131,16384,161.954636
main,primary,llama31_8b,llama_cpp_bf16,llama_cpp,bf16,none,llamacpp-bf16,decode,128,512,cresco8-hbm04,5296951,data/raw/offline/main/llama31_8b/llamacpp-bf16/decode/offline.json,llama-batched-bench,batched,32,decode,3,101.029495,16384,162.170456
main,primary,llama31_8b,llama_cpp_bf16,llama_cpp,bf16,none,llamacpp-bf16,decode,128,512,cresco8-hbm04,5296951,data/raw/offline/main/llama31_8b/llamacpp-bf16/decode/offline.json,llama-batched-bench,batched,32,prefill,1,17.434425,4096,234.937485
main,primary,llama31_8b,llama_cpp_bf16,llama_cpp,bf16,none,llamacpp-bf16,decode,128,512,cresco8-hbm04,5296951,data/raw/offline/main/llama31_8b/llamacpp-bf16/decode/offline.json,llama-batched-bench,batched,32,prefill,2,17.396223,4096,235.453415
main,primary,llama31_8b,llama_cpp_bf16,llama_cpp,bf16,none,llamacpp-bf16,decode,128,512,cresco8-hbm04,5296951,data/raw/offline/main/llama31_8b/llamacpp-bf16/decode/offline.json,llama-batched-bench,batched,32,prefill,3,17.376888,4096,235.715393
main,primary,llama31_8b,llama_cpp_bf16,llama_cpp,bf16,none,llamacpp-bf16,decode,128,512,cresco8-hbm04,5296951,data/raw/offline/main/llama31_8b/llamacpp-bf16/decode/offline.json,llama-batched-bench,batched,32,total,1,118.486084,20480,172.847305
main,primary,llama31_8b,llama_cpp_bf16,llama_cpp,bf16,none,llamacpp-bf16,decode,128,512,cresco8-hbm04,5296951,data/raw/offline/main/llama31_8b/llamacpp-bf16/decode/offline.json,llama-batched-bench,batched,32,total,2,118.560356,20480,172.739029
main,primary,llama31_8b,llama_cpp_bf16,llama_cpp,bf16,none,llamacpp-bf16,decode,128,512,cresco8-hbm04,5296951,data/raw/offline/main/llama31_8b/llamacpp-bf16/decode/offline.json,llama-batched-bench,batched,32,total,3,118.406387,20480,172.963638
main,primary,llama31_8b,llama_cpp_bf16,llama_cpp,bf16,none,llamacpp-bf16,prefill,4096,128,cresco8-hbm04,5296951,data/raw/offline/main/llama31_8b/llamacpp-bf16/prefill/offline.json,llama-bench,batch1,1,decode,0,6.439332465,128,19.87783682481442
main,primary,llama31_8b,llama_cpp_bf16,llama_cpp,bf16,none,llamacpp-bf16,prefill,4096,128,cresco8-hbm04,5296951,data/raw/offline/main/llama31_8b/llamacpp-bf16/prefill/offline.json,llama-bench,batch1,1,decode,1,6.453852661,128,19.83311468721489
main,primary,llama31_8b,llama_cpp_bf16,llama_cpp,bf16,none,llamacpp-bf16,prefill,4096,128,cresco8-hbm04,5296951,data/raw/offline/main/llama31_8b/llamacpp-bf16/prefill/offline.json,llama-bench,batch1,1,decode,2,6.455885476,128,19.82686967974337
main,primary,llama31_8b,llama_cpp_bf16,llama_cpp,bf16,none,llamacpp-bf16,prefill,4096,128,cresco8-hbm04,5296951,data/raw/offline/main/llama31_8b/llamacpp-bf16/prefill/offline.json,llama-bench,batch1,1,prefill,0,20.741884104,4096,197.47482820088175
main,primary,llama31_8b,llama_cpp_bf16,llama_cpp,bf16,none,llamacpp-bf16,prefill,4096,128,cresco8-hbm04,5296951,data/raw/offline/main/llama31_8b/llamacpp-bf16/prefill/offline.json,llama-bench,batch1,1,prefill,1,20.732497539,4096,197.56423423154854
main,primary,llama31_8b,llama_cpp_bf16,llama_cpp,bf16,none,llamacpp-bf16,prefill,4096,128,cresco8-hbm04,5296951,data/raw/offline/main/llama31_8b/llamacpp-bf16/prefill/offline.json,llama-bench,batch1,1,prefill,2,20.803141098,4096,196.89334320737683
main,primary,llama31_8b,llama_cpp_bf16,llama_cpp,bf16,none,llamacpp-bf16,prefill,4096,128,cresco8-hbm04,5296951,data/raw/offline/main/llama31_8b/llamacpp-bf16/prefill/offline.json,llama-bench,batch1,1,total,0,27.092193822,4224,155.91206927546543
main,primary,llama31_8b,llama_cpp_bf16,llama_cpp,bf16,none,llamacpp-bf16,prefill,4096,128,cresco8-hbm04,5296951,data/raw/offline/main/llama31_8b/llamacpp-bf16/prefill/offline.json,llama-bench,batch1,1,total,1,27.093467386,4224,155.90474042398375
main,primary,llama31_8b,llama_cpp_bf16,llama_cpp,bf16,none,llamacpp-bf16,prefill,4096,128,cresco8-hbm04,5296951,data/raw/offline/main/llama31_8b/llamacpp-bf16/prefill/offline.json,llama-bench,batch1,1,total,2,27.100961309,4224,155.86162984547877
main,primary,llama31_8b,llama_cpp_bf16,llama_cpp,bf16,none,llamacpp-bf16,prefill,4096,128,cresco8-hbm04,5296951,data/raw/offline/main/llama31_8b/llamacpp-bf16/prefill/offline.json,llama-batched-bench,batched,8,decode,1,23.951675,1024,42.75275
main,primary,llama31_8b,llama_cpp_bf16,llama_cpp,bf16,none,llamacpp-bf16,prefill,4096,128,cresco8-hbm04,5296951,data/raw/offline/main/llama31_8b/llamacpp-bf16/prefill/offline.json,llama-batched-bench,batched,8,decode,2,24.127047,1024,42.441994
main,primary,llama31_8b,llama_cpp_bf16,llama_cpp,bf16,none,llamacpp-bf16,prefill,4096,128,cresco8-hbm04,5296951,data/raw/offline/main/llama31_8b/llamacpp-bf16/prefill/offline.json,llama-batched-bench,batched,8,decode,3,23.907694,1024,42.831402
main,primary,llama31_8b,llama_cpp_bf16,llama_cpp,bf16,none,llamacpp-bf16,prefill,4096,128,cresco8-hbm04,5296951,data/raw/offline/main/llama31_8b/llamacpp-bf16/prefill/offline.json,llama-batched-bench,batched,8,prefill,1,165.238083,32768,198.3078
main,primary,llama31_8b,llama_cpp_bf16,llama_cpp,bf16,none,llamacpp-bf16,prefill,4096,128,cresco8-hbm04,5296951,data/raw/offline/main/llama31_8b/llamacpp-bf16/prefill/offline.json,llama-batched-bench,batched,8,prefill,2,166.092606,32768,197.287537
main,primary,llama31_8b,llama_cpp_bf16,llama_cpp,bf16,none,llamacpp-bf16,prefill,4096,128,cresco8-hbm04,5296951,data/raw/offline/main/llama31_8b/llamacpp-bf16/prefill/offline.json,llama-batched-bench,batched,8,prefill,3,165.465759,32768,198.034927
main,primary,llama31_8b,llama_cpp_bf16,llama_cpp,bf16,none,llamacpp-bf16,prefill,4096,128,cresco8-hbm04,5296951,data/raw/offline/main/llama31_8b/llamacpp-bf16/prefill/offline.json,llama-batched-bench,batched,8,total,1,189.189758,33792,178.614319
main,primary,llama31_8b,llama_cpp_bf16,llama_cpp,bf16,none,llamacpp-bf16,prefill,4096,128,cresco8-hbm04,5296951,data/raw/offline/main/llama31_8b/llamacpp-bf16/prefill/offline.json,llama-batched-bench,batched,8,total,2,190.21965,33792,177.647263
main,primary,llama31_8b,llama_cpp_bf16,llama_cpp,bf16,none,llamacpp-bf16,prefill,4096,128,cresco8-hbm04,5296951,data/raw/offline/main/llama31_8b/llamacpp-bf16/prefill/offline.json,llama-batched-bench,batched,8,total,3,189.373459,33792,178.441055
main,primary,llama31_8b,llama_cpp_bf16,llama_cpp,bf16,none,llamacpp-bf16,prefill,4096,128,cresco8-hbm04,5296951,data/raw/offline/main/llama31_8b/llamacpp-bf16/prefill/offline.json,llama-batched-bench,batched,32,decode,1,75.112144,4096,54.531796
main,primary,llama31_8b,llama_cpp_bf16,llama_cpp,bf16,none,llamacpp-bf16,prefill,4096,128,cresco8-hbm04,5296951,data/raw/offline/main/llama31_8b/llamacpp-bf16/prefill/offline.json,llama-batched-bench,batched,32,decode,2,103.310333,4096,39.647533
main,primary,llama31_8b,llama_cpp_bf16,llama_cpp,bf16,none,llamacpp-bf16,prefill,4096,128,cresco8-hbm04,5296951,data/raw/offline/main/llama31_8b/llamacpp-bf16/prefill/offline.json,llama-batched-bench,batched,32,decode,3,75.48777,4096,54.260445
main,primary,llama31_8b,llama_cpp_bf16,llama_cpp,bf16,none,llamacpp-bf16,prefill,4096,128,cresco8-hbm04,5296951,data/raw/offline/main/llama31_8b/llamacpp-bf16/prefill/offline.json,llama-batched-bench,batched,32,prefill,1,662.187561,131072,197.937881
main,primary,llama31_8b,llama_cpp_bf16,llama_cpp,bf16,none,llamacpp-bf16,prefill,4096,128,cresco8-hbm04,5296951,data/raw/offline/main/llama31_8b/llamacpp-bf16/prefill/offline.json,llama-batched-bench,batched,32,prefill,2,661.93158,131072,198.01442
main,primary,llama31_8b,llama_cpp_bf16,llama_cpp,bf16,none,llamacpp-bf16,prefill,4096,128,cresco8-hbm04,5296951,data/raw/offline/main/llama31_8b/llamacpp-bf16/prefill/offline.json,llama-batched-bench,batched,32,prefill,3,820.81958,131072,159.684296
main,primary,llama31_8b,llama_cpp_bf16,llama_cpp,bf16,none,llamacpp-bf16,prefill,4096,128,cresco8-hbm04,5296951,data/raw/offline/main/llama31_8b/llamacpp-bf16/prefill/offline.json,llama-batched-bench,batched,32,total,1,737.299683,135168,183.328445
main,primary,llama31_8b,llama_cpp_bf16,llama_cpp,bf16,none,llamacpp-bf16,prefill,4096,128,cresco8-hbm04,5296951,data/raw/offline/main/llama31_8b/llamacpp-bf16/prefill/offline.json,llama-batched-bench,batched,32,total,2,765.241943,135168,176.634338
main,primary,llama31_8b,llama_cpp_bf16,llama_cpp,bf16,none,llamacpp-bf16,prefill,4096,128,cresco8-hbm04,5296951,data/raw/offline/main/llama31_8b/llamacpp-bf16/prefill/offline.json,llama-batched-bench,batched,32,total,3,896.307373,135168,150.805405
main,primary,llama31_8b,llama_cpp_int8,llama_cpp,int8,q8_0,llamacpp-q8_0,balanced,512,512,cresco8-hbm03,5296952,data/raw/offline/main/llama31_8b/llamacpp-q8_0/balanced/offline.json,llama-bench,batch1,1,decode,0,16.448403762,512,31.12764055457164
main,primary,llama31_8b,llama_cpp_int8,llama_cpp,int8,q8_0,llamacpp-q8_0,balanced,512,512,cresco8-hbm03,5296952,data/raw/offline/main/llama31_8b/llamacpp-q8_0/balanced/offline.json,llama-bench,batch1,1,decode,1,16.448793562,512,31.12690289838778
main,primary,llama31_8b,llama_cpp_int8,llama_cpp,int8,q8_0,llamacpp-q8_0,balanced,512,512,cresco8-hbm03,5296952,data/raw/offline/main/llama31_8b/llamacpp-q8_0/balanced/offline.json,llama-bench,batch1,1,decode,2,16.45752094,512,31.110396387561885
main,primary,llama31_8b,llama_cpp_int8,llama_cpp,int8,q8_0,llamacpp-q8_0,balanced,512,512,cresco8-hbm03,5296952,data/raw/offline/main/llama31_8b/llamacpp-q8_0/balanced/offline.json,llama-bench,batch1,1,prefill,0,1.183642109,512,432.56318451914757
main,primary,llama31_8b,llama_cpp_int8,llama_cpp,int8,q8_0,llamacpp-q8_0,balanced,512,512,cresco8-hbm03,5296952,data/raw/offline/main/llama31_8b/llamacpp-q8_0/balanced/offline.json,llama-bench,batch1,1,prefill,1,1.207154348,512,424.1379744423536
main,primary,llama31_8b,llama_cpp_int8,llama_cpp,int8,q8_0,llamacpp-q8_0,balanced,512,512,cresco8-hbm03,5296952,data/raw/offline/main/llama31_8b/llamacpp-q8_0/balanced/offline.json,llama-bench,batch1,1,prefill,2,1.185857506,512,431.75507800007125
main,primary,llama31_8b,llama_cpp_int8,llama_cpp,int8,q8_0,llamacpp-q8_0,balanced,512,512,cresco8-hbm03,5296952,data/raw/offline/main/llama31_8b/llamacpp-q8_0/balanced/offline.json,llama-bench,batch1,1,total,0,17.69629391,1024,57.86522337433307
main,primary,llama31_8b,llama_cpp_int8,llama_cpp,int8,q8_0,llamacpp-q8_0,balanced,512,512,cresco8-hbm03,5296952,data/raw/offline/main/llama31_8b/llamacpp-q8_0/balanced/offline.json,llama-bench,batch1,1,total,1,17.72469943,1024,57.77248883932132
main,primary,llama31_8b,llama_cpp_int8,llama_cpp,int8,q8_0,llamacpp-q8_0,balanced,512,512,cresco8-hbm03,5296952,data/raw/offline/main/llama31_8b/llamacpp-q8_0/balanced/offline.json,llama-bench,batch1,1,total,2,17.706805969,1024,57.83087033272725
main,primary,llama31_8b,llama_cpp_int8,llama_cpp,int8,q8_0,llamacpp-q8_0,balanced,512,512,cresco8-hbm03,5296952,data/raw/offline/main/llama31_8b/llamacpp-q8_0/balanced/offline.json,llama-batched-bench,batched,8,decode,1,32.260845,4096,126.965057
main,primary,llama31_8b,llama_cpp_int8,llama_cpp,int8,q8_0,llamacpp-q8_0,balanced,512,512,cresco8-hbm03,5296952,data/raw/offline/main/llama31_8b/llamacpp-q8_0/balanced/offline.json,llama-batched-bench,batched,8,decode,2,32.364082,4096,126.560051
main,primary,llama31_8b,llama_cpp_int8,llama_cpp,int8,q8_0,llamacpp-q8_0,balanced,512,512,cresco8-hbm03,5296952,data/raw/offline/main/llama31_8b/llamacpp-q8_0/balanced/offline.json,llama-batched-bench,batched,8,decode,3,32.351517,4096,126.609207
main,primary,llama31_8b,llama_cpp_int8,llama_cpp,int8,q8_0,llamacpp-q8_0,balanced,512,512,cresco8-hbm03,5296952,data/raw/offline/main/llama31_8b/llamacpp-q8_0/balanced/offline.json,llama-batched-bench,batched,8,prefill,1,6.647042,4096,616.213989
main,primary,llama31_8b,llama_cpp_int8,llama_cpp,int8,q8_0,llamacpp-q8_0,balanced,512,512,cresco8-hbm03,5296952,data/raw/offline/main/llama31_8b/llamacpp-q8_0/balanced/offline.json,llama-batched-bench,batched,8,prefill,2,6.666888,4096,614.379578
main,primary,llama31_8b,llama_cpp_int8,llama_cpp,int8,q8_0,llamacpp-q8_0,balanced,512,512,cresco8-hbm03,5296952,data/raw/offline/main/llama31_8b/llamacpp-q8_0/balanced/offline.json,llama-batched-bench,batched,8,prefill,3,6.645929,4096,616.317139
main,primary,llama31_8b,llama_cpp_int8,llama_cpp,int8,q8_0,llamacpp-q8_0,balanced,512,512,cresco8-hbm03,5296952,data/raw/offline/main/llama31_8b/llamacpp-q8_0/balanced/offline.json,llama-batched-bench,batched,8,total,1,38.907887,8192,210.548569
main,primary,llama31_8b,llama_cpp_int8,llama_cpp,int8,q8_0,llamacpp-q8_0,balanced,512,512,cresco8-hbm03,5296952,data/raw/offline/main/llama31_8b/llamacpp-q8_0/balanced/offline.json,llama-batched-bench,batched,8,total,2,39.030972,8192,209.884598
main,primary,llama31_8b,llama_cpp_int8,llama_cpp,int8,q8_0,llamacpp-q8_0,balanced,512,512,cresco8-hbm03,5296952,data/raw/offline/main/llama31_8b/llamacpp-q8_0/balanced/offline.json,llama-batched-bench,batched,8,total,3,38.997444,8192,210.065048
main,primary,llama31_8b,llama_cpp_int8,llama_cpp,int8,q8_0,llamacpp-q8_0,balanced,512,512,cresco8-hbm03,5296952,data/raw/offline/main/llama31_8b/llamacpp-q8_0/balanced/offline.json,llama-batched-bench,batched,32,decode,1,71.544769,16384,229.003464
main,primary,llama31_8b,llama_cpp_int8,llama_cpp,int8,q8_0,llamacpp-q8_0,balanced,512,512,cresco8-hbm03,5296952,data/raw/offline/main/llama31_8b/llamacpp-q8_0/balanced/offline.json,llama-batched-bench,batched,32,decode,2,71.327133,16384,229.702209
main,primary,llama31_8b,llama_cpp_int8,llama_cpp,int8,q8_0,llamacpp-q8_0,balanced,512,512,cresco8-hbm03,5296952,data/raw/offline/main/llama31_8b/llamacpp-q8_0/balanced/offline.json,llama-batched-bench,batched,32,decode,3,71.635391,16384,228.71376
main,primary,llama31_8b,llama_cpp_int8,llama_cpp,int8,q8_0,llamacpp-q8_0,balanced,512,512,cresco8-hbm03,5296952,data/raw/offline/main/llama31_8b/llamacpp-q8_0/balanced/offline.json,llama-batched-bench,batched,32,prefill,1,26.722992,16384,613.10498
main,primary,llama31_8b,llama_cpp_int8,llama_cpp,int8,q8_0,llamacpp-q8_0,balanced,512,512,cresco8-hbm03,5296952,data/raw/offline/main/llama31_8b/llamacpp-q8_0/balanced/offline.json,llama-batched-bench,batched,32,prefill,2,26.764668,16384,612.15033
main,primary,llama31_8b,llama_cpp_int8,llama_cpp,int8,q8_0,llamacpp-q8_0,balanced,512,512,cresco8-hbm03,5296952,data/raw/offline/main/llama31_8b/llamacpp-q8_0/balanced/offline.json,llama-batched-bench,batched,32,prefill,3,27.125751,16384,604.001709
main,primary,llama31_8b,llama_cpp_int8,llama_cpp,int8,q8_0,llamacpp-q8_0,balanced,512,512,cresco8-hbm03,5296952,data/raw/offline/main/llama31_8b/llamacpp-q8_0/balanced/offline.json,llama-batched-bench,batched,32,total,1,98.267761,32768,333.456268
main,primary,llama31_8b,llama_cpp_int8,llama_cpp,int8,q8_0,llamacpp-q8_0,balanced,512,512,cresco8-hbm03,5296952,data/raw/offline/main/llama31_8b/llamacpp-q8_0/balanced/offline.json,llama-batched-bench,batched,32,total,2,98.091797,32768,334.054443
main,primary,llama31_8b,llama_cpp_int8,llama_cpp,int8,q8_0,llamacpp-q8_0,balanced,512,512,cresco8-hbm03,5296952,data/raw/offline/main/llama31_8b/llamacpp-q8_0/balanced/offline.json,llama-batched-bench,batched,32,total,3,98.761139,32768,331.790436
main,primary,llama31_8b,llama_cpp_int8,llama_cpp,int8,q8_0,llamacpp-q8_0,decode,128,512,cresco8-hbm03,5296952,data/raw/offline/main/llama31_8b/llamacpp-q8_0/decode/offline.json,llama-bench,batch1,1,decode,0,16.127870293,512,31.746287060742546
main,primary,llama31_8b,llama_cpp_int8,llama_cpp,int8,q8_0,llamacpp-q8_0,decode,128,512,cresco8-hbm03,5296952,data/raw/offline/main/llama31_8b/llamacpp-q8_0/decode/offline.json,llama-bench,batch1,1,decode,1,16.22071298,512,31.564580461493378
main,primary,llama31_8b,llama_cpp_int8,llama_cpp,int8,q8_0,llamacpp-q8_0,decode,128,512,cresco8-hbm03,5296952,data/raw/offline/main/llama31_8b/llamacpp-q8_0/decode/offline.json,llama-bench,batch1,1,decode,2,16.200086146,512,31.604770208362076
main,primary,llama31_8b,llama_cpp_int8,llama_cpp,int8,q8_0,llamacpp-q8_0,decode,128,512,cresco8-hbm03,5296952,data/raw/offline/main/llama31_8b/llamacpp-q8_0/decode/offline.json,llama-bench,batch1,1,prefill,0,0.350381066,128,365.316543674195
main,primary,llama31_8b,llama_cpp_int8,llama_cpp,int8,q8_0,llamacpp-q8_0,decode,128,512,cresco8-hbm03,5296952,data/raw/offline/main/llama31_8b/llamacpp-q8_0/decode/offline.json,llama-bench,batch1,1,prefill,1,0.354779081,128,360.7879011333253
main,primary,llama31_8b,llama_cpp_int8,llama_cpp,int8,q8_0,llamacpp-q8_0,decode,128,512,cresco8-hbm03,5296952,data/raw/offline/main/llama31_8b/llamacpp-q8_0/decode/offline.json,llama-bench,batch1,1,prefill,2,0.352397558,128,363.2261265556216
main,primary,llama31_8b,llama_cpp_int8,llama_cpp,int8,q8_0,llamacpp-q8_0,decode,128,512,cresco8-hbm03,5296952,data/raw/offline/main/llama31_8b/llamacpp-q8_0/decode/offline.json,llama-bench,batch1,1,total,0,16.517949153,640,38.74573011890903
main,primary,llama31_8b,llama_cpp_int8,llama_cpp,int8,q8_0,llamacpp-q8_0,decode,128,512,cresco8-hbm03,5296952,data/raw/offline/main/llama31_8b/llamacpp-q8_0/decode/offline.json,llama-bench,batch1,1,total,1,16.529022532,640,38.71977297876915
main,primary,llama31_8b,llama_cpp_int8,llama_cpp,int8,q8_0,llamacpp-q8_0,decode,128,512,cresco8-hbm03,5296952,data/raw/offline/main/llama31_8b/llamacpp-q8_0/decode/offline.json,llama-bench,batch1,1,total,2,16.559293809,640,38.64899115759146
main,primary,llama31_8b,llama_cpp_int8,llama_cpp,int8,q8_0,llamacpp-q8_0,decode,128,512,cresco8-hbm03,5296952,data/raw/offline/main/llama31_8b/llamacpp-q8_0/decode/offline.json,llama-batched-bench,batched,8,decode,1,27.466473,4096,149.127274
main,primary,llama31_8b,llama_cpp_int8,llama_cpp,int8,q8_0,llamacpp-q8_0,decode,128,512,cresco8-hbm03,5296952,data/raw/offline/main/llama31_8b/llamacpp-q8_0/decode/offline.json,llama-batched-bench,batched,8,decode,2,27.536488,4096,148.748093
main,primary,llama31_8b,llama_cpp_int8,llama_cpp,int8,q8_0,llamacpp-q8_0,decode,128,512,cresco8-hbm03,5296952,data/raw/offline/main/llama31_8b/llamacpp-q8_0/decode/offline.json,llama-batched-bench,batched,8,decode,3,27.525385,4096,148.80809
main,primary,llama31_8b,llama_cpp_int8,llama_cpp,int8,q8_0,llamacpp-q8_0,decode,128,512,cresco8-hbm03,5296952,data/raw/offline/main/llama31_8b/llamacpp-q8_0/decode/offline.json,llama-batched-bench,batched,8,prefill,1,1.795444,1024,570.332458
main,primary,llama31_8b,llama_cpp_int8,llama_cpp,int8,q8_0,llamacpp-q8_0,decode,128,512,cresco8-hbm03,5296952,data/raw/offline/main/llama31_8b/llamacpp-q8_0/decode/offline.json,llama-batched-bench,batched,8,prefill,2,1.79796,1024,569.534363
main,primary,llama31_8b,llama_cpp_int8,llama_cpp,int8,q8_0,llamacpp-q8_0,decode,128,512,cresco8-hbm03,5296952,data/raw/offline/main/llama31_8b/llamacpp-q8_0/decode/offline.json,llama-batched-bench,batched,8,prefill,3,1.798321,1024,569.420044
main,primary,llama31_8b,llama_cpp_int8,llama_cpp,int8,q8_0,llamacpp-q8_0,decode,128,512,cresco8-hbm03,5296952,data/raw/offline/main/llama31_8b/llamacpp-q8_0/decode/offline.json,llama-batched-bench,batched,8,total,1,29.261917,5120,174.971451
main,primary,llama31_8b,llama_cpp_int8,llama_cpp,int8,q8_0,llamacpp-q8_0,decode,128,512,cresco8-hbm03,5296952,data/raw/offline/main/llama31_8b/llamacpp-q8_0/decode/offline.json,llama-batched-bench,batched,8,total,2,29.334448,5120,174.538818
main,primary,llama31_8b,llama_cpp_int8,llama_cpp,int8,q8_0,llamacpp-q8_0,decode,128,512,cresco8-hbm03,5296952,data/raw/offline/main/llama31_8b/llamacpp-q8_0/decode/offline.json,llama-batched-bench,batched,8,total,3,29.323706,5120,174.602768
main,primary,llama31_8b,llama_cpp_int8,llama_cpp,int8,q8_0,llamacpp-q8_0,decode,128,512,cresco8-hbm03,5296952,data/raw/offline/main/llama31_8b/llamacpp-q8_0/decode/offline.json,llama-batched-bench,batched,32,decode,1,53.695648,16384,305.127136
main,primary,llama31_8b,llama_cpp_int8,llama_cpp,int8,q8_0,llamacpp-q8_0,decode,128,512,cresco8-hbm03,5296952,data/raw/offline/main/llama31_8b/llamacpp-q8_0/decode/offline.json,llama-batched-bench,batched,32,decode,2,53.84972,16384,304.25415
main,primary,llama31_8b,llama_cpp_int8,llama_cpp,int8,q8_0,llamacpp-q8_0,decode,128,512,cresco8-hbm03,5296952,data/raw/offline/main/llama31_8b/llamacpp-q8_0/decode/offline.json,llama-batched-bench,batched,32,decode,3,53.503788,16384,306.221313
main,primary,llama31_8b,llama_cpp_int8,llama_cpp,int8,q8_0,llamacpp-q8_0,decode,128,512,cresco8-hbm03,5296952,data/raw/offline/main/llama31_8b/llamacpp-q8_0/decode/offline.json,llama-batched-bench,batched,32,prefill,1,6.42032,4096,637.974426
main,primary,llama31_8b,llama_cpp_int8,llama_cpp,int8,q8_0,llamacpp-q8_0,decode,128,512,cresco8-hbm03,5296952,data/raw/offline/main/llama31_8b/llamacpp-q8_0/decode/offline.json,llama-batched-bench,batched,32,prefill,2,6.452541,4096,634.788696
main,primary,llama31_8b,llama_cpp_int8,llama_cpp,int8,q8_0,llamacpp-q8_0,decode,128,512,cresco8-hbm03,5296952,data/raw/offline/main/llama31_8b/llamacpp-q8_0/decode/offline.json,llama-batched-bench,batched,32,prefill,3,6.398772,4096,640.122864
main,primary,llama31_8b,llama_cpp_int8,llama_cpp,int8,q8_0,llamacpp-q8_0,decode,128,512,cresco8-hbm03,5296952,data/raw/offline/main/llama31_8b/llamacpp-q8_0/decode/offline.json,llama-batched-bench,batched,32,total,1,60.115967,20480,340.674896
main,primary,llama31_8b,llama_cpp_int8,llama_cpp,int8,q8_0,llamacpp-q8_0,decode,128,512,cresco8-hbm03,5296952,data/raw/offline/main/llama31_8b/llamacpp-q8_0/decode/offline.json,llama-batched-bench,batched,32,total,2,60.302261,20480,339.622406
main,primary,llama31_8b,llama_cpp_int8,llama_cpp,int8,q8_0,llamacpp-q8_0,decode,128,512,cresco8-hbm03,5296952,data/raw/offline/main/llama31_8b/llamacpp-q8_0/decode/offline.json,llama-batched-bench,batched,32,total,3,59.902561,20480,341.88855
main,primary,llama31_8b,llama_cpp_int8,llama_cpp,int8,q8_0,llamacpp-q8_0,prefill,4096,128,cresco8-hbm03,5296952,data/raw/offline/main/llama31_8b/llamacpp-q8_0/prefill/offline.json,llama-bench,batch1,1,decode,0,4.822364971,128,26.542993068701104
main,primary,llama31_8b,llama_cpp_int8,llama_cpp,int8,q8_0,llamacpp-q8_0,prefill,4096,128,cresco8-hbm03,5296952,data/raw/offline/main/llama31_8b/llamacpp-q8_0/prefill/offline.json,llama-bench,batch1,1,decode,1,4.840645327,128,26.442755325626855
main,primary,llama31_8b,llama_cpp_int8,llama_cpp,int8,q8_0,llamacpp-q8_0,prefill,4096,128,cresco8-hbm03,5296952,data/raw/offline/main/llama31_8b/llamacpp-q8_0/prefill/offline.json,llama-bench,batch1,1,decode,2,4.836143643,128,26.467369344016817
main,primary,llama31_8b,llama_cpp_int8,llama_cpp,int8,q8_0,llamacpp-q8_0,prefill,4096,128,cresco8-hbm03,5296952,data/raw/offline/main/llama31_8b/llamacpp-q8_0/prefill/offline.json,llama-bench,batch1,1,prefill,0,9.082192371,4096,450.9924292155252
main,primary,llama31_8b,llama_cpp_int8,llama_cpp,int8,q8_0,llamacpp-q8_0,prefill,4096,128,cresco8-hbm03,5296952,data/raw/offline/main/llama31_8b/llamacpp-q8_0/prefill/offline.json,llama-bench,batch1,1,prefill,1,9.07082455,4096,451.5576260374257
main,primary,llama31_8b,llama_cpp_int8,llama_cpp,int8,q8_0,llamacpp-q8_0,prefill,4096,128,cresco8-hbm03,5296952,data/raw/offline/main/llama31_8b/llamacpp-q8_0/prefill/offline.json,llama-bench,batch1,1,prefill,2,9.103903496,4096,449.9168957359519
main,primary,llama31_8b,llama_cpp_int8,llama_cpp,int8,q8_0,llamacpp-q8_0,prefill,4096,128,cresco8-hbm03,5296952,data/raw/offline/main/llama31_8b/llamacpp-q8_0/prefill/offline.json,llama-bench,batch1,1,total,0,13.664421168,4224,309.1239612763083
main,primary,llama31_8b,llama_cpp_int8,llama_cpp,int8,q8_0,llamacpp-q8_0,prefill,4096,128,cresco8-hbm03,5296952,data/raw/offline/main/llama31_8b/llamacpp-q8_0/prefill/offline.json,llama-bench,batch1,1,total,1,13.678292142,4224,308.8104827816888
main,primary,llama31_8b,llama_cpp_int8,llama_cpp,int8,q8_0,llamacpp-q8_0,prefill,4096,128,cresco8-hbm03,5296952,data/raw/offline/main/llama31_8b/llamacpp-q8_0/prefill/offline.json,llama-bench,batch1,1,total,2,13.664008744,4224,309.13329163777064
main,primary,llama31_8b,llama_cpp_int8,llama_cpp,int8,q8_0,llamacpp-q8_0,prefill,4096,128,cresco8-hbm03,5296952,data/raw/offline/main/llama31_8b/llamacpp-q8_0/prefill/offline.json,llama-batched-bench,batched,8,decode,1,20.908424,1024,48.975475
main,primary,llama31_8b,llama_cpp_int8,llama_cpp,int8,q8_0,llamacpp-q8_0,prefill,4096,128,cresco8-hbm03,5296952,data/raw/offline/main/llama31_8b/llamacpp-q8_0/prefill/offline.json,llama-batched-bench,batched,8,decode,2,20.845592,1024,49.123093
main,primary,llama31_8b,llama_cpp_int8,llama_cpp,int8,q8_0,llamacpp-q8_0,prefill,4096,128,cresco8-hbm03,5296952,data/raw/offline/main/llama31_8b/llamacpp-q8_0/prefill/offline.json,llama-batched-bench,batched,8,decode,3,20.967592,1024,48.837273
main,primary,llama31_8b,llama_cpp_int8,llama_cpp,int8,q8_0,llamacpp-q8_0,prefill,4096,128,cresco8-hbm03,5296952,data/raw/offline/main/llama31_8b/llamacpp-q8_0/prefill/offline.json,llama-batched-bench,batched,8,prefill,1,72.480171,32768,452.096069
main,primary,llama31_8b,llama_cpp_int8,llama_cpp,int8,q8_0,llamacpp-q8_0,prefill,4096,128,cresco8-hbm03,5296952,data/raw/offline/main/llama31_8b/llamacpp-q8_0/prefill/offline.json,llama-batched-bench,batched,8,prefill,2,71.851143,32768,456.053986
main,primary,llama31_8b,llama_cpp_int8,llama_cpp,int8,q8_0,llamacpp-q8_0,prefill,4096,128,cresco8-hbm03,5296952,data/raw/offline/main/llama31_8b/llamacpp-q8_0/prefill/offline.json,llama-batched-bench,batched,8,prefill,3,72.287476,32768,453.301208
main,primary,llama31_8b,llama_cpp_int8,llama_cpp,int8,q8_0,llamacpp-q8_0,prefill,4096,128,cresco8-hbm03,5296952,data/raw/offline/main/llama31_8b/llamacpp-q8_0/prefill/offline.json,llama-batched-bench,batched,8,total,1,93.388596,33792,361.842896
main,primary,llama31_8b,llama_cpp_int8,llama_cpp,int8,q8_0,llamacpp-q8_0,prefill,4096,128,cresco8-hbm03,5296952,data/raw/offline/main/llama31_8b/llamacpp-q8_0/prefill/offline.json,llama-batched-bench,batched,8,total,2,92.696732,33792,364.54361
main,primary,llama31_8b,llama_cpp_int8,llama_cpp,int8,q8_0,llamacpp-q8_0,prefill,4096,128,cresco8-hbm03,5296952,data/raw/offline/main/llama31_8b/llamacpp-q8_0/prefill/offline.json,llama-batched-bench,batched,8,total,3,93.255066,33792,362.361023
main,primary,llama31_8b,llama_cpp_int8,llama_cpp,int8,q8_0,llamacpp-q8_0,prefill,4096,128,cresco8-hbm03,5296952,data/raw/offline/main/llama31_8b/llamacpp-q8_0/prefill/offline.json,llama-batched-bench,batched,32,decode,1,64.406471,4096,63.596092
main,primary,llama31_8b,llama_cpp_int8,llama_cpp,int8,q8_0,llamacpp-q8_0,prefill,4096,128,cresco8-hbm03,5296952,data/raw/offline/main/llama31_8b/llamacpp-q8_0/prefill/offline.json,llama-batched-bench,batched,32,decode,2,64.363892,4096,63.638165
main,primary,llama31_8b,llama_cpp_int8,llama_cpp,int8,q8_0,llamacpp-q8_0,prefill,4096,128,cresco8-hbm03,5296952,data/raw/offline/main/llama31_8b/llamacpp-q8_0/prefill/offline.json,llama-batched-bench,batched,32,decode,3,64.509628,4096,63.494396
main,primary,llama31_8b,llama_cpp_int8,llama_cpp,int8,q8_0,llamacpp-q8_0,prefill,4096,128,cresco8-hbm03,5296952,data/raw/offline/main/llama31_8b/llamacpp-q8_0/prefill/offline.json,llama-batched-bench,batched,32,prefill,1,286.332062,131072,457.762207
main,primary,llama31_8b,llama_cpp_int8,llama_cpp,int8,q8_0,llamacpp-q8_0,prefill,4096,128,cresco8-hbm03,5296952,data/raw/offline/main/llama31_8b/llamacpp-q8_0/prefill/offline.json,llama-batched-bench,batched,32,prefill,2,287.255005,131072,456.291443
main,primary,llama31_8b,llama_cpp_int8,llama_cpp,int8,q8_0,llamacpp-q8_0,prefill,4096,128,cresco8-hbm03,5296952,data/raw/offline/main/llama31_8b/llamacpp-q8_0/prefill/offline.json,llama-batched-bench,batched,32,prefill,3,288.072937,131072,454.99588
main,primary,llama31_8b,llama_cpp_int8,llama_cpp,int8,q8_0,llamacpp-q8_0,prefill,4096,128,cresco8-hbm03,5296952,data/raw/offline/main/llama31_8b/llamacpp-q8_0/prefill/offline.json,llama-batched-bench,batched,32,total,1,350.738525,135168,385.381104
main,primary,llama31_8b,llama_cpp_int8,llama_cpp,int8,q8_0,llamacpp-q8_0,prefill,4096,128,cresco8-hbm03,5296952,data/raw/offline/main/llama31_8b/llamacpp-q8_0/prefill/offline.json,llama-batched-bench,batched,32,total,2,351.618896,135168,384.416199
main,primary,llama31_8b,llama_cpp_int8,llama_cpp,int8,q8_0,llamacpp-q8_0,prefill,4096,128,cresco8-hbm03,5296952,data/raw/offline/main/llama31_8b/llamacpp-q8_0/prefill/offline.json,llama-batched-bench,batched,32,total,3,352.582581,135168,383.365509
main,primary,llama31_8b,vllm_bf16,vllm,bf16,none,vllm-bf16,balanced,512,512,cresco8-hbm01,5296950,data/raw/offline/main/llama31_8b/vllm-bf16/balanced/offline.json,vllm-bench-latency,batch1,1,decode,0,27.787006014958024,511,18.38989057421025
main,primary,llama31_8b,vllm_bf16,vllm,bf16,none,vllm-bf16,balanced,512,512,cresco8-hbm01,5296950,data/raw/offline/main/llama31_8b/vllm-bf16/balanced/offline.json,vllm-bench-latency,batch1,1,decode,1,27.79950989037752,511,18.3816190290778
main,primary,llama31_8b,vllm_bf16,vllm,bf16,none,vllm-bf16,balanced,512,512,cresco8-hbm01,5296950,data/raw/offline/main/llama31_8b/vllm-bf16/balanced/offline.json,vllm-bench-latency,batch1,1,decode,2,27.779767518863082,511,18.394682376410085
main,primary,llama31_8b,vllm_bf16,vllm,bf16,none,vllm-bf16,balanced,512,512,cresco8-hbm01,5296950,data/raw/offline/main/llama31_8b/vllm-bf16/balanced/offline.json,vllm-bench-latency,batch1,1,prefill,0,0.3978723334148526,512,1286.8449424608496
main,primary,llama31_8b,vllm_bf16,vllm,bf16,none,vllm-bf16,balanced,512,512,cresco8-hbm01,5296950,data/raw/offline/main/llama31_8b/vllm-bf16/balanced/offline.json,vllm-bench-latency,batch1,1,prefill,1,0.3960077567026019,512,1292.9039680010792
main,primary,llama31_8b,vllm_bf16,vllm,bf16,none,vllm-bf16,balanced,512,512,cresco8-hbm01,5296950,data/raw/offline/main/llama31_8b/vllm-bf16/balanced/offline.json,vllm-bench-latency,batch1,1,prefill,2,0.4223787495866418,512,1212.182195484658
main,primary,llama31_8b,vllm_bf16,vllm,bf16,none,vllm-bf16,balanced,512,512,cresco8-hbm01,5296950,data/raw/offline/main/llama31_8b/vllm-bf16/balanced/offline.json,vllm-bench-latency,batch1,1,prefill,3,0.4179864702746272,512,1224.9200306976531
main,primary,llama31_8b,vllm_bf16,vllm,bf16,none,vllm-bf16,balanced,512,512,cresco8-hbm01,5296950,data/raw/offline/main/llama31_8b/vllm-bf16/balanced/offline.json,vllm-bench-latency,batch1,1,prefill,4,0.4155289027839899,512,1232.1645896823693
main,primary,llama31_8b,vllm_bf16,vllm,bf16,none,vllm-bf16,balanced,512,512,cresco8-hbm01,5296950,data/raw/offline/main/llama31_8b/vllm-bf16/balanced/offline.json,vllm-bench-latency,batch1,1,prefill,5,0.41948726400732994,512,1220.5376513911363
main,primary,llama31_8b,vllm_bf16,vllm,bf16,none,vllm-bf16,balanced,512,512,cresco8-hbm01,5296950,data/raw/offline/main/llama31_8b/vllm-bf16/balanced/offline.json,vllm-bench-latency,batch1,1,prefill,6,0.4140905272215605,512,1236.4446089491266
main,primary,llama31_8b,vllm_bf16,vllm,bf16,none,vllm-bf16,balanced,512,512,cresco8-hbm01,5296950,data/raw/offline/main/llama31_8b/vllm-bf16/balanced/offline.json,vllm-bench-latency,batch1,1,prefill,7,0.41910617519170046,512,1221.647473377861
main,primary,llama31_8b,vllm_bf16,vllm,bf16,none,vllm-bf16,balanced,512,512,cresco8-hbm01,5296950,data/raw/offline/main/llama31_8b/vllm-bf16/balanced/offline.json,vllm-bench-latency,batch1,1,prefill,8,0.4207374323159456,512,1216.910977427657
main,primary,llama31_8b,vllm_bf16,vllm,bf16,none,vllm-bf16,balanced,512,512,cresco8-hbm01,5296950,data/raw/offline/main/llama31_8b/vllm-bf16/balanced/offline.json,vllm-bench-latency,batch1,1,prefill,9,0.420580736361444,512,1217.364362498978
main,primary,llama31_8b,vllm_bf16,vllm,bf16,none,vllm-bf16,balanced,512,512,cresco8-hbm01,5296950,data/raw/offline/main/llama31_8b/vllm-bf16/balanced/offline.json,vllm-bench-latency,batch1,1,total,0,28.205552337691188,1024,36.30490861303308
main,primary,llama31_8b,vllm_bf16,vllm,bf16,none,vllm-bf16,balanced,512,512,cresco8-hbm01,5296950,data/raw/offline/main/llama31_8b/vllm-bf16/balanced/offline.json,vllm-bench-latency,batch1,1,total,1,28.218056213110685,1024,36.288821323002
main,primary,llama31_8b,vllm_bf16,vllm,bf16,none,vllm-bf16,balanced,512,512,cresco8-hbm01,5296950,data/raw/offline/main/llama31_8b/vllm-bf16/balanced/offline.json,vllm-bench-latency,batch1,1,total,2,28.198313841596246,1024,36.3142280688239
main,primary,llama31_8b,vllm_bf16,vllm,bf16,none,vllm-bf16,balanced,512,512,cresco8-hbm01,5296950,data/raw/offline/main/llama31_8b/vllm-bf16/balanced/offline.json,vllm-bench-latency,batched,8,decode,0,29.874374105595052,4088,136.83968693537832
main,primary,llama31_8b,vllm_bf16,vllm,bf16,none,vllm-bf16,balanced,512,512,cresco8-hbm01,5296950,data/raw/offline/main/llama31_8b/vllm-bf16/balanced/offline.json,vllm-bench-latency,batched,8,decode,1,29.396000498905778,4088,139.06653730503814
main,primary,llama31_8b,vllm_bf16,vllm,bf16,none,vllm-bf16,balanced,512,512,cresco8-hbm01,5296950,data/raw/offline/main/llama31_8b/vllm-bf16/balanced/offline.json,vllm-bench-latency,batched,8,decode,2,29.350579818710685,4088,139.28174588884758
main,primary,llama31_8b,vllm_bf16,vllm,bf16,none,vllm-bf16,balanced,512,512,cresco8-hbm01,5296950,data/raw/offline/main/llama31_8b/vllm-bf16/balanced/offline.json,vllm-bench-latency,batched,8,prefill,0,3.575660596601665,4096,1145.5225934734603
main,primary,llama31_8b,vllm_bf16,vllm,bf16,none,vllm-bf16,balanced,512,512,cresco8-hbm01,5296950,data/raw/offline/main/llama31_8b/vllm-bf16/balanced/offline.json,vllm-bench-latency,batched,8,prefill,1,3.0672851549461484,4096,1335.3828526164248
main,primary,llama31_8b,vllm_bf16,vllm,bf16,none,vllm-bf16,balanced,512,512,cresco8-hbm01,5296950,data/raw/offline/main/llama31_8b/vllm-bf16/balanced/offline.json,vllm-bench-latency,batched,8,prefill,2,3.0522695733234286,4096,1341.9522429469155
main,primary,llama31_8b,vllm_bf16,vllm,bf16,none,vllm-bf16,balanced,512,512,cresco8-hbm01,5296950,data/raw/offline/main/llama31_8b/vllm-bf16/balanced/offline.json,vllm-bench-latency,batched,8,prefill,3,3.046202256344259,4096,1344.6250955494995
main,primary,llama31_8b,vllm_bf16,vllm,bf16,none,vllm-bf16,balanced,512,512,cresco8-hbm01,5296950,data/raw/offline/main/llama31_8b/vllm-bf16/balanced/offline.json,vllm-bench-latency,batched,8,prefill,4,3.058987786062062,4096,1339.005019458714
main,primary,llama31_8b,vllm_bf16,vllm,bf16,none,vllm-bf16,balanced,512,512,cresco8-hbm01,5296950,data/raw/offline/main/llama31_8b/vllm-bf16/balanced/offline.json,vllm-bench-latency,batched,8,prefill,5,3.0500501776114106,4096,1342.9287262440073
main,primary,llama31_8b,vllm_bf16,vllm,bf16,none,vllm-bf16,balanced,512,512,cresco8-hbm01,5296950,data/raw/offline/main/llama31_8b/vllm-bf16/balanced/offline.json,vllm-bench-latency,batched,8,prefill,6,3.054032198153436,4096,1341.1777395394097
main,primary,llama31_8b,vllm_bf16,vllm,bf16,none,vllm-bf16,balanced,512,512,cresco8-hbm01,5296950,data/raw/offline/main/llama31_8b/vllm-bf16/balanced/offline.json,vllm-bench-latency,batched,8,prefill,7,3.060687880963087,4096,1338.2612534510176
main,primary,llama31_8b,vllm_bf16,vllm,bf16,none,vllm-bf16,balanced,512,512,cresco8-hbm01,5296950,data/raw/offline/main/llama31_8b/vllm-bf16/balanced/offline.json,vllm-bench-latency,batched,8,prefill,8,3.050397390499711,4096,1342.7758667630515
main,primary,llama31_8b,vllm_bf16,vllm,bf16,none,vllm-bf16,balanced,512,512,cresco8-hbm01,5296950,data/raw/offline/main/llama31_8b/vllm-bf16/balanced/offline.json,vllm-bench-latency,batched,8,prefill,9,3.0607975041493773,4096,1338.2133233078137
main,primary,llama31_8b,vllm_bf16,vllm,bf16,none,vllm-bf16,balanced,512,512,cresco8-hbm01,5296950,data/raw/offline/main/llama31_8b/vllm-bf16/balanced/offline.json,vllm-bench-latency,batched,8,total,0,32.9308840977028,8192,248.76343968461688
main,primary,llama31_8b,vllm_bf16,vllm,bf16,none,vllm-bf16,balanced,512,512,cresco8-hbm01,5296950,data/raw/offline/main/llama31_8b/vllm-bf16/balanced/offline.json,vllm-bench-latency,batched,8,total,1,32.45251049101353,8192,252.43039370616518
main,primary,llama31_8b,vllm_bf16,vllm,bf16,none,vllm-bf16,balanced,512,512,cresco8-hbm01,5296950,data/raw/offline/main/llama31_8b/vllm-bf16/balanced/offline.json,vllm-bench-latency,batched,8,total,2,32.407089810818434,8192,252.78419160196455
main,primary,llama31_8b,vllm_bf16,vllm,bf16,none,vllm-bf16,balanced,512,512,cresco8-hbm01,5296950,data/raw/offline/main/llama31_8b/vllm-bf16/balanced/offline.json,vllm-bench-latency,batched,32,decode,0,38.53348883567378,16352,424.35814908255963
main,primary,llama31_8b,vllm_bf16,vllm,bf16,none,vllm-bf16,balanced,512,512,cresco8-hbm01,5296950,data/raw/offline/main/llama31_8b/vllm-bf16/balanced/offline.json,vllm-bench-latency,batched,32,decode,1,39.025351617950946,16352,419.009677608603
main,primary,llama31_8b,vllm_bf16,vllm,bf16,none,vllm-bf16,balanced,512,512,cresco8-hbm01,5296950,data/raw/offline/main/llama31_8b/vllm-bf16/balanced/offline.json,vllm-bench-latency,batched,32,decode,2,38.89622280886397,16352,420.4007180942408
main,primary,llama31_8b,vllm_bf16,vllm,bf16,none,vllm-bf16,balanced,512,512,cresco8-hbm01,5296950,data/raw/offline/main/llama31_8b/vllm-bf16/balanced/offline.json,vllm-bench-latency,batched,32,prefill,0,11.852471598424017,16384,1382.3277165396055
main,primary,llama31_8b,vllm_bf16,vllm,bf16,none,vllm-bf16,balanced,512,512,cresco8-hbm01,5296950,data/raw/offline/main/llama31_8b/vllm-bf16/balanced/offline.json,vllm-bench-latency,batched,32,prefill,1,11.537080529145896,16384,1420.1166368397471
main,primary,llama31_8b,vllm_bf16,vllm,bf16,none,vllm-bf16,balanced,512,512,cresco8-hbm01,5296950,data/raw/offline/main/llama31_8b/vllm-bf16/balanced/offline.json,vllm-bench-latency,batched,32,prefill,2,11.492888833396137,16384,1425.5771753739782
main,primary,llama31_8b,vllm_bf16,vllm,bf16,none,vllm-bf16,balanced,512,512,cresco8-hbm01,5296950,data/raw/offline/main/llama31_8b/vllm-bf16/balanced/offline.json,vllm-bench-latency,batched,32,prefill,3,11.504573265090585,16384,1424.1293112292587
main,primary,llama31_8b,vllm_bf16,vllm,bf16,none,vllm-bf16,balanced,512,512,cresco8-hbm01,5296950,data/raw/offline/main/llama31_8b/vllm-bf16/balanced/offline.json,vllm-bench-latency,batched,32,prefill,4,11.527532232925296,16384,1421.2929245344906
main,primary,llama31_8b,vllm_bf16,vllm,bf16,none,vllm-bf16,balanced,512,512,cresco8-hbm01,5296950,data/raw/offline/main/llama31_8b/vllm-bf16/balanced/offline.json,vllm-bench-latency,batched,32,prefill,5,11.51283052098006,16384,1423.107894287431
main,primary,llama31_8b,vllm_bf16,vllm,bf16,none,vllm-bf16,balanced,512,512,cresco8-hbm01,5296950,data/raw/offline/main/llama31_8b/vllm-bf16/balanced/offline.json,vllm-bench-latency,batched,32,prefill,6,11.493704502470791,16384,1425.476007015662
main,primary,llama31_8b,vllm_bf16,vllm,bf16,none,vllm-bf16,balanced,512,512,cresco8-hbm01,5296950,data/raw/offline/main/llama31_8b/vllm-bf16/balanced/offline.json,vllm-bench-latency,batched,32,prefill,7,11.522121561691165,16384,1421.960349253183
main,primary,llama31_8b,vllm_bf16,vllm,bf16,none,vllm-bf16,balanced,512,512,cresco8-hbm01,5296950,data/raw/offline/main/llama31_8b/vllm-bf16/balanced/offline.json,vllm-bench-latency,batched,32,prefill,8,12.166238163597882,16384,1346.6775662029956
main,primary,llama31_8b,vllm_bf16,vllm,bf16,none,vllm-bf16,balanced,512,512,cresco8-hbm01,5296950,data/raw/offline/main/llama31_8b/vllm-bf16/balanced/offline.json,vllm-bench-latency,batched,32,prefill,9,11.484743583016098,16384,1426.5882282499572
main,primary,llama31_8b,vllm_bf16,vllm,bf16,none,vllm-bf16,balanced,512,512,cresco8-hbm01,5296950,data/raw/offline/main/llama31_8b/vllm-bf16/balanced/offline.json,vllm-bench-latency,batched,32,total,0,50.05096487700939,32768,654.6926733684566
main,primary,llama31_8b,vllm_bf16,vllm,bf16,none,vllm-bf16,balanced,512,512,cresco8-hbm01,5296950,data/raw/offline/main/llama31_8b/vllm-bf16/balanced/offline.json,vllm-bench-latency,batched,32,total,1,50.54282765928656,32768,648.3214635495235
main,primary,llama31_8b,vllm_bf16,vllm,bf16,none,vllm-bf16,balanced,512,512,cresco8-hbm01,5296950,data/raw/offline/main/llama31_8b/vllm-bf16/balanced/offline.json,vllm-bench-latency,batched,32,total,2,50.41369885019958,32768,649.9820633547954
main,primary,llama31_8b,vllm_bf16,vllm,bf16,none,vllm-bf16,balanced,512,512,cresco8-hbm01,5296950,data/raw/offline/main/llama31_8b/vllm-bf16/balanced/offline.json,vllm-bench-throughput,throughput,64,total,0,75.10791345406324,65536,872.5578569038864
main,primary,llama31_8b,vllm_bf16,vllm,bf16,none,vllm-bf16,decode,128,512,cresco8-hbm01,5296950,data/raw/offline/main/llama31_8b/vllm-bf16/decode/offline.json,vllm-bench-latency,batch1,1,decode,0,27.823368478100747,511,18.36585675822101
main,primary,llama31_8b,vllm_bf16,vllm,bf16,none,vllm-bf16,decode,128,512,cresco8-hbm01,5296950,data/raw/offline/main/llama31_8b/vllm-bf16/decode/offline.json,vllm-bench-latency,batch1,1,decode,1,27.835224266629666,511,18.358034234077063
main,primary,llama31_8b,vllm_bf16,vllm,bf16,none,vllm-bf16,decode,128,512,cresco8-hbm01,5296950,data/raw/offline/main/llama31_8b/vllm-bf16/decode/offline.json,vllm-bench-latency,batch1,1,decode,2,27.835633470211178,511,18.35776435793553
main,primary,llama31_8b,vllm_bf16,vllm,bf16,none,vllm-bf16,decode,128,512,cresco8-hbm01,5296950,data/raw/offline/main/llama31_8b/vllm-bf16/decode/offline.json,vllm-bench-latency,batch1,1,prefill,0,0.20863443706184626,128,613.5132905314979
main,primary,llama31_8b,vllm_bf16,vllm,bf16,none,vllm-bf16,decode,128,512,cresco8-hbm01,5296950,data/raw/offline/main/llama31_8b/vllm-bf16/decode/offline.json,vllm-bench-latency,batch1,1,prefill,1,0.13261453807353973,128,965.2033770914256
main,primary,llama31_8b,vllm_bf16,vllm,bf16,none,vllm-bf16,decode,128,512,cresco8-hbm01,5296950,data/raw/offline/main/llama31_8b/vllm-bf16/decode/offline.json,vllm-bench-latency,batch1,1,prefill,2,0.13245784118771553,128,966.345207292047
main,primary,llama31_8b,vllm_bf16,vllm,bf16,none,vllm-bf16,decode,128,512,cresco8-hbm01,5296950,data/raw/offline/main/llama31_8b/vllm-bf16/decode/offline.json,vllm-bench-latency,batch1,1,prefill,3,0.13326208479702473,128,960.5132637310938
main,primary,llama31_8b,vllm_bf16,vllm,bf16,none,vllm-bf16,decode,128,512,cresco8-hbm01,5296950,data/raw/offline/main/llama31_8b/vllm-bf16/decode/offline.json,vllm-bench-latency,batch1,1,prefill,4,0.13272804208099842,128,964.3779716262741
main,primary,llama31_8b,vllm_bf16,vllm,bf16,none,vllm-bf16,decode,128,512,cresco8-hbm01,5296950,data/raw/offline/main/llama31_8b/vllm-bf16/decode/offline.json,vllm-bench-latency,batch1,1,prefill,5,0.1364941969513893,128,937.7688052597986
main,primary,llama31_8b,vllm_bf16,vllm,bf16,none,vllm-bf16,decode,128,512,cresco8-hbm01,5296950,data/raw/offline/main/llama31_8b/vllm-bf16/decode/offline.json,vllm-bench-latency,batch1,1,prefill,6,0.140024003572762,128,914.1289831317109
main,primary,llama31_8b,vllm_bf16,vllm,bf16,none,vllm-bf16,decode,128,512,cresco8-hbm01,5296950,data/raw/offline/main/llama31_8b/vllm-bf16/decode/offline.json,vllm-bench-latency,batch1,1,prefill,7,0.13815815467387438,128,926.4744473617721
main,primary,llama31_8b,vllm_bf16,vllm,bf16,none,vllm-bf16,decode,128,512,cresco8-hbm01,5296950,data/raw/offline/main/llama31_8b/vllm-bf16/decode/offline.json,vllm-bench-latency,batch1,1,prefill,8,0.13545981887727976,128,944.9296556048255
main,primary,llama31_8b,vllm_bf16,vllm,bf16,none,vllm-bf16,decode,128,512,cresco8-hbm01,5296950,data/raw/offline/main/llama31_8b/vllm-bf16/decode/offline.json,vllm-bench-latency,batch1,1,prefill,9,0.14125895872712135,128,906.1372188596229
main,primary,llama31_8b,vllm_bf16,vllm,bf16,none,vllm-bf16,decode,128,512,cresco8-hbm01,5296950,data/raw/offline/main/llama31_8b/vllm-bf16/decode/offline.json,vllm-bench-latency,batch1,1,total,0,27.95934548601508,640,22.890378471846564
main,primary,llama31_8b,vllm_bf16,vllm,bf16,none,vllm-bf16,decode,128,512,cresco8-hbm01,5296950,data/raw/offline/main/llama31_8b/vllm-bf16/decode/offline.json,vllm-bench-latency,batch1,1,total,1,27.971201274544,640,22.88067622545945
main,primary,llama31_8b,vllm_bf16,vllm,bf16,none,vllm-bf16,decode,128,512,cresco8-hbm01,5296950,data/raw/offline/main/llama31_8b/vllm-bf16/decode/offline.json,vllm-bench-latency,batch1,1,total,2,27.971610478125513,640,22.880341498409457
main,primary,llama31_8b,vllm_bf16,vllm,bf16,none,vllm-bf16,decode,128,512,cresco8-hbm01,5296950,data/raw/offline/main/llama31_8b/vllm-bf16/decode/offline.json,vllm-bench-latency,batched,8,decode,0,28.607300692703575,4088,142.90058485114827
main,primary,llama31_8b,vllm_bf16,vllm,bf16,none,vllm-bf16,decode,128,512,cresco8-hbm01,5296950,data/raw/offline/main/llama31_8b/vllm-bf16/decode/offline.json,vllm-bench-latency,batched,8,decode,1,28.695107150357217,4088,142.46331190121066
main,primary,llama31_8b,vllm_bf16,vllm,bf16,none,vllm-bf16,decode,128,512,cresco8-hbm01,5296950,data/raw/offline/main/llama31_8b/vllm-bf16/decode/offline.json,vllm-bench-latency,batched,8,decode,2,28.6104865972884,4088,142.88467223718754
main,primary,llama31_8b,vllm_bf16,vllm,bf16,none,vllm-bf16,decode,128,512,cresco8-hbm01,5296950,data/raw/offline/main/llama31_8b/vllm-bf16/decode/offline.json,vllm-bench-latency,batched,8,prefill,0,0.8446112088859081,1024,1212.3921506449296
main,primary,llama31_8b,vllm_bf16,vllm,bf16,none,vllm-bf16,decode,128,512,cresco8-hbm01,5296950,data/raw/offline/main/llama31_8b/vllm-bf16/decode/offline.json,vllm-bench-latency,batched,8,prefill,1,0.8491598526015878,1024,1205.897802236824
main,primary,llama31_8b,vllm_bf16,vllm,bf16,none,vllm-bf16,decode,128,512,cresco8-hbm01,5296950,data/raw/offline/main/llama31_8b/vllm-bf16/decode/offline.json,vllm-bench-latency,batched,8,prefill,2,0.8871448654681444,1024,1154.2646977499412
main,primary,llama31_8b,vllm_bf16,vllm,bf16,none,vllm-bf16,decode,128,512,cresco8-hbm01,5296950,data/raw/offline/main/llama31_8b/vllm-bf16/decode/offline.json,vllm-bench-latency,batched,8,prefill,3,0.8098687175661325,1024,1264.4024615216501
main,primary,llama31_8b,vllm_bf16,vllm,bf16,none,vllm-bf16,decode,128,512,cresco8-hbm01,5296950,data/raw/offline/main/llama31_8b/vllm-bf16/decode/offline.json,vllm-bench-latency,batched,8,prefill,4,0.9040045337751508,1024,1132.7376818827938
main,primary,llama31_8b,vllm_bf16,vllm,bf16,none,vllm-bf16,decode,128,512,cresco8-hbm01,5296950,data/raw/offline/main/llama31_8b/vllm-bf16/decode/offline.json,vllm-bench-latency,batched,8,prefill,5,0.8412980092689395,1024,1217.166793119863
main,primary,llama31_8b,vllm_bf16,vllm,bf16,none,vllm-bf16,decode,128,512,cresco8-hbm01,5296950,data/raw/offline/main/llama31_8b/vllm-bf16/decode/offline.json,vllm-bench-latency,batched,8,prefill,6,0.7938313875347376,1024,1289.9464748805872
main,primary,llama31_8b,vllm_bf16,vllm,bf16,none,vllm-bf16,decode,128,512,cresco8-hbm01,5296950,data/raw/offline/main/llama31_8b/vllm-bf16/decode/offline.json,vllm-bench-latency,batched,8,prefill,7,0.8032254362478852,1024,1274.8600253291543
main,primary,llama31_8b,vllm_bf16,vllm,bf16,none,vllm-bf16,decode,128,512,cresco8-hbm01,5296950,data/raw/offline/main/llama31_8b/vllm-bf16/decode/offline.json,vllm-bench-latency,batched,8,prefill,8,0.811830559745431,1024,1261.3469494436129
main,primary,llama31_8b,vllm_bf16,vllm,bf16,none,vllm-bf16,decode,128,512,cresco8-hbm01,5296950,data/raw/offline/main/llama31_8b/vllm-bf16/decode/offline.json,vllm-bench-latency,batched,8,prefill,9,0.8113054223358631,1024,1262.1633873119683
main,primary,llama31_8b,vllm_bf16,vllm,bf16,none,vllm-bf16,decode,128,512,cresco8-hbm01,5296950,data/raw/offline/main/llama31_8b/vllm-bf16/decode/offline.json,vllm-bench-latency,batched,8,total,0,29.43386497721076,5120,173.9492928966064
main,primary,llama31_8b,vllm_bf16,vllm,bf16,none,vllm-bf16,decode,128,512,cresco8-hbm01,5296950,data/raw/offline/main/llama31_8b/vllm-bf16/decode/offline.json,vllm-bench-latency,batched,8,total,1,29.521671434864402,5120,173.43191462910872
main,primary,llama31_8b,vllm_bf16,vllm,bf16,none,vllm-bf16,decode,128,512,cresco8-hbm01,5296950,data/raw/offline/main/llama31_8b/vllm-bf16/decode/offline.json,vllm-bench-latency,batched,8,total,2,29.437050881795585,5120,173.93046676310576
main,primary,llama31_8b,vllm_bf16,vllm,bf16,none,vllm-bf16,decode,128,512,cresco8-hbm01,5296950,data/raw/offline/main/llama31_8b/vllm-bf16/decode/offline.json,vllm-bench-latency,batched,32,decode,0,36.26730223139748,16352,450.8744514733626
main,primary,llama31_8b,vllm_bf16,vllm,bf16,none,vllm-bf16,decode,128,512,cresco8-hbm01,5296950,data/raw/offline/main/llama31_8b/vllm-bf16/decode/offline.json,vllm-bench-latency,batched,32,decode,1,36.13370173750445,16352,452.5415114894713
main,primary,llama31_8b,vllm_bf16,vllm,bf16,none,vllm-bf16,decode,128,512,cresco8-hbm01,5296950,data/raw/offline/main/llama31_8b/vllm-bf16/decode/offline.json,vllm-bench-latency,batched,32,decode,2,35.9342324254103,16352,455.0535491176083
main,primary,llama31_8b,vllm_bf16,vllm,bf16,none,vllm-bf16,decode,128,512,cresco8-hbm01,5296950,data/raw/offline/main/llama31_8b/vllm-bf16/decode/offline.json,vllm-bench-latency,batched,32,prefill,0,3.035580881871283,4096,1349.329884260907
main,primary,llama31_8b,vllm_bf16,vllm,bf16,none,vllm-bf16,decode,128,512,cresco8-hbm01,5296950,data/raw/offline/main/llama31_8b/vllm-bf16/decode/offline.json,vllm-bench-latency,batched,32,prefill,1,3.103949154727161,4096,1319.6092448105971
main,primary,llama31_8b,vllm_bf16,vllm,bf16,none,vllm-bf16,decode,128,512,cresco8-hbm01,5296950,data/raw/offline/main/llama31_8b/vllm-bf16/decode/offline.json,vllm-bench-latency,batched,32,prefill,2,3.058730049058795,4096,1339.1178477029657
main,primary,llama31_8b,vllm_bf16,vllm,bf16,none,vllm-bf16,decode,128,512,cresco8-hbm01,5296950,data/raw/offline/main/llama31_8b/vllm-bf16/decode/offline.json,vllm-bench-latency,batched,32,prefill,3,3.1428642300888896,4096,1303.269788362494
main,primary,llama31_8b,vllm_bf16,vllm,bf16,none,vllm-bf16,decode,128,512,cresco8-hbm01,5296950,data/raw/offline/main/llama31_8b/vllm-bf16/decode/offline.json,vllm-bench-latency,batched,32,prefill,4,3.0457512084394693,4096,1344.8242222314145
main,primary,llama31_8b,vllm_bf16,vllm,bf16,none,vllm-bf16,decode,128,512,cresco8-hbm01,5296950,data/raw/offline/main/llama31_8b/vllm-bf16/decode/offline.json,vllm-bench-latency,batched,32,prefill,5,3.388164736330509,4096,1208.9140637347223
main,primary,llama31_8b,vllm_bf16,vllm,bf16,none,vllm-bf16,decode,128,512,cresco8-hbm01,5296950,data/raw/offline/main/llama31_8b/vllm-bf16/decode/offline.json,vllm-bench-latency,batched,32,prefill,6,3.4468690743669868,4096,1188.3247990068278
main,primary,llama31_8b,vllm_bf16,vllm,bf16,none,vllm-bf16,decode,128,512,cresco8-hbm01,5296950,data/raw/offline/main/llama31_8b/vllm-bf16/decode/offline.json,vllm-bench-latency,batched,32,prefill,7,3.019537271000445,4096,1356.4992356073476
main,primary,llama31_8b,vllm_bf16,vllm,bf16,none,vllm-bf16,decode,128,512,cresco8-hbm01,5296950,data/raw/offline/main/llama31_8b/vllm-bf16/decode/offline.json,vllm-bench-latency,batched,32,prefill,8,3.209683551453054,4096,1276.1382654516524
main,primary,llama31_8b,vllm_bf16,vllm,bf16,none,vllm-bf16,decode,128,512,cresco8-hbm01,5296950,data/raw/offline/main/llama31_8b/vllm-bf16/decode/offline.json,vllm-bench-latency,batched,32,prefill,9,3.039741547778249,4096,1347.4829802532956
main,primary,llama31_8b,vllm_bf16,vllm,bf16,none,vllm-bf16,decode,128,512,cresco8-hbm01,5296950,data/raw/offline/main/llama31_8b/vllm-bf16/decode/offline.json,vllm-bench-latency,batched,32,total,0,39.34864183329046,20480,520.4753975186288
main,primary,llama31_8b,vllm_bf16,vllm,bf16,none,vllm-bf16,decode,128,512,cresco8-hbm01,5296950,data/raw/offline/main/llama31_8b/vllm-bf16/decode/offline.json,vllm-bench-latency,batched,32,total,1,39.21504133939743,20480,522.2485888195341
main,primary,llama31_8b,vllm_bf16,vllm,bf16,none,vllm-bf16,decode,128,512,cresco8-hbm01,5296950,data/raw/offline/main/llama31_8b/vllm-bf16/decode/offline.json,vllm-bench-latency,batched,32,total,2,39.01557202730328,20480,524.9186141796922
main,primary,llama31_8b,vllm_bf16,vllm,bf16,none,vllm-bf16,decode,128,512,cresco8-hbm01,5296950,data/raw/offline/main/llama31_8b/vllm-bf16/decode/offline.json,vllm-bench-throughput,throughput,64,total,0,53.39269942417741,40960,767.1460788036575
main,primary,llama31_8b,vllm_bf16,vllm,bf16,none,vllm-bf16,prefill,4096,128,cresco8-hbm01,5296950,data/raw/offline/main/llama31_8b/vllm-bf16/prefill/offline.json,vllm-bench-latency,batch1,1,decode,0,7.209623181261122,127,17.615345047448777
main,primary,llama31_8b,vllm_bf16,vllm,bf16,none,vllm-bf16,prefill,4096,128,cresco8-hbm01,5296950,data/raw/offline/main/llama31_8b/vllm-bf16/prefill/offline.json,vllm-bench-latency,batch1,1,decode,1,7.215330155566335,127,17.60141216850966
main,primary,llama31_8b,vllm_bf16,vllm,bf16,none,vllm-bf16,prefill,4096,128,cresco8-hbm01,5296950,data/raw/offline/main/llama31_8b/vllm-bf16/prefill/offline.json,vllm-bench-latency,batch1,1,decode,2,7.203065694309771,127,17.63138160746286
main,primary,llama31_8b,vllm_bf16,vllm,bf16,none,vllm-bf16,prefill,4096,128,cresco8-hbm01,5296950,data/raw/offline/main/llama31_8b/vllm-bf16/prefill/offline.json,vllm-bench-latency,batch1,1,prefill,0,3.163259227760136,4096,1294.8670042765752
main,primary,llama31_8b,vllm_bf16,vllm,bf16,none,vllm-bf16,prefill,4096,128,cresco8-hbm01,5296950,data/raw/offline/main/llama31_8b/vllm-bf16/prefill/offline.json,vllm-bench-latency,batch1,1,prefill,1,3.1762312930077314,4096,1289.5786301888909
main,primary,llama31_8b,vllm_bf16,vllm,bf16,none,vllm-bf16,prefill,4096,128,cresco8-hbm01,5296950,data/raw/offline/main/llama31_8b/vllm-bf16/prefill/offline.json,vllm-bench-latency,batch1,1,prefill,2,3.1768253846094012,4096,1289.337468733307
main,primary,llama31_8b,vllm_bf16,vllm,bf16,none,vllm-bf16,prefill,4096,128,cresco8-hbm01,5296950,data/raw/offline/main/llama31_8b/vllm-bf16/prefill/offline.json,vllm-bench-latency,batch1,1,prefill,3,3.1755876671522856,4096,1289.8400010707612
main,primary,llama31_8b,vllm_bf16,vllm,bf16,none,vllm-bf16,prefill,4096,128,cresco8-hbm01,5296950,data/raw/offline/main/llama31_8b/vllm-bf16/prefill/offline.json,vllm-bench-latency,batch1,1,prefill,4,3.1788546862080693,4096,1288.514387830026
main,primary,llama31_8b,vllm_bf16,vllm,bf16,none,vllm-bf16,prefill,4096,128,cresco8-hbm01,5296950,data/raw/offline/main/llama31_8b/vllm-bf16/prefill/offline.json,vllm-bench-latency,batch1,1,prefill,5,3.1979422606527805,4096,1280.8236253658636
main,primary,llama31_8b,vllm_bf16,vllm,bf16,none,vllm-bf16,prefill,4096,128,cresco8-hbm01,5296950,data/raw/offline/main/llama31_8b/vllm-bf16/prefill/offline.json,vllm-bench-latency,batch1,1,prefill,6,3.1833826741203666,4096,1286.6816274709442
main,primary,llama31_8b,vllm_bf16,vllm,bf16,none,vllm-bf16,prefill,4096,128,cresco8-hbm01,5296950,data/raw/offline/main/llama31_8b/vllm-bf16/prefill/offline.json,vllm-bench-latency,batch1,1,prefill,7,3.192070725373924,4096,1283.1795885475528
main,primary,llama31_8b,vllm_bf16,vllm,bf16,none,vllm-bf16,prefill,4096,128,cresco8-hbm01,5296950,data/raw/offline/main/llama31_8b/vllm-bf16/prefill/offline.json,vllm-bench-latency,batch1,1,prefill,8,3.1989910248667,4096,1280.4037173473089
main,primary,llama31_8b,vllm_bf16,vllm,bf16,none,vllm-bf16,prefill,4096,128,cresco8-hbm01,5296950,data/raw/offline/main/llama31_8b/vllm-bf16/prefill/offline.json,vllm-bench-latency,batch1,1,prefill,9,3.18450182210654,4096,1286.2294414673959
main,primary,llama31_8b,vllm_bf16,vllm,bf16,none,vllm-bf16,prefill,4096,128,cresco8-hbm01,5296950,data/raw/offline/main/llama31_8b/vllm-bf16/prefill/offline.json,vllm-bench-latency,batch1,1,total,0,10.39074186142534,4224,406.5157287451444
main,primary,llama31_8b,vllm_bf16,vllm,bf16,none,vllm-bf16,prefill,4096,128,cresco8-hbm01,5296950,data/raw/offline/main/llama31_8b/vllm-bf16/prefill/offline.json,vllm-bench-latency,batch1,1,total,1,10.396448835730553,4224,406.2925780467405
main,primary,llama31_8b,vllm_bf16,vllm,bf16,none,vllm-bf16,prefill,4096,128,cresco8-hbm01,5296950,data/raw/offline/main/llama31_8b/vllm-bf16/prefill/offline.json,vllm-bench-latency,batch1,1,total,2,10.384184374473989,4224,406.7724385155639
main,primary,llama31_8b,vllm_bf16,vllm,bf16,none,vllm-bf16,prefill,4096,128,cresco8-hbm01,5296950,data/raw/offline/main/llama31_8b/vllm-bf16/prefill/offline.json,vllm-bench-latency,batched,8,decode,0,8.486859314609319,1016,119.71448592897644
main,primary,llama31_8b,vllm_bf16,vllm,bf16,none,vllm-bf16,prefill,4096,128,cresco8-hbm01,5296950,data/raw/offline/main/llama31_8b/vllm-bf16/prefill/offline.json,vllm-bench-latency,batched,8,decode,1,8.710971544962376,1016,116.63452173570246
main,primary,llama31_8b,vllm_bf16,vllm,bf16,none,vllm-bf16,prefill,4096,128,cresco8-hbm01,5296950,data/raw/offline/main/llama31_8b/vllm-bf16/prefill/offline.json,vllm-bench-latency,batched,8,decode,2,8.498559509869665,1016,119.54967177909207
main,primary,llama31_8b,vllm_bf16,vllm,bf16,none,vllm-bf16,prefill,4096,128,cresco8-hbm01,5296950,data/raw/offline/main/llama31_8b/vllm-bf16/prefill/offline.json,vllm-bench-latency,batched,8,prefill,0,24.398646434769034,32768,1343.0253226385669
main,primary,llama31_8b,vllm_bf16,vllm,bf16,none,vllm-bf16,prefill,4096,128,cresco8-hbm01,5296950,data/raw/offline/main/llama31_8b/vllm-bf16/prefill/offline.json,vllm-bench-latency,batched,8,prefill,1,24.42236140370369,32768,1341.7211979768133
main,primary,llama31_8b,vllm_bf16,vllm,bf16,none,vllm-bf16,prefill,4096,128,cresco8-hbm01,5296950,data/raw/offline/main/llama31_8b/vllm-bf16/prefill/offline.json,vllm-bench-latency,batched,8,prefill,2,24.44009229913354,32768,1340.7478007422135
main,primary,llama31_8b,vllm_bf16,vllm,bf16,none,vllm-bf16,prefill,4096,128,cresco8-hbm01,5296950,data/raw/offline/main/llama31_8b/vllm-bf16/prefill/offline.json,vllm-bench-latency,batched,8,prefill,3,24.764370987191796,32768,1323.1912902995882
main,primary,llama31_8b,vllm_bf16,vllm,bf16,none,vllm-bf16,prefill,4096,128,cresco8-hbm01,5296950,data/raw/offline/main/llama31_8b/vllm-bf16/prefill/offline.json,vllm-bench-latency,batched,8,prefill,4,24.595084906555712,32768,1332.2987143364498
main,primary,llama31_8b,vllm_bf16,vllm,bf16,none,vllm-bf16,prefill,4096,128,cresco8-hbm01,5296950,data/raw/offline/main/llama31_8b/vllm-bf16/prefill/offline.json,vllm-bench-latency,batched,8,prefill,5,24.63563644234091,32768,1330.105681527355
main,primary,llama31_8b,vllm_bf16,vllm,bf16,none,vllm-bf16,prefill,4096,128,cresco8-hbm01,5296950,data/raw/offline/main/llama31_8b/vllm-bf16/prefill/offline.json,vllm-bench-latency,batched,8,prefill,6,24.617108279839158,32768,1331.1067907531703
main,primary,llama31_8b,vllm_bf16,vllm,bf16,none,vllm-bf16,prefill,4096,128,cresco8-hbm01,5296950,data/raw/offline/main/llama31_8b/vllm-bf16/prefill/offline.json,vllm-bench-latency,batched,8,prefill,7,24.652330948971212,32768,1329.2049367594373
main,primary,llama31_8b,vllm_bf16,vllm,bf16,none,vllm-bf16,prefill,4096,128,cresco8-hbm01,5296950,data/raw/offline/main/llama31_8b/vllm-bf16/prefill/offline.json,vllm-bench-latency,batched,8,prefill,8,24.654035303741693,32768,1329.1130476732492
main,primary,llama31_8b,vllm_bf16,vllm,bf16,none,vllm-bf16,prefill,4096,128,cresco8-hbm01,5296950,data/raw/offline/main/llama31_8b/vllm-bf16/prefill/offline.json,vllm-bench-latency,batched,8,prefill,9,24.68329311721027,32768,1327.5376119547323
main,primary,llama31_8b,vllm_bf16,vllm,bf16,none,vllm-bf16,prefill,4096,128,cresco8-hbm01,5296950,data/raw/offline/main/llama31_8b/vllm-bf16/prefill/offline.json,vllm-bench-latency,batched,8,total,0,33.11323167569935,33792,1020.4984016947755
main,primary,llama31_8b,vllm_bf16,vllm,bf16,none,vllm-bf16,prefill,4096,128,cresco8-hbm01,5296950,data/raw/offline/main/llama31_8b/vllm-bf16/prefill/offline.json,vllm-bench-latency,batched,8,total,1,33.33734390605241,33792,1013.6380419276608
main,primary,llama31_8b,vllm_bf16,vllm,bf16,none,vllm-bf16,prefill,4096,128,cresco8-hbm01,5296950,data/raw/offline/main/llama31_8b/vllm-bf16/prefill/offline.json,vllm-bench-latency,batched,8,total,2,33.1249318709597,33792,1020.1379472005832
main,primary,llama31_8b,vllm_bf16,vllm,bf16,none,vllm-bf16,prefill,4096,128,cresco8-hbm01,5296950,data/raw/offline/main/llama31_8b/vllm-bf16/prefill/offline.json,vllm-bench-latency,batched,32,decode,0,16.688845817465335,4064,243.5159413928381
main,primary,llama31_8b,vllm_bf16,vllm,bf16,none,vllm-bf16,prefill,4096,128,cresco8-hbm01,5296950,data/raw/offline/main/llama31_8b/vllm-bf16/prefill/offline.json,vllm-bench-latency,batched,32,decode,1,16.78975663660094,4064,242.05234703287218
main,primary,llama31_8b,vllm_bf16,vllm,bf16,none,vllm-bf16,prefill,4096,128,cresco8-hbm01,5296950,data/raw/offline/main/llama31_8b/vllm-bf16/prefill/offline.json,vllm-bench-latency,batched,32,decode,2,16.99600568274036,4064,239.11500595266563
main,primary,llama31_8b,vllm_bf16,vllm,bf16,none,vllm-bf16,prefill,4096,128,cresco8-hbm01,5296950,data/raw/offline/main/llama31_8b/vllm-bf16/prefill/offline.json,vllm-bench-latency,batched,32,prefill,0,96.44816260691732,131072,1358.989082396469
main,primary,llama31_8b,vllm_bf16,vllm,bf16,none,vllm-bf16,prefill,4096,128,cresco8-hbm01,5296950,data/raw/offline/main/llama31_8b/vllm-bf16/prefill/offline.json,vllm-bench-latency,batched,32,prefill,1,96.61569731775671,131072,1356.6325518401104
main,primary,llama31_8b,vllm_bf16,vllm,bf16,none,vllm-bf16,prefill,4096,128,cresco8-hbm01,5296950,data/raw/offline/main/llama31_8b/vllm-bf16/prefill/offline.json,vllm-bench-latency,batched,32,prefill,2,96.59945190418512,131072,1356.8607007212365
main,primary,llama31_8b,vllm_bf16,vllm,bf16,none,vllm-bf16,prefill,4096,128,cresco8-hbm01,5296950,data/raw/offline/main/llama31_8b/vllm-bf16/prefill/offline.json,vllm-bench-latency,batched,32,prefill,3,97.14154576230794,131072,1349.288802967118
main,primary,llama31_8b,vllm_bf16,vllm,bf16,none,vllm-bf16,prefill,4096,128,cresco8-hbm01,5296950,data/raw/offline/main/llama31_8b/vllm-bf16/prefill/offline.json,vllm-bench-latency,batched,32,prefill,4,97.07634436525404,131072,1350.195053769596
main,primary,llama31_8b,vllm_bf16,vllm,bf16,none,vllm-bf16,prefill,4096,128,cresco8-hbm01,5296950,data/raw/offline/main/llama31_8b/vllm-bf16/prefill/offline.json,vllm-bench-latency,batched,32,prefill,5,97.11488530039787,131072,1349.6592164482843
main,primary,llama31_8b,vllm_bf16,vllm,bf16,none,vllm-bf16,prefill,4096,128,cresco8-hbm01,5296950,data/raw/offline/main/llama31_8b/vllm-bf16/prefill/offline.json,vllm-bench-latency,batched,32,prefill,6,97.00144365429878,131072,1351.23762144329
main,primary,llama31_8b,vllm_bf16,vllm,bf16,none,vllm-bf16,prefill,4096,128,cresco8-hbm01,5296950,data/raw/offline/main/llama31_8b/vllm-bf16/prefill/offline.json,vllm-bench-latency,batched,32,prefill,7,97.02773811575025,131072,1350.8714368218734
main,primary,llama31_8b,vllm_bf16,vllm,bf16,none,vllm-bf16,prefill,4096,128,cresco8-hbm01,5296950,data/raw/offline/main/llama31_8b/vllm-bf16/prefill/offline.json,vllm-bench-latency,batched,32,prefill,8,97.05868519842625,131072,1350.4407125651571
main,primary,llama31_8b,vllm_bf16,vllm,bf16,none,vllm-bf16,prefill,4096,128,cresco8-hbm01,5296950,data/raw/offline/main/llama31_8b/vllm-bf16/prefill/offline.json,vllm-bench-latency,batched,32,prefill,9,97.14014492556453,131072,1349.3082607652727
main,primary,llama31_8b,vllm_bf16,vllm,bf16,none,vllm-bf16,prefill,4096,128,cresco8-hbm01,5296950,data/raw/offline/main/llama31_8b/vllm-bf16/prefill/offline.json,vllm-bench-latency,batched,32,total,0,113.73205747455359,135168,1188.477576168377
main,primary,llama31_8b,vllm_bf16,vllm,bf16,none,vllm-bf16,prefill,4096,128,cresco8-hbm01,5296950,data/raw/offline/main/llama31_8b/vllm-bf16/prefill/offline.json,vllm-bench-latency,batched,32,total,1,113.83296829368919,135168,1187.4240127980006
main,primary,llama31_8b,vllm_bf16,vllm,bf16,none,vllm-bf16,prefill,4096,128,cresco8-hbm01,5296950,data/raw/offline/main/llama31_8b/vllm-bf16/prefill/offline.json,vllm-bench-latency,batched,32,total,2,114.03921733982861,135168,1185.276461493147
main,primary,llama31_8b,vllm_bf16,vllm,bf16,none,vllm-bf16,prefill,4096,128,cresco8-hbm01,5296950,data/raw/offline/main/llama31_8b/vllm-bf16/prefill/offline.json,vllm-bench-throughput,throughput,64,total,0,223.37835480459034,270336,1210.2157357031654
main,primary,llama32_1b,llama_cpp_bf16,llama_cpp,bf16,none,llamacpp-bf16,balanced,512,512,cresco8-hbm03,5296954,data/raw/offline/main/llama32_1b/llamacpp-bf16/balanced/offline.json,llama-bench,batch1,1,decode,0,4.437574906,512,115.37833407786086
main,primary,llama32_1b,llama_cpp_bf16,llama_cpp,bf16,none,llamacpp-bf16,balanced,512,512,cresco8-hbm03,5296954,data/raw/offline/main/llama32_1b/llamacpp-bf16/balanced/offline.json,llama-bench,batch1,1,decode,1,4.499417411,512,113.7925098365585
main,primary,llama32_1b,llama_cpp_bf16,llama_cpp,bf16,none,llamacpp-bf16,balanced,512,512,cresco8-hbm03,5296954,data/raw/offline/main/llama32_1b/llamacpp-bf16/balanced/offline.json,llama-bench,batch1,1,decode,2,4.496485411,512,113.8667099302638
main,primary,llama32_1b,llama_cpp_bf16,llama_cpp,bf16,none,llamacpp-bf16,balanced,512,512,cresco8-hbm03,5296954,data/raw/offline/main/llama32_1b/llamacpp-bf16/balanced/offline.json,llama-bench,batch1,1,prefill,0,0.342514795,512,1494.8259388328029
main,primary,llama32_1b,llama_cpp_bf16,llama_cpp,bf16,none,llamacpp-bf16,balanced,512,512,cresco8-hbm03,5296954,data/raw/offline/main/llama32_1b/llamacpp-bf16/balanced/offline.json,llama-bench,batch1,1,prefill,1,0.330747693,512,1548.0077740103843
main,primary,llama32_1b,llama_cpp_bf16,llama_cpp,bf16,none,llamacpp-bf16,balanced,512,512,cresco8-hbm03,5296954,data/raw/offline/main/llama32_1b/llamacpp-bf16/balanced/offline.json,llama-bench,batch1,1,prefill,2,0.3308621,512,1547.472496849896
main,primary,llama32_1b,llama_cpp_bf16,llama_cpp,bf16,none,llamacpp-bf16,balanced,512,512,cresco8-hbm03,5296954,data/raw/offline/main/llama32_1b/llamacpp-bf16/balanced/offline.json,llama-bench,batch1,1,total,0,4.696058782,1024,218.055192137925
main,primary,llama32_1b,llama_cpp_bf16,llama_cpp,bf16,none,llamacpp-bf16,balanced,512,512,cresco8-hbm03,5296954,data/raw/offline/main/llama32_1b/llamacpp-bf16/balanced/offline.json,llama-bench,batch1,1,total,1,4.771589328,1024,214.60354812831451
main,primary,llama32_1b,llama_cpp_bf16,llama_cpp,bf16,none,llamacpp-bf16,balanced,512,512,cresco8-hbm03,5296954,data/raw/offline/main/llama32_1b/llamacpp-bf16/balanced/offline.json,llama-bench,batch1,1,total,2,4.769788577,1024,214.68456797807457
main,primary,llama32_1b,llama_cpp_bf16,llama_cpp,bf16,none,llamacpp-bf16,balanced,512,512,cresco8-hbm03,5296954,data/raw/offline/main/llama32_1b/llamacpp-bf16/balanced/offline.json,llama-batched-bench,batched,8,decode,1,10.023671,4096,408.632721
main,primary,llama32_1b,llama_cpp_bf16,llama_cpp,bf16,none,llamacpp-bf16,balanced,512,512,cresco8-hbm03,5296954,data/raw/offline/main/llama32_1b/llamacpp-bf16/balanced/offline.json,llama-batched-bench,batched,8,decode,2,9.950941,4096,411.619354
main,primary,llama32_1b,llama_cpp_bf16,llama_cpp,bf16,none,llamacpp-bf16,balanced,512,512,cresco8-hbm03,5296954,data/raw/offline/main/llama32_1b/llamacpp-bf16/balanced/offline.json,llama-batched-bench,batched,8,decode,3,10.011325,4096,409.136658
main,primary,llama32_1b,llama_cpp_bf16,llama_cpp,bf16,none,llamacpp-bf16,balanced,512,512,cresco8-hbm03,5296954,data/raw/offline/main/llama32_1b/llamacpp-bf16/balanced/offline.json,llama-batched-bench,batched,8,prefill,1,2.713707,4096,1509.374512
main,primary,llama32_1b,llama_cpp_bf16,llama_cpp,bf16,none,llamacpp-bf16,balanced,512,512,cresco8-hbm03,5296954,data/raw/offline/main/llama32_1b/llamacpp-bf16/balanced/offline.json,llama-batched-bench,batched,8,prefill,2,2.716888,4096,1507.6073
main,primary,llama32_1b,llama_cpp_bf16,llama_cpp,bf16,none,llamacpp-bf16,balanced,512,512,cresco8-hbm03,5296954,data/raw/offline/main/llama32_1b/llamacpp-bf16/balanced/offline.json,llama-batched-bench,batched,8,prefill,3,2.718825,4096,1506.533081
main,primary,llama32_1b,llama_cpp_bf16,llama_cpp,bf16,none,llamacpp-bf16,balanced,512,512,cresco8-hbm03,5296954,data/raw/offline/main/llama32_1b/llamacpp-bf16/balanced/offline.json,llama-batched-bench,batched,8,total,1,12.737378,8192,643.146484
main,primary,llama32_1b,llama_cpp_bf16,llama_cpp,bf16,none,llamacpp-bf16,balanced,512,512,cresco8-hbm03,5296954,data/raw/offline/main/llama32_1b/llamacpp-bf16/balanced/offline.json,llama-batched-bench,batched,8,total,2,12.66783,8192,646.67749
main,primary,llama32_1b,llama_cpp_bf16,llama_cpp,bf16,none,llamacpp-bf16,balanced,512,512,cresco8-hbm03,5296954,data/raw/offline/main/llama32_1b/llamacpp-bf16/balanced/offline.json,llama-batched-bench,batched,8,total,3,12.73015,8192,643.511658
main,primary,llama32_1b,llama_cpp_bf16,llama_cpp,bf16,none,llamacpp-bf16,balanced,512,512,cresco8-hbm03,5296954,data/raw/offline/main/llama32_1b/llamacpp-bf16/balanced/offline.json,llama-batched-bench,batched,32,decode,1,25.237114,16384,649.202576
main,primary,llama32_1b,llama_cpp_bf16,llama_cpp,bf16,none,llamacpp-bf16,balanced,512,512,cresco8-hbm03,5296954,data/raw/offline/main/llama32_1b/llamacpp-bf16/balanced/offline.json,llama-batched-bench,batched,32,decode,2,26.521105,16384,617.772156
main,primary,llama32_1b,llama_cpp_bf16,llama_cpp,bf16,none,llamacpp-bf16,balanced,512,512,cresco8-hbm03,5296954,data/raw/offline/main/llama32_1b/llamacpp-bf16/balanced/offline.json,llama-batched-bench,batched,32,decode,3,25.678528,16384,638.042786
main,primary,llama32_1b,llama_cpp_bf16,llama_cpp,bf16,none,llamacpp-bf16,balanced,512,512,cresco8-hbm03,5296954,data/raw/offline/main/llama32_1b/llamacpp-bf16/balanced/offline.json,llama-batched-bench,batched,32,prefill,1,10.900806,16384,1503.008057
main,primary,llama32_1b,llama_cpp_bf16,llama_cpp,bf16,none,llamacpp-bf16,balanced,512,512,cresco8-hbm03,5296954,data/raw/offline/main/llama32_1b/llamacpp-bf16/balanced/offline.json,llama-batched-bench,batched,32,prefill,2,10.972883,16384,1493.135376
main,primary,llama32_1b,llama_cpp_bf16,llama_cpp,bf16,none,llamacpp-bf16,balanced,512,512,cresco8-hbm03,5296954,data/raw/offline/main/llama32_1b/llamacpp-bf16/balanced/offline.json,llama-batched-bench,batched,32,prefill,3,10.935357,16384,1498.259277
main,primary,llama32_1b,llama_cpp_bf16,llama_cpp,bf16,none,llamacpp-bf16,balanced,512,512,cresco8-hbm03,5296954,data/raw/offline/main/llama32_1b/llamacpp-bf16/balanced/offline.json,llama-batched-bench,batched,32,total,1,36.13792,32768,906.748352
main,primary,llama32_1b,llama_cpp_bf16,llama_cpp,bf16,none,llamacpp-bf16,balanced,512,512,cresco8-hbm03,5296954,data/raw/offline/main/llama32_1b/llamacpp-bf16/balanced/offline.json,llama-batched-bench,batched,32,total,2,37.493988,32768,873.95343
main,primary,llama32_1b,llama_cpp_bf16,llama_cpp,bf16,none,llamacpp-bf16,balanced,512,512,cresco8-hbm03,5296954,data/raw/offline/main/llama32_1b/llamacpp-bf16/balanced/offline.json,llama-batched-bench,batched,32,total,3,36.613884,32768,894.96106
main,primary,llama32_1b,llama_cpp_bf16,llama_cpp,bf16,none,llamacpp-bf16,decode,128,512,cresco8-hbm03,5296954,data/raw/offline/main/llama32_1b/llamacpp-bf16/decode/offline.json,llama-bench,batch1,1,decode,0,4.226131322,512,121.15099153087795
main,primary,llama32_1b,llama_cpp_bf16,llama_cpp,bf16,none,llamacpp-bf16,decode,128,512,cresco8-hbm03,5296954,data/raw/offline/main/llama32_1b/llamacpp-bf16/decode/offline.json,llama-bench,batch1,1,decode,1,4.346793284,512,117.78797990799508
main,primary,llama32_1b,llama_cpp_bf16,llama_cpp,bf16,none,llamacpp-bf16,decode,128,512,cresco8-hbm03,5296954,data/raw/offline/main/llama32_1b/llamacpp-bf16/decode/offline.json,llama-bench,batch1,1,decode,2,4.36620499,512,117.2643064566696
main,primary,llama32_1b,llama_cpp_bf16,llama_cpp,bf16,none,llamacpp-bf16,decode,128,512,cresco8-hbm03,5296954,data/raw/offline/main/llama32_1b/llamacpp-bf16/decode/offline.json,llama-bench,batch1,1,prefill,0,0.10086212,128,1269.0591869375737
main,primary,llama32_1b,llama_cpp_bf16,llama_cpp,bf16,none,llamacpp-bf16,decode,128,512,cresco8-hbm03,5296954,data/raw/offline/main/llama32_1b/llamacpp-bf16/decode/offline.json,llama-bench,batch1,1,prefill,1,0.10039065,128,1275.019137738425
main,primary,llama32_1b,llama_cpp_bf16,llama_cpp,bf16,none,llamacpp-bf16,decode,128,512,cresco8-hbm03,5296954,data/raw/offline/main/llama32_1b/llamacpp-bf16/decode/offline.json,llama-bench,batch1,1,prefill,2,0.103420376,128,1237.6671305082086
main,primary,llama32_1b,llama_cpp_bf16,llama_cpp,bf16,none,llamacpp-bf16,decode,128,512,cresco8-hbm03,5296954,data/raw/offline/main/llama32_1b/llamacpp-bf16/decode/offline.json,llama-bench,batch1,1,total,0,4.357341107,640,146.87856293184163
main,primary,llama32_1b,llama_cpp_bf16,llama_cpp,bf16,none,llamacpp-bf16,decode,128,512,cresco8-hbm03,5296954,data/raw/offline/main/llama32_1b/llamacpp-bf16/decode/offline.json,llama-bench,batch1,1,total,1,4.433520882,640,144.35479543998233
main,primary,llama32_1b,llama_cpp_bf16,llama_cpp,bf16,none,llamacpp-bf16,decode,128,512,cresco8-hbm03,5296954,data/raw/offline/main/llama32_1b/llamacpp-bf16/decode/offline.json,llama-bench,batch1,1,total,2,4.46755237,640,143.25517576417352
main,primary,llama32_1b,llama_cpp_bf16,llama_cpp,bf16,none,llamacpp-bf16,decode,128,512,cresco8-hbm03,5296954,data/raw/offline/main/llama32_1b/llamacpp-bf16/decode/offline.json,llama-batched-bench,batched,8,decode,1,8.825341,4096,464.118042
main,primary,llama32_1b,llama_cpp_bf16,llama_cpp,bf16,none,llamacpp-bf16,decode,128,512,cresco8-hbm03,5296954,data/raw/offline/main/llama32_1b/llamacpp-bf16/decode/offline.json,llama-batched-bench,batched,8,decode,2,8.975594,4096,456.348663
main,primary,llama32_1b,llama_cpp_bf16,llama_cpp,bf16,none,llamacpp-bf16,decode,128,512,cresco8-hbm03,5296954,data/raw/offline/main/llama32_1b/llamacpp-bf16/decode/offline.json,llama-batched-bench,batched,8,decode,3,8.958332,4096,457.227966
main,primary,llama32_1b,llama_cpp_bf16,llama_cpp,bf16,none,llamacpp-bf16,decode,128,512,cresco8-hbm03,5296954,data/raw/offline/main/llama32_1b/llamacpp-bf16/decode/offline.json,llama-batched-bench,batched,8,prefill,1,0.711108,1024,1440.006226
main,primary,llama32_1b,llama_cpp_bf16,llama_cpp,bf16,none,llamacpp-bf16,decode,128,512,cresco8-hbm03,5296954,data/raw/offline/main/llama32_1b/llamacpp-bf16/decode/offline.json,llama-batched-bench,batched,8,prefill,2,0.713176,1024,1435.830688
main,primary,llama32_1b,llama_cpp_bf16,llama_cpp,bf16,none,llamacpp-bf16,decode,128,512,cresco8-hbm03,5296954,data/raw/offline/main/llama32_1b/llamacpp-bf16/decode/offline.json,llama-batched-bench,batched,8,prefill,3,0.712281,1024,1437.634888
main,primary,llama32_1b,llama_cpp_bf16,llama_cpp,bf16,none,llamacpp-bf16,decode,128,512,cresco8-hbm03,5296954,data/raw/offline/main/llama32_1b/llamacpp-bf16/decode/offline.json,llama-batched-bench,batched,8,total,1,9.536449,5120,536.887451
main,primary,llama32_1b,llama_cpp_bf16,llama_cpp,bf16,none,llamacpp-bf16,decode,128,512,cresco8-hbm03,5296954,data/raw/offline/main/llama32_1b/llamacpp-bf16/decode/offline.json,llama-batched-bench,batched,8,total,2,9.688769,5120,528.446899
main,primary,llama32_1b,llama_cpp_bf16,llama_cpp,bf16,none,llamacpp-bf16,decode,128,512,cresco8-hbm03,5296954,data/raw/offline/main/llama32_1b/llamacpp-bf16/decode/offline.json,llama-batched-bench,batched,8,total,3,9.670613,5120,529.439026
main,primary,llama32_1b,llama_cpp_bf16,llama_cpp,bf16,none,llamacpp-bf16,decode,128,512,cresco8-hbm03,5296954,data/raw/offline/main/llama32_1b/llamacpp-bf16/decode/offline.json,llama-batched-bench,batched,32,decode,1,22.330946,16384,733.690369
main,primary,llama32_1b,llama_cpp_bf16,llama_cpp,bf16,none,llamacpp-bf16,decode,128,512,cresco8-hbm03,5296954,data/raw/offline/main/llama32_1b/llamacpp-bf16/decode/offline.json,llama-batched-bench,batched,32,decode,2,22.331553,16384,733.670471
main,primary,llama32_1b,llama_cpp_bf16,llama_cpp,bf16,none,llamacpp-bf16,decode,128,512,cresco8-hbm03,5296954,data/raw/offline/main/llama32_1b/llamacpp-bf16/decode/offline.json,llama-batched-bench,batched,32,decode,3,22.365036,16384,732.572021
main,primary,llama32_1b,llama_cpp_bf16,llama_cpp,bf16,none,llamacpp-bf16,decode,128,512,cresco8-hbm03,5296954,data/raw/offline/main/llama32_1b/llamacpp-bf16/decode/offline.json,llama-batched-bench,batched,32,prefill,1,2.618503,4096,1564.252441
main,primary,llama32_1b,llama_cpp_bf16,llama_cpp,bf16,none,llamacpp-bf16,decode,128,512,cresco8-hbm03,5296954,data/raw/offline/main/llama32_1b/llamacpp-bf16/decode/offline.json,llama-batched-bench,batched,32,prefill,2,2.634416,4096,1554.803711
main,primary,llama32_1b,llama_cpp_bf16,llama_cpp,bf16,none,llamacpp-bf16,decode,128,512,cresco8-hbm03,5296954,data/raw/offline/main/llama32_1b/llamacpp-bf16/decode/offline.json,llama-batched-bench,batched,32,prefill,3,2.61964,4096,1563.573608
main,primary,llama32_1b,llama_cpp_bf16,llama_cpp,bf16,none,llamacpp-bf16,decode,128,512,cresco8-hbm03,5296954,data/raw/offline/main/llama32_1b/llamacpp-bf16/decode/offline.json,llama-batched-bench,batched,32,total,1,24.94945,20480,820.859802
main,primary,llama32_1b,llama_cpp_bf16,llama_cpp,bf16,none,llamacpp-bf16,decode,128,512,cresco8-hbm03,5296954,data/raw/offline/main/llama32_1b/llamacpp-bf16/decode/offline.json,llama-batched-bench,batched,32,total,2,24.965969,20480,820.31665
main,primary,llama32_1b,llama_cpp_bf16,llama_cpp,bf16,none,llamacpp-bf16,decode,128,512,cresco8-hbm03,5296954,data/raw/offline/main/llama32_1b/llamacpp-bf16/decode/offline.json,llama-batched-bench,batched,32,total,3,24.984676,20480,819.702454
main,primary,llama32_1b,llama_cpp_bf16,llama_cpp,bf16,none,llamacpp-bf16,prefill,4096,128,cresco8-hbm03,5296954,data/raw/offline/main/llama32_1b/llamacpp-bf16/prefill/offline.json,llama-bench,batch1,1,decode,0,1.283357272,128,99.73839926938132
main,primary,llama32_1b,llama_cpp_bf16,llama_cpp,bf16,none,llamacpp-bf16,prefill,4096,128,cresco8-hbm03,5296954,data/raw/offline/main/llama32_1b/llamacpp-bf16/prefill/offline.json,llama-bench,batch1,1,decode,1,1.265392039,128,101.15442175624435
main,primary,llama32_1b,llama_cpp_bf16,llama_cpp,bf16,none,llamacpp-bf16,prefill,4096,128,cresco8-hbm03,5296954,data/raw/offline/main/llama32_1b/llamacpp-bf16/prefill/offline.json,llama-bench,batch1,1,decode,2,1.282041927,128,99.84072853180565
main,primary,llama32_1b,llama_cpp_bf16,llama_cpp,bf16,none,llamacpp-bf16,prefill,4096,128,cresco8-hbm03,5296954,data/raw/offline/main/llama32_1b/llamacpp-bf16/prefill/offline.json,llama-bench,batch1,1,prefill,0,3.853132477,4096,1063.031189415292
main,primary,llama32_1b,llama_cpp_bf16,llama_cpp,bf16,none,llamacpp-bf16,prefill,4096,128,cresco8-hbm03,5296954,data/raw/offline/main/llama32_1b/llamacpp-bf16/prefill/offline.json,llama-bench,batch1,1,prefill,1,3.893037343,4096,1052.1347829773438
main,primary,llama32_1b,llama_cpp_bf16,llama_cpp,bf16,none,llamacpp-bf16,prefill,4096,128,cresco8-hbm03,5296954,data/raw/offline/main/llama32_1b/llamacpp-bf16/prefill/offline.json,llama-bench,batch1,1,prefill,2,3.879710698,4096,1055.748822228291
main,primary,llama32_1b,llama_cpp_bf16,llama_cpp,bf16,none,llamacpp-bf16,prefill,4096,128,cresco8-hbm03,5296954,data/raw/offline/main/llama32_1b/llamacpp-bf16/prefill/offline.json,llama-bench,batch1,1,total,0,5.406328756,4224,781.3065373266768
main,primary,llama32_1b,llama_cpp_bf16,llama_cpp,bf16,none,llamacpp-bf16,prefill,4096,128,cresco8-hbm03,5296954,data/raw/offline/main/llama32_1b/llamacpp-bf16/prefill/offline.json,llama-bench,batch1,1,total,1,5.413249274,4224,780.3076832777681
main,primary,llama32_1b,llama_cpp_bf16,llama_cpp,bf16,none,llamacpp-bf16,prefill,4096,128,cresco8-hbm03,5296954,data/raw/offline/main/llama32_1b/llamacpp-bf16/prefill/offline.json,llama-bench,batch1,1,total,2,5.40628005,4224,781.3135762362143
main,primary,llama32_1b,llama_cpp_bf16,llama_cpp,bf16,none,llamacpp-bf16,prefill,4096,128,cresco8-hbm03,5296954,data/raw/offline/main/llama32_1b/llamacpp-bf16/prefill/offline.json,llama-batched-bench,batched,8,decode,1,4.992445,1024,205.109924
main,primary,llama32_1b,llama_cpp_bf16,llama_cpp,bf16,none,llamacpp-bf16,prefill,4096,128,cresco8-hbm03,5296954,data/raw/offline/main/llama32_1b/llamacpp-bf16/prefill/offline.json,llama-batched-bench,batched,8,decode,2,6.470272,1024,158.262283
main,primary,llama32_1b,llama_cpp_bf16,llama_cpp,bf16,none,llamacpp-bf16,prefill,4096,128,cresco8-hbm03,5296954,data/raw/offline/main/llama32_1b/llamacpp-bf16/prefill/offline.json,llama-batched-bench,batched,8,decode,3,4.915946,1024,208.301712
main,primary,llama32_1b,llama_cpp_bf16,llama_cpp,bf16,none,llamacpp-bf16,prefill,4096,128,cresco8-hbm03,5296954,data/raw/offline/main/llama32_1b/llamacpp-bf16/prefill/offline.json,llama-batched-bench,batched,8,prefill,1,29.603477,32768,1106.896973
main,primary,llama32_1b,llama_cpp_bf16,llama_cpp,bf16,none,llamacpp-bf16,prefill,4096,128,cresco8-hbm03,5296954,data/raw/offline/main/llama32_1b/llamacpp-bf16/prefill/offline.json,llama-batched-bench,batched,8,prefill,2,29.372076,32768,1115.617432
main,primary,llama32_1b,llama_cpp_bf16,llama_cpp,bf16,none,llamacpp-bf16,prefill,4096,128,cresco8-hbm03,5296954,data/raw/offline/main/llama32_1b/llamacpp-bf16/prefill/offline.json,llama-batched-bench,batched,8,prefill,3,71.522629,32768,458.148712
main,primary,llama32_1b,llama_cpp_bf16,llama_cpp,bf16,none,llamacpp-bf16,prefill,4096,128,cresco8-hbm03,5296954,data/raw/offline/main/llama32_1b/llamacpp-bf16/prefill/offline.json,llama-batched-bench,batched,8,total,1,34.595924,33792,976.762451
main,primary,llama32_1b,llama_cpp_bf16,llama_cpp,bf16,none,llamacpp-bf16,prefill,4096,128,cresco8-hbm03,5296954,data/raw/offline/main/llama32_1b/llamacpp-bf16/prefill/offline.json,llama-batched-bench,batched,8,total,2,35.842346,33792,942.79541
main,primary,llama32_1b,llama_cpp_bf16,llama_cpp,bf16,none,llamacpp-bf16,prefill,4096,128,cresco8-hbm03,5296954,data/raw/offline/main/llama32_1b/llamacpp-bf16/prefill/offline.json,llama-batched-bench,batched,8,total,3,76.438576,33792,442.080444
main,primary,llama32_1b,llama_cpp_bf16,llama_cpp,bf16,none,llamacpp-bf16,prefill,4096,128,cresco8-hbm03,5296954,data/raw/offline/main/llama32_1b/llamacpp-bf16/prefill/offline.json,llama-batched-bench,batched,32,decode,1,13.512036,4096,303.137146
main,primary,llama32_1b,llama_cpp_bf16,llama_cpp,bf16,none,llamacpp-bf16,prefill,4096,128,cresco8-hbm03,5296954,data/raw/offline/main/llama32_1b/llamacpp-bf16/prefill/offline.json,llama-batched-bench,batched,32,decode,2,13.687051,4096,299.260956
main,primary,llama32_1b,llama_cpp_bf16,llama_cpp,bf16,none,llamacpp-bf16,prefill,4096,128,cresco8-hbm03,5296954,data/raw/offline/main/llama32_1b/llamacpp-bf16/prefill/offline.json,llama-batched-bench,batched,32,decode,3,13.149771,4096,311.488312
main,primary,llama32_1b,llama_cpp_bf16,llama_cpp,bf16,none,llamacpp-bf16,prefill,4096,128,cresco8-hbm03,5296954,data/raw/offline/main/llama32_1b/llamacpp-bf16/prefill/offline.json,llama-batched-bench,batched,32,prefill,1,319.434601,131072,410.324982
main,primary,llama32_1b,llama_cpp_bf16,llama_cpp,bf16,none,llamacpp-bf16,prefill,4096,128,cresco8-hbm03,5296954,data/raw/offline/main/llama32_1b/llamacpp-bf16/prefill/offline.json,llama-batched-bench,batched,32,prefill,2,124.936996,131072,1049.104736
main,primary,llama32_1b,llama_cpp_bf16,llama_cpp,bf16,none,llamacpp-bf16,prefill,4096,128,cresco8-hbm03,5296954,data/raw/offline/main/llama32_1b/llamacpp-bf16/prefill/offline.json,llama-batched-bench,batched,32,prefill,3,202.757599,131072,646.446777
main,primary,llama32_1b,llama_cpp_bf16,llama_cpp,bf16,none,llamacpp-bf16,prefill,4096,128,cresco8-hbm03,5296954,data/raw/offline/main/llama32_1b/llamacpp-bf16/prefill/offline.json,llama-batched-bench,batched,32,total,1,332.946625,135168,405.974976
main,primary,llama32_1b,llama_cpp_bf16,llama_cpp,bf16,none,llamacpp-bf16,prefill,4096,128,cresco8-hbm03,5296954,data/raw/offline/main/llama32_1b/llamacpp-bf16/prefill/offline.json,llama-batched-bench,batched,32,total,2,138.624054,135168,975.068848
main,primary,llama32_1b,llama_cpp_bf16,llama_cpp,bf16,none,llamacpp-bf16,prefill,4096,128,cresco8-hbm03,5296954,data/raw/offline/main/llama32_1b/llamacpp-bf16/prefill/offline.json,llama-batched-bench,batched,32,total,3,215.907364,135168,626.046265
main,primary,llama32_1b,vllm_bf16,vllm,bf16,none,vllm-bf16,balanced,512,512,cresco8-hbm05,5296953,data/raw/offline/main/llama32_1b/vllm-bf16/balanced/offline.json,vllm-bench-latency,batch1,1,decode,0,6.15744105912745,511,82.98902012915282
main,primary,llama32_1b,vllm_bf16,vllm,bf16,none,vllm-bf16,balanced,512,512,cresco8-hbm05,5296953,data/raw/offline/main/llama32_1b/vllm-bf16/balanced/offline.json,vllm-bench-latency,batch1,1,decode,1,6.169144130311906,511,82.8315872033556
main,primary,llama32_1b,vllm_bf16,vllm,bf16,none,vllm-bf16,balanced,512,512,cresco8-hbm05,5296953,data/raw/offline/main/llama32_1b/vllm-bf16/balanced/offline.json,vllm-bench-latency,batch1,1,decode,2,6.171441772021353,511,82.80074881637107
main,primary,llama32_1b,vllm_bf16,vllm,bf16,none,vllm-bf16,balanced,512,512,cresco8-hbm05,5296953,data/raw/offline/main/llama32_1b/vllm-bf16/balanced/offline.json,vllm-bench-latency,batch1,1,prefill,0,0.06253306288272142,512,8187.6686731343725
main,primary,llama32_1b,vllm_bf16,vllm,bf16,none,vllm-bf16,balanced,512,512,cresco8-hbm05,5296953,data/raw/offline/main/llama32_1b/vllm-bf16/balanced/offline.json,vllm-bench-latency,batch1,1,prefill,1,0.05877409875392914,512,8711.320306987642
main,primary,llama32_1b,vllm_bf16,vllm,bf16,none,vllm-bf16,balanced,512,512,cresco8-hbm05,5296953,data/raw/offline/main/llama32_1b/vllm-bf16/balanced/offline.json,vllm-bench-latency,batch1,1,prefill,2,0.05842620600014925,512,8763.190955762078
main,primary,llama32_1b,vllm_bf16,vllm,bf16,none,vllm-bf16,balanced,512,512,cresco8-hbm05,5296953,data/raw/offline/main/llama32_1b/vllm-bf16/balanced/offline.json,vllm-bench-latency,batch1,1,prefill,3,0.05849470663815737,512,8752.928759300954
main,primary,llama32_1b,vllm_bf16,vllm,bf16,none,vllm-bf16,balanced,512,512,cresco8-hbm05,5296953,data/raw/offline/main/llama32_1b/vllm-bf16/balanced/offline.json,vllm-bench-latency,batch1,1,prefill,4,0.05705147981643677,512,8974.350913374392
main,primary,llama32_1b,vllm_bf16,vllm,bf16,none,vllm-bf16,balanced,512,512,cresco8-hbm05,5296953,data/raw/offline/main/llama32_1b/vllm-bf16/balanced/offline.json,vllm-bench-latency,batch1,1,prefill,5,0.05805714521557093,512,8818.89727954935
main,primary,llama32_1b,vllm_bf16,vllm,bf16,none,vllm-bf16,balanced,512,512,cresco8-hbm05,5296953,data/raw/offline/main/llama32_1b/vllm-bf16/balanced/offline.json,vllm-bench-latency,batch1,1,prefill,6,0.05753638781607151,512,8898.716437269706
main,primary,llama32_1b,vllm_bf16,vllm,bf16,none,vllm-bf16,balanced,512,512,cresco8-hbm05,5296953,data/raw/offline/main/llama32_1b/vllm-bf16/balanced/offline.json,vllm-bench-latency,batch1,1,prefill,7,0.05974572245031595,512,8569.651164998046
main,primary,llama32_1b,vllm_bf16,vllm,bf16,none,vllm-bf16,balanced,512,512,cresco8-hbm05,5296953,data/raw/offline/main/llama32_1b/vllm-bf16/balanced/offline.json,vllm-bench-latency,batch1,1,prefill,8,0.057740941643714905,512,8867.191726093562
main,primary,llama32_1b,vllm_bf16,vllm,bf16,none,vllm-bf16,balanced,512,512,cresco8-hbm05,5296953,data/raw/offline/main/llama32_1b/vllm-bf16/balanced/offline.json,vllm-bench-latency,batch1,1,prefill,9,0.05783692095428705,512,8852.47678389852
main,primary,llama32_1b,vllm_bf16,vllm,bf16,none,vllm-bf16,balanced,512,512,cresco8-hbm05,5296953,data/raw/offline/main/llama32_1b/vllm-bf16/balanced/offline.json,vllm-bench-latency,batch1,1,total,0,6.21568273473531,1024,164.7445733157431
main,primary,llama32_1b,vllm_bf16,vllm,bf16,none,vllm-bf16,balanced,512,512,cresco8-hbm05,5296953,data/raw/offline/main/llama32_1b/vllm-bf16/balanced/offline.json,vllm-bench-latency,batch1,1,total,1,6.227385805919766,1024,164.43497029308566
main,primary,llama32_1b,vllm_bf16,vllm,bf16,none,vllm-bf16,balanced,512,512,cresco8-hbm05,5296953,data/raw/offline/main/llama32_1b/vllm-bf16/balanced/offline.json,vllm-bench-latency,batch1,1,total,2,6.229683447629213,1024,164.37432312707583
main,primary,llama32_1b,vllm_bf16,vllm,bf16,none,vllm-bf16,balanced,512,512,cresco8-hbm05,5296953,data/raw/offline/main/llama32_1b/vllm-bf16/balanced/offline.json,vllm-bench-latency,batched,8,decode,0,7.004289443138987,4088,583.6423570422804
main,primary,llama32_1b,vllm_bf16,vllm,bf16,none,vllm-bf16,balanced,512,512,cresco8-hbm05,5296953,data/raw/offline/main/llama32_1b/vllm-bf16/balanced/offline.json,vllm-bench-latency,batched,8,decode,1,6.997706268448383,4088,584.1914254721128
main,primary,llama32_1b,vllm_bf16,vllm,bf16,none,vllm-bf16,balanced,512,512,cresco8-hbm05,5296953,data/raw/offline/main/llama32_1b/vllm-bf16/balanced/offline.json,vllm-bench-latency,batched,8,decode,2,6.994303296785802,4088,584.4756549059891
main,primary,llama32_1b,vllm_bf16,vllm,bf16,none,vllm-bf16,balanced,512,512,cresco8-hbm05,5296953,data/raw/offline/main/llama32_1b/vllm-bf16/balanced/offline.json,vllm-bench-latency,batched,8,prefill,0,0.354249675758183,4096,11562.46647575198
main,primary,llama32_1b,vllm_bf16,vllm,bf16,none,vllm-bf16,balanced,512,512,cresco8-hbm05,5296953,data/raw/offline/main/llama32_1b/vllm-bf16/balanced/offline.json,vllm-bench-latency,batched,8,prefill,1,0.3554931543767452,4096,11522.022153088026
main,primary,llama32_1b,vllm_bf16,vllm,bf16,none,vllm-bf16,balanced,512,512,cresco8-hbm05,5296953,data/raw/offline/main/llama32_1b/vllm-bf16/balanced/offline.json,vllm-bench-latency,batched,8,prefill,2,0.35671051777899265,4096,11482.700385464275
main,primary,llama32_1b,vllm_bf16,vllm,bf16,none,vllm-bf16,balanced,512,512,cresco8-hbm05,5296953,data/raw/offline/main/llama32_1b/vllm-bf16/balanced/offline.json,vllm-bench-latency,batched,8,prefill,3,0.35003422759473324,4096,11701.71279576212
main,primary,llama32_1b,vllm_bf16,vllm,bf16,none,vllm-bf16,balanced,512,512,cresco8-hbm05,5296953,data/raw/offline/main/llama32_1b/vllm-bf16/balanced/offline.json,vllm-bench-latency,batched,8,prefill,4,0.3609597682952881,4096,11347.525014613848
main,primary,llama32_1b,vllm_bf16,vllm,bf16,none,vllm-bf16,balanced,512,512,cresco8-hbm05,5296953,data/raw/offline/main/llama32_1b/vllm-bf16/balanced/offline.json,vllm-bench-latency,batched,8,prefill,5,0.35346174985170364,4096,11588.241165326925
main,primary,llama32_1b,vllm_bf16,vllm,bf16,none,vllm-bf16,balanced,512,512,cresco8-hbm05,5296953,data/raw/offline/main/llama32_1b/vllm-bf16/balanced/offline.json,vllm-bench-latency,batched,8,prefill,6,0.3505769595503807,4096,11683.597248527602
main,primary,llama32_1b,vllm_bf16,vllm,bf16,none,vllm-bf16,balanced,512,512,cresco8-hbm05,5296953,data/raw/offline/main/llama32_1b/vllm-bf16/balanced/offline.json,vllm-bench-latency,batched,8,prefill,7,0.3491478553041816,4096,11731.41962001032
main,primary,llama32_1b,vllm_bf16,vllm,bf16,none,vllm-bf16,balanced,512,512,cresco8-hbm05,5296953,data/raw/offline/main/llama32_1b/vllm-bf16/balanced/offline.json,vllm-bench-latency,batched,8,prefill,8,0.3557212157174945,4096,11514.635110358298
main,primary,llama32_1b,vllm_bf16,vllm,bf16,none,vllm-bf16,balanced,512,512,cresco8-hbm05,5296953,data/raw/offline/main/llama32_1b/vllm-bf16/balanced/offline.json,vllm-bench-latency,batched,8,prefill,9,0.3498532334342599,4096,11707.766596273777
main,primary,llama32_1b,vllm_bf16,vllm,bf16,none,vllm-bf16,balanced,512,512,cresco8-hbm05,5296953,data/raw/offline/main/llama32_1b/vllm-bf16/balanced/offline.json,vllm-bench-latency,batched,8,total,0,7.35814515594393,8192,1113.3240546882225
main,primary,llama32_1b,vllm_bf16,vllm,bf16,none,vllm-bf16,balanced,512,512,cresco8-hbm05,5296953,data/raw/offline/main/llama32_1b/vllm-bf16/balanced/offline.json,vllm-bench-latency,batched,8,total,1,7.351561981253326,8192,1114.321013804932
main,primary,llama32_1b,vllm_bf16,vllm,bf16,none,vllm-bf16,balanced,512,512,cresco8-hbm05,5296953,data/raw/offline/main/llama32_1b/vllm-bf16/balanced/offline.json,vllm-bench-latency,batched,8,total,2,7.348159009590745,8192,1114.837061814787
main,primary,llama32_1b,vllm_bf16,vllm,bf16,none,vllm-bf16,balanced,512,512,cresco8-hbm05,5296953,data/raw/offline/main/llama32_1b/vllm-bf16/balanced/offline.json,vllm-bench-latency,batched,32,decode,0,9.733179098460823,16352,1680.0266217834067
main,primary,llama32_1b,vllm_bf16,vllm,bf16,none,vllm-bf16,balanced,512,512,cresco8-hbm05,5296953,data/raw/offline/main/llama32_1b/vllm-bf16/balanced/offline.json,vllm-bench-latency,batched,32,decode,1,9.739858610089868,16352,1678.8744739128326
main,primary,llama32_1b,vllm_bf16,vllm,bf16,none,vllm-bf16,balanced,512,512,cresco8-hbm05,5296953,data/raw/offline/main/llama32_1b/vllm-bf16/balanced/offline.json,vllm-bench-latency,batched,32,decode,2,9.769207960460335,16352,1673.8306796398135
main,primary,llama32_1b,vllm_bf16,vllm,bf16,none,vllm-bf16,balanced,512,512,cresco8-hbm05,5296953,data/raw/offline/main/llama32_1b/vllm-bf16/balanced/offline.json,vllm-bench-latency,batched,32,prefill,0,1.634682161733508,16384,10022.743493221638
main,primary,llama32_1b,vllm_bf16,vllm,bf16,none,vllm-bf16,balanced,512,512,cresco8-hbm05,5296953,data/raw/offline/main/llama32_1b/vllm-bf16/balanced/offline.json,vllm-bench-latency,batched,32,prefill,1,1.5502689499408007,16384,10568.488777786362
main,primary,llama32_1b,vllm_bf16,vllm,bf16,none,vllm-bf16,balanced,512,512,cresco8-hbm05,5296953,data/raw/offline/main/llama32_1b/vllm-bf16/balanced/offline.json,vllm-bench-latency,batched,32,prefill,2,1.5366823514923453,16384,10661.930218752574
main,primary,llama32_1b,vllm_bf16,vllm,bf16,none,vllm-bf16,balanced,512,512,cresco8-hbm05,5296953,data/raw/offline/main/llama32_1b/vllm-bf16/balanced/offline.json,vllm-bench-latency,batched,32,prefill,3,1.5374107211828232,16384,10656.878981170885
main,primary,llama32_1b,vllm_bf16,vllm,bf16,none,vllm-bf16,balanced,512,512,cresco8-hbm05,5296953,data/raw/offline/main/llama32_1b/vllm-bf16/balanced/offline.json,vllm-bench-latency,batched,32,prefill,4,1.5357094705104828,16384,10668.684614254427
main,primary,llama32_1b,vllm_bf16,vllm,bf16,none,vllm-bf16,balanced,512,512,cresco8-hbm05,5296953,data/raw/offline/main/llama32_1b/vllm-bf16/balanced/offline.json,vllm-bench-latency,batched,32,prefill,5,1.5381268886849284,16384,10651.91703007548
main,primary,llama32_1b,vllm_bf16,vllm,bf16,none,vllm-bf16,balanced,512,512,cresco8-hbm05,5296953,data/raw/offline/main/llama32_1b/vllm-bf16/balanced/offline.json,vllm-bench-latency,batched,32,prefill,6,1.5331180784851313,16384,10686.717631161831
main,primary,llama32_1b,vllm_bf16,vllm,bf16,none,vllm-bf16,balanced,512,512,cresco8-hbm05,5296953,data/raw/offline/main/llama32_1b/vllm-bf16/balanced/offline.json,vllm-bench-latency,batched,32,prefill,7,1.5424483306705952,16384,10622.073799306385
main,primary,llama32_1b,vllm_bf16,vllm,bf16,none,vllm-bf16,balanced,512,512,cresco8-hbm05,5296953,data/raw/offline/main/llama32_1b/vllm-bf16/balanced/offline.json,vllm-bench-latency,batched,32,prefill,8,1.5365716684609652,16384,10662.69822377388
main,primary,llama32_1b,vllm_bf16,vllm,bf16,none,vllm-bf16,balanced,512,512,cresco8-hbm05,5296953,data/raw/offline/main/llama32_1b/vllm-bf16/balanced/offline.json,vllm-bench-latency,batched,32,prefill,9,1.5450480626896024,16384,10604.200863162092
main,primary,llama32_1b,vllm_bf16,vllm,bf16,none,vllm-bf16,balanced,512,512,cresco8-hbm05,5296953,data/raw/offline/main/llama32_1b/vllm-bf16/balanced/offline.json,vllm-bench-latency,batched,32,total,0,11.270947903394699,32768,2907.2976186972346
main,primary,llama32_1b,vllm_bf16,vllm,bf16,none,vllm-bf16,balanced,512,512,cresco8-hbm05,5296953,data/raw/offline/main/llama32_1b/vllm-bf16/balanced/offline.json,vllm-bench-latency,batched,32,total,1,11.277627415023744,32768,2905.5756848596875
main,primary,llama32_1b,vllm_bf16,vllm,bf16,none,vllm-bf16,balanced,512,512,cresco8-hbm05,5296953,data/raw/offline/main/llama32_1b/vllm-bf16/balanced/offline.json,vllm-bench-latency,batched,32,total,2,11.30697676539421,32768,2898.0337255391505
main,primary,llama32_1b,vllm_bf16,vllm,bf16,none,vllm-bf16,balanced,512,512,cresco8-hbm05,5296953,data/raw/offline/main/llama32_1b/vllm-bf16/balanced/offline.json,vllm-bench-throughput,throughput,64,total,0,16.508541580289602,65536,3969.8237231474645
main,primary,llama32_1b,vllm_bf16,vllm,bf16,none,vllm-bf16,decode,128,512,cresco8-hbm05,5296953,data/raw/offline/main/llama32_1b/vllm-bf16/decode/offline.json,vllm-bench-latency,batch1,1,decode,0,6.152135567273945,511,83.06058837816342
main,primary,llama32_1b,vllm_bf16,vllm,bf16,none,vllm-bf16,decode,128,512,cresco8-hbm05,5296953,data/raw/offline/main/llama32_1b/vllm-bf16/decode/offline.json,vllm-bench-latency,batch1,1,decode,1,6.155308749061078,511,83.01776902384421
main,primary,llama32_1b,vllm_bf16,vllm,bf16,none,vllm-bf16,decode,128,512,cresco8-hbm05,5296953,data/raw/offline/main/llama32_1b/vllm-bf16/decode/offline.json,vllm-bench-latency,batch1,1,decode,2,6.156442116480321,511,83.00248590530761
main,primary,llama32_1b,vllm_bf16,vllm,bf16,none,vllm-bf16,decode,128,512,cresco8-hbm05,5296953,data/raw/offline/main/llama32_1b/vllm-bf16/decode/offline.json,vllm-bench-latency,batch1,1,prefill,0,0.04049205221235752,128,3161.114169484758
main,primary,llama32_1b,vllm_bf16,vllm,bf16,none,vllm-bf16,decode,128,512,cresco8-hbm05,5296953,data/raw/offline/main/llama32_1b/vllm-bf16/decode/offline.json,vllm-bench-latency,batch1,1,prefill,1,0.037364693358540535,128,3425.693843429943
main,primary,llama32_1b,vllm_bf16,vllm,bf16,none,vllm-bf16,decode,128,512,cresco8-hbm05,5296953,data/raw/offline/main/llama32_1b/vllm-bf16/decode/offline.json,vllm-bench-latency,batch1,1,prefill,2,0.02925920207053423,128,4374.692094864189
main,primary,llama32_1b,vllm_bf16,vllm,bf16,none,vllm-bf16,decode,128,512,cresco8-hbm05,5296953,data/raw/offline/main/llama32_1b/vllm-bf16/decode/offline.json,vllm-bench-latency,batch1,1,prefill,3,0.02692408673465252,128,4754.107400614565
main,primary,llama32_1b,vllm_bf16,vllm,bf16,none,vllm-bf16,decode,128,512,cresco8-hbm05,5296953,data/raw/offline/main/llama32_1b/vllm-bf16/decode/offline.json,vllm-bench-latency,batch1,1,prefill,4,0.026931590400636196,128,4752.782813634961
main,primary,llama32_1b,vllm_bf16,vllm,bf16,none,vllm-bf16,decode,128,512,cresco8-hbm05,5296953,data/raw/offline/main/llama32_1b/vllm-bf16/decode/offline.json,vllm-bench-latency,batch1,1,prefill,5,0.02764226496219635,128,4630.590155150209
main,primary,llama32_1b,vllm_bf16,vllm,bf16,none,vllm-bf16,decode,128,512,cresco8-hbm05,5296953,data/raw/offline/main/llama32_1b/vllm-bf16/decode/offline.json,vllm-bench-latency,batch1,1,prefill,6,0.027058559469878674,128,4730.480946056584
main,primary,llama32_1b,vllm_bf16,vllm,bf16,none,vllm-bf16,decode,128,512,cresco8-hbm05,5296953,data/raw/offline/main/llama32_1b/vllm-bf16/decode/offline.json,vllm-bench-latency,batch1,1,prefill,7,0.026523496955633163,128,4825.909653395642
main,primary,llama32_1b,vllm_bf16,vllm,bf16,none,vllm-bf16,decode,128,512,cresco8-hbm05,5296953,data/raw/offline/main/llama32_1b/vllm-bf16/decode/offline.json,vllm-bench-latency,batch1,1,prefill,8,0.027411633171141148,128,4669.550303728633
main,primary,llama32_1b,vllm_bf16,vllm,bf16,none,vllm-bf16,decode,128,512,cresco8-hbm05,5296953,data/raw/offline/main/llama32_1b/vllm-bf16/decode/offline.json,vllm-bench-latency,batch1,1,prefill,9,0.028078969568014145,128,4558.571841105231
main,primary,llama32_1b,vllm_bf16,vllm,bf16,none,vllm-bf16,decode,128,512,cresco8-hbm05,5296953,data/raw/offline/main/llama32_1b/vllm-bf16/decode/offline.json,vllm-bench-latency,batch1,1,total,0,6.179662516340613,640,103.56552616063996
main,primary,llama32_1b,vllm_bf16,vllm,bf16,none,vllm-bf16,decode,128,512,cresco8-hbm05,5296953,data/raw/offline/main/llama32_1b/vllm-bf16/decode/offline.json,vllm-bench-latency,batch1,1,total,1,6.182835698127747,640,103.5123738115508
main,primary,llama32_1b,vllm_bf16,vllm,bf16,none,vllm-bf16,decode,128,512,cresco8-hbm05,5296953,data/raw/offline/main/llama32_1b/vllm-bf16/decode/offline.json,vllm-bench-latency,batch1,1,total,2,6.183969065546989,640,103.49340257305931
main,primary,llama32_1b,vllm_bf16,vllm,bf16,none,vllm-bf16,decode,128,512,cresco8-hbm05,5296953,data/raw/offline/main/llama32_1b/vllm-bf16/decode/offline.json,vllm-bench-latency,batched,8,decode,0,6.835172658786178,4088,598.0829167124458
main,primary,llama32_1b,vllm_bf16,vllm,bf16,none,vllm-bf16,decode,128,512,cresco8-hbm05,5296953,data/raw/offline/main/llama32_1b/vllm-bf16/decode/offline.json,vllm-bench-latency,batched,8,decode,1,6.760110663250089,4088,604.7238282981886
main,primary,llama32_1b,vllm_bf16,vllm,bf16,none,vllm-bf16,decode,128,512,cresco8-hbm05,5296953,data/raw/offline/main/llama32_1b/vllm-bf16/decode/offline.json,vllm-bench-latency,batched,8,decode,2,6.758229490369558,4088,604.8921549387127
main,primary,llama32_1b,vllm_bf16,vllm,bf16,none,vllm-bf16,decode,128,512,cresco8-hbm05,5296953,data/raw/offline/main/llama32_1b/vllm-bf16/decode/offline.json,vllm-bench-latency,batched,8,prefill,0,0.11076784506440163,1024,9244.56009236828
main,primary,llama32_1b,vllm_bf16,vllm,bf16,none,vllm-bf16,decode,128,512,cresco8-hbm05,5296953,data/raw/offline/main/llama32_1b/vllm-bf16/decode/offline.json,vllm-bench-latency,batched,8,prefill,1,0.11373661458492279,1024,9003.257251299829
main,primary,llama32_1b,vllm_bf16,vllm,bf16,none,vllm-bf16,decode,128,512,cresco8-hbm05,5296953,data/raw/offline/main/llama32_1b/vllm-bf16/decode/offline.json,vllm-bench-latency,batched,8,prefill,2,0.11340202111750841,1024,9029.821425659777
main,primary,llama32_1b,vllm_bf16,vllm,bf16,none,vllm-bf16,decode,128,512,cresco8-hbm05,5296953,data/raw/offline/main/llama32_1b/vllm-bf16/decode/offline.json,vllm-bench-latency,batched,8,prefill,3,0.11098446790128946,1024,9226.516280735375
main,primary,llama32_1b,vllm_bf16,vllm,bf16,none,vllm-bf16,decode,128,512,cresco8-hbm05,5296953,data/raw/offline/main/llama32_1b/vllm-bf16/decode/offline.json,vllm-bench-latency,batched,8,prefill,4,0.11023394577205181,1024,9289.33454053697
main,primary,llama32_1b,vllm_bf16,vllm,bf16,none,vllm-bf16,decode,128,512,cresco8-hbm05,5296953,data/raw/offline/main/llama32_1b/vllm-bf16/decode/offline.json,vllm-bench-latency,batched,8,prefill,5,0.15065988060086966,1024,6796.766305110753
main,primary,llama32_1b,vllm_bf16,vllm,bf16,none,vllm-bf16,decode,128,512,cresco8-hbm05,5296953,data/raw/offline/main/llama32_1b/vllm-bf16/decode/offline.json,vllm-bench-latency,batched,8,prefill,6,0.1120533561334014,1024,9138.503614125675
main,primary,llama32_1b,vllm_bf16,vllm,bf16,none,vllm-bf16,decode,128,512,cresco8-hbm05,5296953,data/raw/offline/main/llama32_1b/vllm-bf16/decode/offline.json,vllm-bench-latency,batched,8,prefill,7,0.11072369199246168,1024,9248.24652766922
main,primary,llama32_1b,vllm_bf16,vllm,bf16,none,vllm-bf16,decode,128,512,cresco8-hbm05,5296953,data/raw/offline/main/llama32_1b/vllm-bf16/decode/offline.json,vllm-bench-latency,batched,8,prefill,8,0.11273930594325066,1024,9082.901401889494
main,primary,llama32_1b,vllm_bf16,vllm,bf16,none,vllm-bf16,decode,128,512,cresco8-hbm05,5296953,data/raw/offline/main/llama32_1b/vllm-bf16/decode/offline.json,vllm-bench-latency,batched,8,prefill,9,0.11154561769217253,1024,9180.100672586594
main,primary,llama32_1b,vllm_bf16,vllm,bf16,none,vllm-bf16,decode,128,512,cresco8-hbm05,5296953,data/raw/offline/main/llama32_1b/vllm-bf16/decode/offline.json,vllm-bench-latency,batched,8,total,0,6.946972145698965,5120,737.0117358495404
main,primary,llama32_1b,vllm_bf16,vllm,bf16,none,vllm-bf16,decode,128,512,cresco8-hbm05,5296953,data/raw/offline/main/llama32_1b/vllm-bf16/decode/offline.json,vllm-bench-latency,batched,8,total,1,6.871910150162876,5120,745.0621280138023
main,primary,llama32_1b,vllm_bf16,vllm,bf16,none,vllm-bf16,decode,128,512,cresco8-hbm05,5296953,data/raw/offline/main/llama32_1b/vllm-bf16/decode/offline.json,vllm-bench-latency,batched,8,total,2,6.870028977282345,5120,745.266143262379
main,primary,llama32_1b,vllm_bf16,vllm,bf16,none,vllm-bf16,decode,128,512,cresco8-hbm05,5296953,data/raw/offline/main/llama32_1b/vllm-bf16/decode/offline.json,vllm-bench-latency,batched,32,decode,0,9.075897704809904,16352,1801.6950534087684
main,primary,llama32_1b,vllm_bf16,vllm,bf16,none,vllm-bf16,decode,128,512,cresco8-hbm05,5296953,data/raw/offline/main/llama32_1b/vllm-bf16/decode/offline.json,vllm-bench-latency,batched,32,decode,1,9.258070701733232,16352,1766.2427223566885
main,primary,llama32_1b,vllm_bf16,vllm,bf16,none,vllm-bf16,decode,128,512,cresco8-hbm05,5296953,data/raw/offline/main/llama32_1b/vllm-bf16/decode/offline.json,vllm-bench-latency,batched,32,decode,2,9.204872895032167,16352,1776.4503851894694
main,primary,llama32_1b,vllm_bf16,vllm,bf16,none,vllm-bf16,decode,128,512,cresco8-hbm05,5296953,data/raw/offline/main/llama32_1b/vllm-bf16/decode/offline.json,vllm-bench-latency,batched,32,prefill,0,0.3947844756767154,4096,10375.281330348382
main,primary,llama32_1b,vllm_bf16,vllm,bf16,none,vllm-bf16,decode,128,512,cresco8-hbm05,5296953,data/raw/offline/main/llama32_1b/vllm-bf16/decode/offline.json,vllm-bench-latency,batched,32,prefill,1,0.36848636623471975,4096,11115.743689119057
main,primary,llama32_1b,vllm_bf16,vllm,bf16,none,vllm-bf16,decode,128,512,cresco8-hbm05,5296953,data/raw/offline/main/llama32_1b/vllm-bf16/decode/offline.json,vllm-bench-latency,batched,32,prefill,2,0.3552079414948821,4096,11531.273717479697
main,primary,llama32_1b,vllm_bf16,vllm,bf16,none,vllm-bf16,decode,128,512,cresco8-hbm05,5296953,data/raw/offline/main/llama32_1b/vllm-bf16/decode/offline.json,vllm-bench-latency,batched,32,prefill,3,0.35563506744802,4096,11517.424390660452
main,primary,llama32_1b,vllm_bf16,vllm,bf16,none,vllm-bf16,decode,128,512,cresco8-hbm05,5296953,data/raw/offline/main/llama32_1b/vllm-bf16/decode/offline.json,vllm-bench-latency,batched,32,prefill,4,0.34918249398469925,4096,11730.255870672261
main,primary,llama32_1b,vllm_bf16,vllm,bf16,none,vllm-bf16,decode,128,512,cresco8-hbm05,5296953,data/raw/offline/main/llama32_1b/vllm-bf16/decode/offline.json,vllm-bench-latency,batched,32,prefill,5,0.36287423968315125,4096,11287.657133161285
main,primary,llama32_1b,vllm_bf16,vllm,bf16,none,vllm-bf16,decode,128,512,cresco8-hbm05,5296953,data/raw/offline/main/llama32_1b/vllm-bf16/decode/offline.json,vllm-bench-latency,batched,32,prefill,6,0.3524306481704116,4096,11622.144729080008
main,primary,llama32_1b,vllm_bf16,vllm,bf16,none,vllm-bf16,decode,128,512,cresco8-hbm05,5296953,data/raw/offline/main/llama32_1b/vllm-bf16/decode/offline.json,vllm-bench-latency,batched,32,prefill,7,0.35866289027035236,4096,11420.194592511434
main,primary,llama32_1b,vllm_bf16,vllm,bf16,none,vllm-bf16,decode,128,512,cresco8-hbm05,5296953,data/raw/offline/main/llama32_1b/vllm-bf16/decode/offline.json,vllm-bench-latency,batched,32,prefill,8,0.35910122003406286,4096,11406.254759066178
main,primary,llama32_1b,vllm_bf16,vllm,bf16,none,vllm-bf16,decode,128,512,cresco8-hbm05,5296953,data/raw/offline/main/llama32_1b/vllm-bf16/decode/offline.json,vllm-bench-latency,batched,32,prefill,9,0.33841758128255606,4096,12103.390091249763
main,primary,llama32_1b,vllm_bf16,vllm,bf16,none,vllm-bf16,decode,128,512,cresco8-hbm05,5296953,data/raw/offline/main/llama32_1b/vllm-bf16/decode/offline.json,vllm-bench-latency,batched,32,total,0,9.43304668366909,20480,2171.090707677286
main,primary,llama32_1b,vllm_bf16,vllm,bf16,none,vllm-bf16,decode,128,512,cresco8-hbm05,5296953,data/raw/offline/main/llama32_1b/vllm-bf16/decode/offline.json,vllm-bench-latency,batched,32,total,1,9.615219680592418,20480,2129.9565356096136
main,primary,llama32_1b,vllm_bf16,vllm,bf16,none,vllm-bf16,decode,128,512,cresco8-hbm05,5296953,data/raw/offline/main/llama32_1b/vllm-bf16/decode/offline.json,vllm-bench-latency,batched,32,total,2,9.562021873891354,20480,2141.806436975392
main,primary,llama32_1b,vllm_bf16,vllm,bf16,none,vllm-bf16,decode,128,512,cresco8-hbm05,5296953,data/raw/offline/main/llama32_1b/vllm-bf16/decode/offline.json,vllm-bench-throughput,throughput,64,total,0,13.554024404846132,40960,3021.980688285841
main,primary,llama32_1b,vllm_bf16,vllm,bf16,none,vllm-bf16,prefill,4096,128,cresco8-hbm05,5296953,data/raw/offline/main/llama32_1b/vllm-bf16/prefill/offline.json,vllm-bench-latency,batch1,1,decode,0,1.6137280091643333,127,78.69975564578988
main,primary,llama32_1b,vllm_bf16,vllm,bf16,none,vllm-bf16,prefill,4096,128,cresco8-hbm05,5296953,data/raw/offline/main/llama32_1b/vllm-bf16/prefill/offline.json,vllm-bench-latency,batch1,1,decode,1,1.6152226217091084,127,78.6269324692952
main,primary,llama32_1b,vllm_bf16,vllm,bf16,none,vllm-bf16,prefill,4096,128,cresco8-hbm05,5296953,data/raw/offline/main/llama32_1b/vllm-bf16/prefill/offline.json,vllm-bench-latency,batch1,1,decode,2,1.6150499219074845,127,78.63534016954988
main,primary,llama32_1b,vllm_bf16,vllm,bf16,none,vllm-bf16,prefill,4096,128,cresco8-hbm05,5296953,data/raw/offline/main/llama32_1b/vllm-bf16/prefill/offline.json,vllm-bench-latency,batch1,1,prefill,0,0.3918157862499356,4096,10453.892221144964
main,primary,llama32_1b,vllm_bf16,vllm,bf16,none,vllm-bf16,prefill,4096,128,cresco8-hbm05,5296953,data/raw/offline/main/llama32_1b/vllm-bf16/prefill/offline.json,vllm-bench-latency,batch1,1,prefill,1,0.39356493204832077,4096,10407.43131935623
main,primary,llama32_1b,vllm_bf16,vllm,bf16,none,vllm-bf16,prefill,4096,128,cresco8-hbm05,5296953,data/raw/offline/main/llama32_1b/vllm-bf16/prefill/offline.json,vllm-bench-latency,batch1,1,prefill,2,0.3882553866133094,4096,10549.757044528766
main,primary,llama32_1b,vllm_bf16,vllm,bf16,none,vllm-bf16,prefill,4096,128,cresco8-hbm05,5296953,data/raw/offline/main/llama32_1b/vllm-bf16/prefill/offline.json,vllm-bench-latency,batch1,1,prefill,3,0.3904032176360488,4096,10491.71680705376
main,primary,llama32_1b,vllm_bf16,vllm,bf16,none,vllm-bf16,prefill,4096,128,cresco8-hbm05,5296953,data/raw/offline/main/llama32_1b/vllm-bf16/prefill/offline.json,vllm-bench-latency,batch1,1,prefill,4,0.40691770054399967,4096,10065.917492712026
main,primary,llama32_1b,vllm_bf16,vllm,bf16,none,vllm-bf16,prefill,4096,128,cresco8-hbm05,5296953,data/raw/offline/main/llama32_1b/vllm-bf16/prefill/offline.json,vllm-bench-latency,batch1,1,prefill,5,0.39973817579448223,4096,10246.707089857438
main,primary,llama32_1b,vllm_bf16,vllm,bf16,none,vllm-bf16,prefill,4096,128,cresco8-hbm05,5296953,data/raw/offline/main/llama32_1b/vllm-bf16/prefill/offline.json,vllm-bench-latency,batch1,1,prefill,6,0.39923895709216595,4096,10259.519837024376
main,primary,llama32_1b,vllm_bf16,vllm,bf16,none,vllm-bf16,prefill,4096,128,cresco8-hbm05,5296953,data/raw/offline/main/llama32_1b/vllm-bf16/prefill/offline.json,vllm-bench-latency,batch1,1,prefill,7,0.3997478736564517,4096,10246.458505293147
main,primary,llama32_1b,vllm_bf16,vllm,bf16,none,vllm-bf16,prefill,4096,128,cresco8-hbm05,5296953,data/raw/offline/main/llama32_1b/vllm-bf16/prefill/offline.json,vllm-bench-latency,batch1,1,prefill,8,0.4006306705996394,4096,10223.880248282934
main,primary,llama32_1b,vllm_bf16,vllm,bf16,none,vllm-bf16,prefill,4096,128,cresco8-hbm05,5296953,data/raw/offline/main/llama32_1b/vllm-bf16/prefill/offline.json,vllm-bench-latency,batch1,1,prefill,9,0.40000846795737743,4096,10239.783224880244
main,primary,llama32_1b,vllm_bf16,vllm,bf16,none,vllm-bf16,prefill,4096,128,cresco8-hbm05,5296953,data/raw/offline/main/llama32_1b/vllm-bf16/prefill/offline.json,vllm-bench-latency,batch1,1,total,0,2.0132165756076574,4224,2098.1349205934553
main,primary,llama32_1b,vllm_bf16,vllm,bf16,none,vllm-bf16,prefill,4096,128,cresco8-hbm05,5296953,data/raw/offline/main/llama32_1b/vllm-bf16/prefill/offline.json,vllm-bench-latency,batch1,1,total,1,2.0147111881524324,4224,2096.578420192112
main,primary,llama32_1b,vllm_bf16,vllm,bf16,none,vllm-bf16,prefill,4096,128,cresco8-hbm05,5296953,data/raw/offline/main/llama32_1b/vllm-bf16/prefill/offline.json,vllm-bench-latency,batch1,1,total,2,2.0145384883508086,4224,2096.758153009008
main,primary,llama32_1b,vllm_bf16,vllm,bf16,none,vllm-bf16,prefill,4096,128,cresco8-hbm05,5296953,data/raw/offline/main/llama32_1b/vllm-bf16/prefill/offline.json,vllm-bench-latency,batched,8,decode,0,1.9917552387341857,1016,510.1028380604112
main,primary,llama32_1b,vllm_bf16,vllm,bf16,none,vllm-bf16,prefill,4096,128,cresco8-hbm05,5296953,data/raw/offline/main/llama32_1b/vllm-bf16/prefill/offline.json,vllm-bench-latency,batched,8,decode,1,1.9976443955674767,1016,508.59902906361964
main,primary,llama32_1b,vllm_bf16,vllm,bf16,none,vllm-bf16,prefill,4096,128,cresco8-hbm05,5296953,data/raw/offline/main/llama32_1b/vllm-bf16/prefill/offline.json,vllm-bench-latency,batched,8,decode,2,2.0403546895831823,1016,497.95263793451295
main,primary,llama32_1b,vllm_bf16,vllm,bf16,none,vllm-bf16,prefill,4096,128,cresco8-hbm05,5296953,data/raw/offline/main/llama32_1b/vllm-bf16/prefill/offline.json,vllm-bench-latency,batched,8,prefill,0,3.690919905900955,32768,8878.003542588745
main,primary,llama32_1b,vllm_bf16,vllm,bf16,none,vllm-bf16,prefill,4096,128,cresco8-hbm05,5296953,data/raw/offline/main/llama32_1b/vllm-bf16/prefill/offline.json,vllm-bench-latency,batched,8,prefill,1,3.68511292245239,32768,8891.99345842389
main,primary,llama32_1b,vllm_bf16,vllm,bf16,none,vllm-bf16,prefill,4096,128,cresco8-hbm05,5296953,data/raw/offline/main/llama32_1b/vllm-bf16/prefill/offline.json,vllm-bench-latency,batched,8,prefill,2,3.559858257882297,32768,9204.860875413944
main,primary,llama32_1b,vllm_bf16,vllm,bf16,none,vllm-bf16,prefill,4096,128,cresco8-hbm05,5296953,data/raw/offline/main/llama32_1b/vllm-bf16/prefill/offline.json,vllm-bench-latency,batched,8,prefill,3,3.69139236304909,32768,8876.867256921352
main,primary,llama32_1b,vllm_bf16,vllm,bf16,none,vllm-bf16,prefill,4096,128,cresco8-hbm05,5296953,data/raw/offline/main/llama32_1b/vllm-bf16/prefill/offline.json,vllm-bench-latency,batched,8,prefill,4,3.6864210348576307,32768,8888.83816855323
main,primary,llama32_1b,vllm_bf16,vllm,bf16,none,vllm-bf16,prefill,4096,128,cresco8-hbm05,5296953,data/raw/offline/main/llama32_1b/vllm-bf16/prefill/offline.json,vllm-bench-latency,batched,8,prefill,5,3.692398777231574,32768,8874.4477443924
main,primary,llama32_1b,vllm_bf16,vllm,bf16,none,vllm-bf16,prefill,4096,128,cresco8-hbm05,5296953,data/raw/offline/main/llama32_1b/vllm-bf16/prefill/offline.json,vllm-bench-latency,batched,8,prefill,6,3.6909700836986303,32768,8877.882848393068
main,primary,llama32_1b,vllm_bf16,vllm,bf16,none,vllm-bf16,prefill,4096,128,cresco8-hbm05,5296953,data/raw/offline/main/llama32_1b/vllm-bf16/prefill/offline.json,vllm-bench-latency,batched,8,prefill,7,3.7094771899282932,32768,8833.589835508175
main,primary,llama32_1b,vllm_bf16,vllm,bf16,none,vllm-bf16,prefill,4096,128,cresco8-hbm05,5296953,data/raw/offline/main/llama32_1b/vllm-bf16/prefill/offline.json,vllm-bench-latency,batched,8,prefill,8,3.688299532979727,32768,8884.310969593942
main,primary,llama32_1b,vllm_bf16,vllm,bf16,none,vllm-bf16,prefill,4096,128,cresco8-hbm05,5296953,data/raw/offline/main/llama32_1b/vllm-bf16/prefill/offline.json,vllm-bench-latency,batched,8,prefill,9,3.692557228729129,32768,8874.06693254631
main,primary,llama32_1b,vllm_bf16,vllm,bf16,none,vllm-bf16,prefill,4096,128,cresco8-hbm05,5296953,data/raw/offline/main/llama32_1b/vllm-bf16/prefill/offline.json,vllm-bench-latency,batched,8,total,0,5.6827002335339785,33792,5946.46886362072
main,primary,llama32_1b,vllm_bf16,vllm,bf16,none,vllm-bf16,prefill,4096,128,cresco8-hbm05,5296953,data/raw/offline/main/llama32_1b/vllm-bf16/prefill/offline.json,vllm-bench-latency,batched,8,total,1,5.6885893903672695,33792,5940.312735037869
main,primary,llama32_1b,vllm_bf16,vllm,bf16,none,vllm-bf16,prefill,4096,128,cresco8-hbm05,5296953,data/raw/offline/main/llama32_1b/vllm-bf16/prefill/offline.json,vllm-bench-latency,batched,8,total,2,5.731299684382975,33792,5896.044852108969
main,primary,llama32_1b,vllm_bf16,vllm,bf16,none,vllm-bf16,prefill,4096,128,cresco8-hbm05,5296953,data/raw/offline/main/llama32_1b/vllm-bf16/prefill/offline.json,vllm-bench-latency,batched,32,decode,0,3.493011113256216,4064,1163.4660950767784
main,primary,llama32_1b,vllm_bf16,vllm,bf16,none,vllm-bf16,prefill,4096,128,cresco8-hbm05,5296953,data/raw/offline/main/llama32_1b/vllm-bf16/prefill/offline.json,vllm-bench-latency,batched,32,decode,1,3.4556412920355797,4064,1176.0479912560775
main,primary,llama32_1b,vllm_bf16,vllm,bf16,none,vllm-bf16,prefill,4096,128,cresco8-hbm05,5296953,data/raw/offline/main/llama32_1b/vllm-bf16/prefill/offline.json,vllm-bench-latency,batched,32,decode,2,3.460400192067027,4064,1174.4306364670556
main,primary,llama32_1b,vllm_bf16,vllm,bf16,none,vllm-bf16,prefill,4096,128,cresco8-hbm05,5296953,data/raw/offline/main/llama32_1b/vllm-bf16/prefill/offline.json,vllm-bench-latency,batched,32,prefill,0,14.667781715281308,131072,8936.047900375113
main,primary,llama32_1b,vllm_bf16,vllm,bf16,none,vllm-bf16,prefill,4096,128,cresco8-hbm05,5296953,data/raw/offline/main/llama32_1b/vllm-bf16/prefill/offline.json,vllm-bench-latency,batched,32,prefill,1,14.783978216350079,131072,8865.813929233422
main,primary,llama32_1b,vllm_bf16,vllm,bf16,none,vllm-bf16,prefill,4096,128,cresco8-hbm05,5296953,data/raw/offline/main/llama32_1b/vllm-bf16/prefill/offline.json,vllm-bench-latency,batched,32,prefill,2,14.66207704693079,131072,8939.524705842225
main,primary,llama32_1b,vllm_bf16,vllm,bf16,none,vllm-bf16,prefill,4096,128,cresco8-hbm05,5296953,data/raw/offline/main/llama32_1b/vllm-bf16/prefill/offline.json,vllm-bench-latency,batched,32,prefill,3,14.792550624348223,131072,8860.676115196677
main,primary,llama32_1b,vllm_bf16,vllm,bf16,none,vllm-bf16,prefill,4096,128,cresco8-hbm05,5296953,data/raw/offline/main/llama32_1b/vllm-bf16/prefill/offline.json,vllm-bench-latency,batched,32,prefill,4,14.807845846749842,131072,8851.523804103406
main,primary,llama32_1b,vllm_bf16,vllm,bf16,none,vllm-bf16,prefill,4096,128,cresco8-hbm05,5296953,data/raw/offline/main/llama32_1b/vllm-bf16/prefill/offline.json,vllm-bench-latency,batched,32,prefill,5,14.671481496654451,131072,8933.79445217502
main,primary,llama32_1b,vllm_bf16,vllm,bf16,none,vllm-bf16,prefill,4096,128,cresco8-hbm05,5296953,data/raw/offline/main/llama32_1b/vllm-bf16/prefill/offline.json,vllm-bench-latency,batched,32,prefill,6,14.692610247060657,131072,8920.94718337892
main,primary,llama32_1b,vllm_bf16,vllm,bf16,none,vllm-bf16,prefill,4096,128,cresco8-hbm05,5296953,data/raw/offline/main/llama32_1b/vllm-bf16/prefill/offline.json,vllm-bench-latency,batched,32,prefill,7,14.695510616526008,131072,8919.186506700997
main,primary,llama32_1b,vllm_bf16,vllm,bf16,none,vllm-bf16,prefill,4096,128,cresco8-hbm05,5296953,data/raw/offline/main/llama32_1b/vllm-bf16/prefill/offline.json,vllm-bench-latency,batched,32,prefill,8,14.807226723991334,131072,8851.893905806903
main,primary,llama32_1b,vllm_bf16,vllm,bf16,none,vllm-bf16,prefill,4096,128,cresco8-hbm05,5296953,data/raw/offline/main/llama32_1b/vllm-bf16/prefill/offline.json,vllm-bench-latency,batched,32,prefill,9,14.812255156226456,131072,8848.888884073995
main,primary,llama32_1b,vllm_bf16,vllm,bf16,none,vllm-bf16,prefill,4096,128,cresco8-hbm05,5296953,data/raw/offline/main/llama32_1b/vllm-bf16/prefill/offline.json,vllm-bench-latency,batched,32,total,0,18.23275552969426,135168,7413.4707603501
main,primary,llama32_1b,vllm_bf16,vllm,bf16,none,vllm-bf16,prefill,4096,128,cresco8-hbm05,5296953,data/raw/offline/main/llama32_1b/vllm-bf16/prefill/offline.json,vllm-bench-latency,batched,32,total,1,18.195385708473623,135168,7428.696602845414
main,primary,llama32_1b,vllm_bf16,vllm,bf16,none,vllm-bf16,prefill,4096,128,cresco8-hbm05,5296953,data/raw/offline/main/llama32_1b/vllm-bf16/prefill/offline.json,vllm-bench-latency,batched,32,total,2,18.20014460850507,135168,7426.754177372576
main,primary,llama32_1b,vllm_bf16,vllm,bf16,none,vllm-bf16,prefill,4096,128,cresco8-hbm05,5296953,data/raw/offline/main/llama32_1b/vllm-bf16/prefill/offline.json,vllm-bench-throughput,throughput,64,total,0,35.6612757910043,270336,7580.659805451866
smoke,validation,llama32_1b,llama_cpp_bf16,llama_cpp,bf16,none,llamacpp-bf16,balanced,512,512,cresco8-hbm15,5296864,data/raw/offline/smoke/llama32_1b/llamacpp-bf16/balanced/offline.json,llama-bench,batch1,1,decode,0,4.410073403,512,116.09784083224248
smoke,validation,llama32_1b,llama_cpp_bf16,llama_cpp,bf16,none,llamacpp-bf16,balanced,512,512,cresco8-hbm15,5296864,data/raw/offline/smoke/llama32_1b/llamacpp-bf16/balanced/offline.json,llama-bench,batch1,1,decode,1,4.501315086,512,113.74453692264812
smoke,validation,llama32_1b,llama_cpp_bf16,llama_cpp,bf16,none,llamacpp-bf16,balanced,512,512,cresco8-hbm15,5296864,data/raw/offline/smoke/llama32_1b/llamacpp-bf16/balanced/offline.json,llama-bench,batch1,1,decode,2,4.490001936,512,114.031131232902
smoke,validation,llama32_1b,llama_cpp_bf16,llama_cpp,bf16,none,llamacpp-bf16,balanced,512,512,cresco8-hbm15,5296864,data/raw/offline/smoke/llama32_1b/llamacpp-bf16/balanced/offline.json,llama-bench,batch1,1,prefill,0,0.328267788,512,1559.7022270122952
smoke,validation,llama32_1b,llama_cpp_bf16,llama_cpp,bf16,none,llamacpp-bf16,balanced,512,512,cresco8-hbm15,5296864,data/raw/offline/smoke/llama32_1b/llamacpp-bf16/balanced/offline.json,llama-bench,batch1,1,prefill,1,0.328600389,512,1558.1235358793201
smoke,validation,llama32_1b,llama_cpp_bf16,llama_cpp,bf16,none,llamacpp-bf16,balanced,512,512,cresco8-hbm15,5296864,data/raw/offline/smoke/llama32_1b/llamacpp-bf16/balanced/offline.json,llama-bench,batch1,1,prefill,2,0.327476396,512,1563.4714631463087
smoke,validation,llama32_1b,llama_cpp_bf16,llama_cpp,bf16,none,llamacpp-bf16,balanced,512,512,cresco8-hbm15,5296864,data/raw/offline/smoke/llama32_1b/llamacpp-bf16/balanced/offline.json,llama-bench,batch1,1,total,0,4.744047051,1024,215.8494612282883
smoke,validation,llama32_1b,llama_cpp_bf16,llama_cpp,bf16,none,llamacpp-bf16,balanced,512,512,cresco8-hbm15,5296864,data/raw/offline/smoke/llama32_1b/llamacpp-bf16/balanced/offline.json,llama-bench,batch1,1,total,1,4.816050651,1024,212.62234851856834
smoke,validation,llama32_1b,llama_cpp_bf16,llama_cpp,bf16,none,llamacpp-bf16,balanced,512,512,cresco8-hbm15,5296864,data/raw/offline/smoke/llama32_1b/llamacpp-bf16/balanced/offline.json,llama-bench,batch1,1,total,2,4.800215609,1024,213.3237511415292
smoke,validation,llama32_1b,llama_cpp_bf16,llama_cpp,bf16,none,llamacpp-bf16,balanced,512,512,cresco8-hbm15,5296864,data/raw/offline/smoke/llama32_1b/llamacpp-bf16/balanced/offline.json,llama-batched-bench,batched,8,decode,1,10.113122,4096,405.018341
smoke,validation,llama32_1b,llama_cpp_bf16,llama_cpp,bf16,none,llamacpp-bf16,balanced,512,512,cresco8-hbm15,5296864,data/raw/offline/smoke/llama32_1b/llamacpp-bf16/balanced/offline.json,llama-batched-bench,batched,8,decode,2,9.927105,4096,412.607697
smoke,validation,llama32_1b,llama_cpp_bf16,llama_cpp,bf16,none,llamacpp-bf16,balanced,512,512,cresco8-hbm15,5296864,data/raw/offline/smoke/llama32_1b/llamacpp-bf16/balanced/offline.json,llama-batched-bench,batched,8,decode,3,10.081165,4096,406.302246
smoke,validation,llama32_1b,llama_cpp_bf16,llama_cpp,bf16,none,llamacpp-bf16,balanced,512,512,cresco8-hbm15,5296864,data/raw/offline/smoke/llama32_1b/llamacpp-bf16/balanced/offline.json,llama-batched-bench,batched,8,prefill,1,2.784574,4096,1470.96106
smoke,validation,llama32_1b,llama_cpp_bf16,llama_cpp,bf16,none,llamacpp-bf16,balanced,512,512,cresco8-hbm15,5296864,data/raw/offline/smoke/llama32_1b/llamacpp-bf16/balanced/offline.json,llama-batched-bench,batched,8,prefill,2,2.780623,4096,1473.051147
smoke,validation,llama32_1b,llama_cpp_bf16,llama_cpp,bf16,none,llamacpp-bf16,balanced,512,512,cresco8-hbm15,5296864,data/raw/offline/smoke/llama32_1b/llamacpp-bf16/balanced/offline.json,llama-batched-bench,batched,8,prefill,3,2.781986,4096,1472.329468
smoke,validation,llama32_1b,llama_cpp_bf16,llama_cpp,bf16,none,llamacpp-bf16,balanced,512,512,cresco8-hbm15,5296864,data/raw/offline/smoke/llama32_1b/llamacpp-bf16/balanced/offline.json,llama-batched-bench,batched,8,total,1,12.897696,8192,635.152222
smoke,validation,llama32_1b,llama_cpp_bf16,llama_cpp,bf16,none,llamacpp-bf16,balanced,512,512,cresco8-hbm15,5296864,data/raw/offline/smoke/llama32_1b/llamacpp-bf16/balanced/offline.json,llama-batched-bench,batched,8,total,2,12.707727,8192,644.647156
smoke,validation,llama32_1b,llama_cpp_bf16,llama_cpp,bf16,none,llamacpp-bf16,balanced,512,512,cresco8-hbm15,5296864,data/raw/offline/smoke/llama32_1b/llamacpp-bf16/balanced/offline.json,llama-batched-bench,batched,8,total,3,12.863152,8192,636.85791
smoke,validation,llama32_1b,vllm_bf16,vllm,bf16,none,vllm-bf16,balanced,512,512,cresco8-hbm01,5296626,data/raw/offline/smoke/llama32_1b/vllm-bf16/balanced/offline.json,vllm-bench-latency,batch1,1,decode,0,6.223135057836771,511,82.1129535597174
smoke,validation,llama32_1b,vllm_bf16,vllm,bf16,none,vllm-bf16,balanced,512,512,cresco8-hbm01,5296626,data/raw/offline/smoke/llama32_1b/vllm-bf16/balanced/offline.json,vllm-bench-latency,batch1,1,decode,1,6.225758833810687,511,82.07834797982773
smoke,validation,llama32_1b,vllm_bf16,vllm,bf16,none,vllm-bf16,balanced,512,512,cresco8-hbm01,5296626,data/raw/offline/smoke/llama32_1b/vllm-bf16/balanced/offline.json,vllm-bench-latency,batch1,1,decode,2,6.229327525943518,511,82.03132647493952
smoke,validation,llama32_1b,vllm_bf16,vllm,bf16,none,vllm-bf16,balanced,512,512,cresco8-hbm01,5296626,data/raw/offline/smoke/llama32_1b/vllm-bf16/balanced/offline.json,vllm-bench-latency,batch1,1,prefill,0,0.1387603124603629,512,3689.8158480743805
smoke,validation,llama32_1b,vllm_bf16,vllm,bf16,none,vllm-bf16,balanced,512,512,cresco8-hbm01,5296626,data/raw/offline/smoke/llama32_1b/vllm-bf16/balanced/offline.json,vllm-bench-latency,batch1,1,prefill,1,0.11088749393820763,512,4617.292553164863
smoke,validation,llama32_1b,vllm_bf16,vllm,bf16,none,vllm-bf16,balanced,512,512,cresco8-hbm01,5296626,data/raw/offline/smoke/llama32_1b/vllm-bf16/balanced/offline.json,vllm-bench-latency,batch1,1,prefill,2,0.11054821964353323,512,4631.4630995502475
smoke,validation,llama32_1b,vllm_bf16,vllm,bf16,none,vllm-bf16,balanced,512,512,cresco8-hbm01,5296626,data/raw/offline/smoke/llama32_1b/vllm-bf16/balanced/offline.json,vllm-bench-latency,batch1,1,total,0,6.334022551774979,1024,161.66661732409608
smoke,validation,llama32_1b,vllm_bf16,vllm,bf16,none,vllm-bf16,balanced,512,512,cresco8-hbm01,5296626,data/raw/offline/smoke/llama32_1b/vllm-bf16/balanced/offline.json,vllm-bench-latency,batch1,1,total,1,6.336646327748895,1024,161.59967702722932
smoke,validation,llama32_1b,vllm_bf16,vllm,bf16,none,vllm-bf16,balanced,512,512,cresco8-hbm01,5296626,data/raw/offline/smoke/llama32_1b/vllm-bf16/balanced/offline.json,vllm-bench-latency,batch1,1,total,2,6.340215019881725,1024,161.50871804645868
smoke,validation,llama32_1b,vllm_bf16,vllm,bf16,none,vllm-bf16,balanced,512,512,cresco8-hbm01,5296626,data/raw/offline/smoke/llama32_1b/vllm-bf16/balanced/offline.json,vllm-bench-latency,batched,8,decode,0,7.258101476356387,4088,563.232687406873
smoke,validation,llama32_1b,vllm_bf16,vllm,bf16,none,vllm-bf16,balanced,512,512,cresco8-hbm01,5296626,data/raw/offline/smoke/llama32_1b/vllm-bf16/balanced/offline.json,vllm-bench-latency,batched,8,decode,1,7.126531793735921,4088,573.6310618291593
smoke,validation,llama32_1b,vllm_bf16,vllm,bf16,none,vllm-bf16,balanced,512,512,cresco8-hbm01,5296626,data/raw/offline/smoke/llama32_1b/vllm-bf16/balanced/offline.json,vllm-bench-latency,batched,8,decode,2,7.141866162419319,4088,572.3994131269443
smoke,validation,llama32_1b,vllm_bf16,vllm,bf16,none,vllm-bf16,balanced,512,512,cresco8-hbm01,5296626,data/raw/offline/smoke/llama32_1b/vllm-bf16/balanced/offline.json,vllm-bench-latency,batched,8,prefill,0,0.5044350288808346,4096,8119.9753496254925
smoke,validation,llama32_1b,vllm_bf16,vllm,bf16,none,vllm-bf16,balanced,512,512,cresco8-hbm01,5296626,data/raw/offline/smoke/llama32_1b/vllm-bf16/balanced/offline.json,vllm-bench-latency,batched,8,prefill,1,0.34376885276287794,4096,11914.982893535458
smoke,validation,llama32_1b,vllm_bf16,vllm,bf16,none,vllm-bf16,balanced,512,512,cresco8-hbm01,5296626,data/raw/offline/smoke/llama32_1b/vllm-bf16/balanced/offline.json,vllm-bench-latency,batched,8,prefill,2,0.34797446615993977,4096,11770.978615762435
smoke,validation,llama32_1b,vllm_bf16,vllm,bf16,none,vllm-bf16,balanced,512,512,cresco8-hbm01,5296626,data/raw/offline/smoke/llama32_1b/vllm-bf16/balanced/offline.json,vllm-bench-latency,batched,8,total,0,7.606075942516327,8192,1077.0336849003156
smoke,validation,llama32_1b,vllm_bf16,vllm,bf16,none,vllm-bf16,balanced,512,512,cresco8-hbm01,5296626,data/raw/offline/smoke/llama32_1b/vllm-bf16/balanced/offline.json,vllm-bench-latency,batched,8,total,1,7.474506259895861,8192,1095.9921251191963
smoke,validation,llama32_1b,vllm_bf16,vllm,bf16,none,vllm-bf16,balanced,512,512,cresco8-hbm01,5296626,data/raw/offline/smoke/llama32_1b/vllm-bf16/balanced/offline.json,vllm-bench-latency,batched,8,total,2,7.489840628579259,8192,1093.7482392804843
smoke,validation,llama32_1b,vllm_bf16,vllm,bf16,none,vllm-bf16,balanced,512,512,cresco8-hbm01,5296626,data/raw/offline/smoke/llama32_1b/vllm-bf16/balanced/offline.json,vllm-bench-throughput,throughput,64,total,0,16.306140090338886,65536,4019.099531643849
