campaign,campaign_role,model,configuration_id,backend,precision,quantization,arm,arm_dir,variant,workload,isl,osl,concurrency,n_reps,hosts,failed_requests,tokens_ok,manifest_consistent,node_check_triad_gbs_min,output_tok_s_mean,output_tok_s_std,output_tok_s_min,output_tok_s_max,output_tok_s_ci95,output_tok_s_cv,input_tok_s_mean,input_tok_s_std,input_tok_s_min,input_tok_s_max,input_tok_s_ci95,input_tok_s_cv,total_tok_s_mean,total_tok_s_std,total_tok_s_min,total_tok_s_max,total_tok_s_ci95,total_tok_s_cv,request_s_mean,request_s_std,request_s_min,request_s_max,request_s_ci95,request_s_cv,mem_read_gbs_mean,mem_read_gbs_std,mem_read_gbs_min,mem_read_gbs_max,mem_read_gbs_ci95,mem_read_gbs_cv,mem_write_gbs_mean,mem_write_gbs_std,mem_write_gbs_min,mem_write_gbs_max,mem_write_gbs_ci95,mem_write_gbs_cv,mem_total_gbs_mean,mem_total_gbs_std,mem_total_gbs_min,mem_total_gbs_max,mem_total_gbs_ci95,mem_total_gbs_cv,amx_busy_frac_mean,amx_busy_frac_std,amx_busy_frac_min,amx_busy_frac_max,amx_busy_frac_ci95,amx_busy_frac_cv,ipc_mean,ipc_std,ipc_min,ipc_max,ipc_ci95,ipc_cv,ghz_effective_per_core_mean,ghz_effective_per_core_std,ghz_effective_per_core_min,ghz_effective_per_core_max,ghz_effective_per_core_ci95,ghz_effective_per_core_cv,cpu_busy_compute_mean_mean,cpu_busy_compute_mean_std,cpu_busy_compute_mean_min,cpu_busy_compute_mean_max,cpu_busy_compute_mean_ci95,cpu_busy_compute_mean_cv,cpu_busy_frontend_mean,cpu_busy_frontend_std,cpu_busy_frontend_min,cpu_busy_frontend_max,cpu_busy_frontend_ci95,cpu_busy_frontend_cv,tokens_per_step_mean,tokens_per_step_std,tokens_per_step_min,tokens_per_step_max,tokens_per_step_ci95,tokens_per_step_cv,engine_steps_per_s_mean,engine_steps_per_s_std,engine_steps_per_s_min,engine_steps_per_s_max,engine_steps_per_s_ci95,engine_steps_per_s_cv,running_requests_mean_mean,running_requests_mean_std,running_requests_mean_min,running_requests_mean_max,running_requests_mean_ci95,running_requests_mean_cv,rss_gib_max_mean,rss_gib_max_std,rss_gib_max_min,rss_gib_max_max,rss_gib_max_ci95,rss_gib_max_cv,client_cpu_frac_mean,client_cpu_frac_std,client_cpu_frac_min,client_cpu_frac_max,client_cpu_frac_ci95,client_cpu_frac_cv,ttft_s_p50_mean,ttft_s_p50_std,ttft_s_p50_min,ttft_s_p50_max,ttft_s_p50_ci95,ttft_s_p50_cv,tpot_s_p50_mean,tpot_s_p50_std,tpot_s_p50_min,tpot_s_p50_max,tpot_s_p50_ci95,tpot_s_p50_cv,e2e_s_p50_mean,e2e_s_p50_std,e2e_s_p50_min,e2e_s_p50_max,e2e_s_p50_ci95,e2e_s_p50_cv,itl_s_p50_mean,itl_s_p50_std,itl_s_p50_min,itl_s_p50_max,itl_s_p50_ci95,itl_s_p50_cv,working_set_gib_model,stream_triad_gbs_at_ws,stream_pmu_total_gbs_at_ws,stream_pmu_total_gbs_max,bw_util_vs_stream_at_ws_mean,bw_util_vs_stream_max_mean,bytes_per_output_token_mb_mean,idle_cpu_busy_compute_max,client_loop_lag_ms_max,latency_n,ttft_s_pooled_p50,ttft_s_pooled_p95,ttft_s_pooled_p99,ttft_s_pooled_mean,tpot_s_pooled_p50,tpot_s_pooled_p95,tpot_s_pooled_p99,tpot_s_pooled_mean,e2e_s_pooled_p50,e2e_s_pooled_p95,e2e_s_pooled_p99,e2e_s_pooled_mean,p99_meaningful
main,primary,llama31_8b,llama_cpp_bf16,llama_cpp,bf16,none,llamacpp-bf16,llamacpp-bf16,,balanced,512,512,1,3,cresco8-hbm05,0,True,True,517.7126895389807,20.958662839759185,0.0026795104867070223,20.955995054730735,20.96135392375948,0.006656273049059396,0.00012784739690663443,20.958662839759185,0.0026795104867070223,20.955995054730735,20.96135392375948,0.006656273049059396,0.00012784739690663443,41.91732567951837,0.005359020973414045,41.91199010946147,41.92270784751896,0.013312546098118792,0.00012784739690663443,0.04093488835890466,5.233418919349653e-06,0.04092967784127097,0.04094014438234273,1.3000533298944133e-05,0.00012784739690663443,317.5617281180829,0.1268456622456551,317.4156600076396,317.6441377993734,0.31510209315637694,0.00039943623873494135,1.0446395655055534,0.0021364267971486933,1.0424131231003007,1.0466728601409254,0.0053071783751910415,0.00204513295082287,318.6063676835884,0.12500480758447027,318.4623328677805,318.6865509224737,0.31052915667067627,0.00039234874209612147,0.0,0.0,0.0,0.0,0.0,,0.30875844452593143,0.0001110280906389136,0.3086923255238328,0.3088866273421145,0.00027580906701975906,0.0003595953166864357,2.1789503322051935,0.001881486686220141,2.176882099090776,2.180560470453612,0.004673872031395613,0.0008634830534737309,0.995794742593771,0.0004371276912390684,0.9953119287005229,0.9961636198381626,0.0010858853826573242,0.0004389736885941687,0.014629469859956763,0.00046402415149845457,0.014301107990764497,0.015160328139529758,0.0011526998939002595,0.03171845295423617,1.8797470952321422,0.0037205869619329,1.8763742975812363,1.88373804267844,0.009242450381984107,0.0019793018812849505,20.98806084373115,0.028282403019367807,20.958974485801487,21.015464122125636,0.07025738391933298,0.0013475472188663573,0.9973961632520402,0.0017297033402774876,0.9955470411985827,0.9989745089290399,0.004296821297723821,0.0017342189633432496,15.341176350911459,0.0015202242662011151,15.340145111083984,15.34292221069336,0.003776446429988163,9.909437395332429e-05,0.003952022543276269,5.4293670959006233e-05,0.0038969651860766685,0.004005518860772425,0.0001348729555386311,0.013738198698126909,2.3416057117283344,0.009332566882045288,2.333203734830022,2.351650662254542,0.023183381339120894,0.003985541560349603,0.04322413233851811,7.37108777799391e-06,0.043215857361262905,0.0432299950803446,1.8310797125936614e-05,0.00017053176962040134,24.435083717883874,0.002384590414863714,24.43246301729232,24.43712565395981,0.005923650976641316,9.758879660062094e-05,0.04299833333333239,5.530220007951597e-06,0.042992499999998476,0.04300349999999889,1.3737828076028773e-05,0.00012861475269471806,14.072761535644531,487.90531032232406,482.32728287426113,502.3193224888629,0.6605605343014497,0.6342705793298492,15201.654994473609,0.013829413044733124,2.0972404628992054,24,2.343131650239229,2.3799285826273264,2.385074340803549,2.340216265874915,0.043223890623555264,0.0432694450574845,0.043304308426025125,0.043224054919671205,24.434978337958455,24.469039414077997,24.483008123347535,24.427708329826903,False
main,primary,llama31_8b,llama_cpp_bf16,llama_cpp,bf16,none,llamacpp-bf16,llamacpp-bf16,,balanced,512,512,2,3,cresco8-hbm05,0,True,True,517.7126895389807,32.48976183100456,0.014432201481426613,32.47417319978824,32.50265853548478,0.03585157596359083,0.0004442076724506534,33.51532053898405,0.04059643125736679,33.48273555714275,33.56079751978607,0.10084712584890472,0.0012112798148579901,66.00508236998861,0.050558026920725675,65.97518931488341,66.06345605527085,0.12559310130546306,0.0007659717268031703,0.06545961042770322,7.928990479954451e-05,0.06539596788504444,0.06554843265583217,0.00019696704267364203,0.0012112798148579901,251.33658504506442,0.2651628600039383,251.11195451407377,251.62908684095424,0.6587010602913564,0.001055010992356703,0.9945322718474007,0.0009404482699941972,0.9934572784819932,0.995202940962621,0.002336203013442942,0.0009456186557398089,252.3311173169118,0.26423416607379124,252.10715745503637,252.62254411943624,0.6563940566768045,0.001047172338011447,0.0,0.0,0.0,0.0,0.0,,0.3039026996125593,0.000147514288083278,0.30374451538947067,0.30403650715943137,0.0003664458060496732,0.00048539972916114804,2.304945779634443,0.0017404327217462876,2.3032199378994607,2.306700445301902,0.0043234745588542215,0.0007550861877637377,0.9972601772344047,9.93570811110541e-05,0.9971496534789939,0.9973420887684742,0.0002468166721174059,9.963004978960505e-05,0.014153484336857014,0.00045452546030837296,0.013735630384723578,0.014637442129530507,0.001129103836902707,0.03211403280567073,3.5791122629830476,0.021162251536044098,3.5658734764944864,3.6035190615835777,0.05256994710623349,0.005912709627723776,16.246031149226678,0.008335146070764264,16.238095158591968,16.254715043133412,0.020705650687333092,0.0005130573734718601,1.9907585057062185,0.0026049625781339385,1.9878178060057705,1.992776618267219,0.006471085778040882,0.001308527664539518,15.490558624267578,0.0012871593547402168,15.4891357421875,15.491641998291016,0.003197481094142394,8.309315280107118e-05,0.005281182789576222,4.486028798720472e-05,0.0052431004889527035,0.005330633629506751,0.00011143913314899556,0.008494363814815895,2.461963651391367,0.004990837388870168,2.457632319070399,2.467421448789537,0.012397927370905932,0.002027177528006809,0.05801007369276809,5.365572039432949e-05,0.05795021882780086,0.05805385690692761,0.00013328819848268516,0.0009249379802290884,32.104650241943695,0.02930327561750138,32.07437605038285,32.132875001989305,0.07279337203924913,0.000912742403255264,0.05296733333333395,9.2915732450709e-06,0.05296099999999933,0.052978000000002794,2.308154749957101e-05,0.0001754208237480483,14.166511535644531,487.70882597635904,482.16540224808574,502.3193224888629,0.5233289575328786,0.5023320943870445,7766.479770119883,0.004776561509071359,2.106309682130811,18,2.4617431010119617,2.4772118060849606,2.479059199821204,2.4615915417671204,0.058029663054647976,0.058077505648996386,0.05810297413807501,0.05801715098352218,32.10694213071838,32.14421276878566,32.15353673126548,32.108355694346955,False
main,primary,llama31_8b,llama_cpp_bf16,llama_cpp,bf16,none,llamacpp-bf16,llamacpp-bf16,,balanced,512,512,4,3,cresco8-hbm05,0,True,True,517.7126895389807,49.29462796844552,0.007448235857324768,49.28977317772951,49.30320349138142,0.018502443579191504,0.0001510962992172805,53.234097798633776,0.07106036401698565,53.15527745015858,53.29325866485704,0.17652373006530023,0.0013348655646571205,102.52872576707928,0.07622475749424291,102.44618468638419,102.59646215623846,0.18935279466047242,0.0007434478183939135,0.1039728472629566,0.0001387897734706751,0.10381890126984097,0.10408839582979891,0.0003447729102837895,0.0013348655646571205,198.23301158463792,0.02343488605394904,198.20742544475783,198.2534339382199,0.05821548421718669,0.00011821888729134925,1.373758245944537,0.0009954000111137057,1.3726243522249728,1.3744880883434687,0.0024727107058842538,0.0007245816460445058,199.60676983058246,0.024416965476183324,199.58004979698282,199.6279220265634,0.06065510474589285,0.00012232533744675785,0.0,0.0,0.0,0.0,0.0,,0.41707404147343735,0.0006916059333916306,0.4162839630184383,0.41756983184640023,0.0017180443808084364,0.001658232986518001,2.2653458382339298,0.00398619158826531,2.262010541892699,2.2697605888990813,0.009902248850671801,0.0017596393102489625,0.9972325413745476,0.00010053280716579078,0.9971180083246084,0.9973061932792916,0.0002497373375486647,0.00010081179965028033,0.014092385017343426,0.0010413962666782496,0.013009594540905185,0.015086747994317064,0.002586971738931444,0.07389780121651576,7.728301886792454,1.0877919644084146e-15,7.728301886792453,7.728301886792453,2.7022250413259157e-15,1.4075433133214347e-16,12.325581407895754,2.0777686223368964e-07,12.325581209414242,12.325581623862863,5.161463391038614e-07,1.6857368050856247e-08,3.989484414461876,0.014088855572989991,3.9732160053574805,3.9976191343711447,0.03499865744426824,0.003531497835138272,15.808563232421875,0.0007961758469477007,15.808032989501953,15.809478759765625,0.001977810446587542,5.036358050014431e-05,0.007174638351229366,3.1237667403174094e-05,0.007138600731819811,0.007193983567832639,7.759866762333877e-05,0.004353901322123303,2.4529612750435867,0.0038747171904950284,2.4485007282346487,2.4554933346807957,0.009625331095275988,0.0015796079742132001,0.07716186912226099,4.753662542545953e-05,0.07712169519740425,0.07721434856187225,0.0001180875239087336,0.0006160636849029535,41.906190027172364,0.011969851855669037,41.89485898800194,41.91870996262878,0.029734760398732126,0.00028563445753259064,0.06303700000000026,1.7521415467871173e-05,0.06302000000000044,0.06305500000000029,4.352560892698433e-05,0.00027795446274205785,14.354011535644531,487.31972829813753,481.8448302682441,502.3193224888629,0.4142552898605572,0.39737028000751057,4049.2601197890835,0.010563773306952344,2.1168895065784428,18,2.4463303526863456,2.526393495220691,2.5473145126737653,2.4604482313928506,0.07718355769889317,0.07738427689605176,0.07739687178251124,0.07720501592486471,41.90513165295124,41.96062549157068,41.963480018731204,41.91221136899872,False
main,primary,llama31_8b,llama_cpp_bf16,llama_cpp,bf16,none,llamacpp-bf16,llamacpp-bf16,,balanced,512,512,8,3,cresco8-hbm05,0,True,True,517.7126895389807,64.60401388812099,0.0473005937823706,64.56247023993129,64.65549304266774,0.11750118880297,0.0007321618415890404,59.43039080590659,0.05103253291934012,59.384548528144165,59.48537724680303,0.12677183955107296,0.0008586942173408721,124.03440469402757,0.09832409891648168,123.94701876807545,124.14087028947078,0.2442506020923019,0.000792716336721501,0.11607498204278631,9.967291585808618e-05,0.11598544634403157,0.11618237743516217,0.0002476012491231894,0.0008586942173408721,137.8504541980635,0.10275806731870227,137.73259835638646,137.92128677496694,0.2552651902129674,0.0007454314743936898,1.5050516523704924,0.002702942128056424,1.5030983794233832,1.5081364728358253,0.006714480472983652,0.0017959131992574642,139.35550585043399,0.10469970222841496,139.23569673580985,139.42942324780276,0.26008847871463564,0.0007513137108539217,0.0,0.0,0.0,0.0,0.0,,0.4930713110679143,0.0009306027828206634,0.49237992443703926,0.4941294016983236,0.002311745467464612,0.001887359418265738,2.3626699481461677,0.0012979083067634466,2.3617818264356365,2.364159473416527,0.0032241829712250938,0.0005493396603202366,0.9907242877047814,0.00035280320835158,0.9904691039836838,0.991126890574543,0.0008764117546926689,0.00035610634838570675,0.01505737475514496,0.0006778117179221363,0.014453819363470061,0.015790683900401427,0.001683777649956656,0.04501526520687377,13.809615925516423,0.10066133784180029,13.737874097007223,13.92468619246862,0.2500566254480567,0.007289220669476074,8.055648867860837,0.02082340848525891,8.033613472602156,8.074999953624017,0.051728214305413474,0.0025849449034871515,7.975834663400497,0.006885885112000434,7.968228881733812,7.9816449101327045,0.017105486885500423,0.0008633435123220868,16.43924840291341,0.0006606184892486217,16.438556671142578,16.43987274169922,0.0016410673022220312,4.018544358339065e-05,0.009093794319119308,2.424817857810585e-05,0.009077297582798993,0.00912163522239974,6.023581484712924e-05,0.0026664533776759288,2.5082192116727433,0.03987049710583149,2.480666852556169,2.553937638644129,0.09904380544682839,0.01589593801063411,0.12447911315607922,0.00014773753659572927,0.124308675857454,0.12457063459424911,0.0003670003860985456,0.0011868459924717432,66.11032693010445,0.05679967366578485,66.04559890087694,66.15185143612325,0.14109821136828826,0.0008591649187552295,0.0916170000000005,5.5850246194480806e-05,0.09157550000000084,0.09168050000000039,0.00013873970278225012,0.0006096057084872949,14.729011535644531,486.55655285650744,481.2160610003108,502.3193224888629,0.2895903049469165,0.2774241396089709,2157.0720500478146,0.004379273995636292,2.1381823346018765,21,2.495186176151037,2.5871881740167737,2.603126693703234,2.5075579924686324,0.12448249975084501,0.1247238044056553,0.12474270636532929,0.12448831922657161,66.13265423197299,66.20187578815967,66.20842890609056,66.12108911724673,False
main,primary,llama31_8b,llama_cpp_bf16,llama_cpp,bf16,none,llamacpp-bf16,llamacpp-bf16,,balanced,512,512,16,3,cresco8-hbm05,0,True,True,517.7126895389807,76.19050033358296,0.0496652968084927,76.13345887114562,76.22415383981448,0.12337543676725003,0.0006518568140522031,67.14562782367499,0.11872713979870814,67.01544854684347,67.24794850609302,0.2949345653822244,0.0017682035844610263,143.33612815725795,0.09283946480026314,143.22933683663226,143.39764025790294,0.230626015649051,0.0006477045668375139,0.1311438043431152,0.00023188894491935183,0.13088954794305366,0.13134364942596294,0.000576044073012157,0.0017682035844610263,92.9846375647677,0.11903276297360309,92.87999391194168,93.1141350227204,0.2956937754365658,0.001280133644557057,1.716521287443171,0.0017812564663148628,1.7150458767195353,1.7185000596832127,0.004424886362271882,0.001037713006733588,94.70115885221087,0.11805249304534118,94.59849397162489,94.83015294864715,0.29325864994007556,0.0012465791810380277,0.0,0.0,0.0,0.0,0.0,,0.5694811654112426,0.001120474337207475,0.5684974463415552,0.5707008197896312,0.0027834125561055447,0.001967535373006306,2.293231265429956,0.004621342623525139,2.2879202701956785,2.2963359900054603,0.011480051490018005,0.0020152100196744386,0.956528259979564,0.00015176909320864214,0.956436484976723,0.9567034412135995,0.0003770153279177389,0.00015866660668434893,0.013802429215809068,0.000551541648626276,0.013183414011726237,0.014241603016241233,0.0013701054089534817,0.03995975201195377,27.238250196246344,0.018194382278893594,27.227745664739885,27.25925925925926,0.045197351161001494,0.0006679717730693629,4.750915782025047,0.003172270396416848,4.747252759690475,4.752747310459928,0.007880356523608262,0.0006677176658064623,15.990187133116185,0.002936966702656297,15.986962749429436,15.99270942703789,0.007295829744223526,0.00018367306637542382,17.713851928710938,0.0017589477674502744,17.712383270263672,17.715801239013672,0.004369468482122277,9.929787008094719e-05,0.01061565621486043,0.00012489504674946276,0.01054274405397936,0.010759869593426383,0.00031025649564116095,0.011765174401053721,2.5119096908407905,0.002074556092074062,2.5105775031261146,2.514299948234111,0.005153483023462567,0.0008258880084895342,0.2170241954854877,0.0001318048482548295,0.2169141238445959,0.2171702570903412,0.00032742139414135166,0.0006073278970576497,113.40799618853877,0.07958699024892843,113.34220167342573,113.49645782634616,0.1977050438420689,0.0007017758264295269,0.1467551666666653,9.221487587754205e-05,0.1466889999999985,0.14686049999999706,0.00022907445075177803,0.0006283586327627959,15.479011535644531,485.0868253718563,480.00517366801967,502.3193224888629,0.19729195443569927,0.1885278041525279,1242.9526071178077,0.003944365779904229,25.470802374184128,27,2.514622403308749,2.57324654776603,2.597501572072506,2.5173758607771664,0.21698142252607297,0.2172106096945674,0.21722507679834963,0.2170232496272743,113.4066199278459,113.50236553456634,113.5087411631085,113.41625642031431,False
main,primary,llama31_8b,llama_cpp_bf16,llama_cpp,bf16,none,llamacpp-bf16,llamacpp-bf16,,balanced,512,512,32,3,cresco8-hbm05,0,True,True,517.7126895389807,84.09899572069911,0.11186158719585651,83.97321106205835,84.18731794242876,0.27787958724947504,0.001330117990556744,73.64558720431971,0.1319343555797112,73.49542952183158,73.74294107585735,0.3277431081710382,0.0017914767277729376,157.74458292501882,0.24368810264527405,157.46864058388994,157.9302590182861,0.6053548056860106,0.0015448270750514901,0.14383903750843693,0.00025768428824162344,0.1435457607848273,0.14402918178878388,0.000640123258146559,0.0017914767277729376,63.17942145188815,0.08238713634844853,63.0847231854385,63.2346330900745,0.2046609923662974,0.0013040185309576991,2.015926919833758,0.0035736310387257577,2.011887478455826,2.0186767253237106,0.008877391631180159,0.0017726987042865894,65.19534837172192,0.0859400012166141,65.09661066389432,65.25330981539821,0.21348679797006034,0.0013181922232643525,0.0,0.0,0.0,0.0,0.0,,0.6547993264678645,0.0007055574443403599,0.654070563641681,0.6554791280208394,0.0017527018552920726,0.0010775170587701978,2.189311391839292,0.005250827220791115,2.183273004589777,2.1928045011435424,0.013043777917052385,0.0023983921338753787,0.9166288325424151,0.0013349958187551737,0.9151549686854669,0.917756926629693,0.0033163134583987356,0.001456419186654157,0.012852965826284264,0.000406087452841845,0.012468066355439268,0.013277355893178047,0.001008777155873061,0.031594844204082276,55.44860518180826,0.19241863764891542,55.25801011804384,55.64279696714406,0.4779943942272927,0.0034702160138744965,2.627496505752956,0.004081379366066554,2.6238938143167925,2.631929033399677,0.010138708399205583,0.0015533338891718003,31.940118300349994,0.037099524034973554,31.91793426325016,31.98294793155566,0.09216032674326557,0.0011615337077373012,20.258431752522785,0.006944868092748237,20.250778198242188,20.264331817626953,0.017252008732327483,0.00034281370727935994,0.011665081364109263,6.783793923162044e-05,0.011594732627368314,0.011730093249608472,0.00016851878313269553,0.005815470729620624,2.633414573967457,0.007115160317241817,2.6260837027803063,2.6402923688292503,0.01767503806920984,0.002701876258899198,0.39715234632679763,0.0002589276026148743,0.39693766512676576,0.3974399020487111,0.0006432118222687125,0.0006519604001075576,205.59886719938368,0.14406971716325478,205.472664299421,205.75583400204778,0.357889017526445,0.0007007320571642073,0.25193766666667455,0.00014769083699113305,0.2517675000000163,0.25203250000000116,0.00036688437784964425,0.0005862197540573994,16.97901153564453,475.43530161642974,470.8422055578766,502.3193224888629,0.138465387346649,0.12978865325883893,775.2215009645715,0.0011601010206401903,2.909502759575841,102,2.634347205981612,2.907310115173459,2.9234458392858507,2.663028160502732,0.3972463070354816,0.3976092217943892,0.39771313534468167,0.39721251490518855,205.64032459398732,205.9207791290246,206.00295106704345,205.6386232770541,True
main,primary,llama31_8b,llama_cpp_bf16,llama_cpp,bf16,none,llamacpp-bf16,llamacpp-bf16,,balanced,512,512,64,3,cresco8-hbm05,0,True,True,517.7126895389807,83.98880548657799,0.033010077868773365,83.96161906536004,84.02553609368965,0.08200157930163487,0.00039302949574688986,72.08966729955092,0.11663108391035837,72.00120978372564,72.22184070286407,0.28972767390403836,0.0016178613146559065,156.0784727861289,0.146901388109893,155.98047108440988,156.24737679655374,0.3649232781122568,0.0009412021112686624,0.1408001314444354,0.0002277950857624187,0.14062736285883914,0.1410582826227814,0.0005658743630938249,0.0016178613146559065,42.703044394405566,0.037682186048607964,42.677717477499456,42.746348636226955,0.09360773942453919,0.0008824238782737614,2.0950597725291695,0.001460401617775005,2.093945926345838,2.09671318223503,0.0036278387330160814,0.0006970691895878459,44.798104166934735,0.03908156889460196,44.772237686506095,44.84306181846198,0.09708399912544939,0.0008723933662230259,0.0,0.0,0.0,0.0,0.0,,0.6899235211393693,0.0005315631336614184,0.6894962719645771,0.6905187908132626,0.0013204760265045107,0.0007704667508415603,2.0448645192104897,0.0004549994953594665,2.0443403754164478,2.0451578881225942,0.0011302814052498202,0.00022250838189277162,0.8696072811261256,0.00038099884528596694,0.8691757582730887,0.8698972122269687,0.0009464535997081999,0.0004381274784090818,0.013573813327169407,7.500116816960248e-05,0.013488031362528137,0.013627012856114952,0.000186313230275438,0.005525430942790395,109.16633874081226,0.2289080301535246,108.95428096425603,109.40901502504174,0.5686390702268522,0.002096873750589076,1.3117265595694765,0.0005296298893887173,1.3111353690061391,1.3121577207321757,0.0013156735815006686,0.0004037654688966181,63.98684578556661,0.004607299924117431,63.98410535237781,63.992165018753035,0.011445167490844545,7.20038605990591e-05,25.3239262898763,0.005485265846368257,25.317596435546875,25.327285766601562,0.013626155747939479,0.00021660408356823766,0.012166693261677955,7.114829446715864e-05,0.012086186659168954,0.012221127360509777,0.00017674216141258615,0.005847792242059558,2.895865833386779,0.006192884383943035,2.890220647677779,2.902489837259054,0.015383977642662605,0.0021385260023252944,0.8037608823637536,0.000530345357750449,0.8033472646133512,0.804358787730759,0.0013174509034396108,0.0006598297695090287,413.61797868677723,0.28748465805213114,413.38264863938093,413.93840528279543,0.7141514806169471,0.0006950487475541682,0.5096648333333336,0.0002648472830400292,0.5093600000000006,0.5098385000000125,0.0006579171236543502,0.0005196499066020756,19.97901153564453,451.6775113634868,447.9502232735434,502.3193224888629,0.10000687987062017,0.08918252227481847,533.3817817044993,0.0027499006360143215,2.250529639422891,198,2.8954461589455605,2.9481676790397615,3.319493760820478,2.9072654933311197,0.8037457163664358,0.8047556683842143,0.8049522888819357,0.8038128923656548,413.6854663360864,414.1508307765238,414.2666357837804,413.6556534921807,True
main,primary,llama31_8b,llama_cpp_bf16,llama_cpp,bf16,none,llamacpp-bf16,llamacpp-bf16,,decode,128,512,1,3,cresco8-hbm04,0,True,True,518.2287477326361,21.57815763537194,0.014959335935869332,21.56336158901628,21.593275081508974,0.037161050541034926,0.0006932628905883642,5.394539408842985,0.003739833983967333,5.39084039725407,5.3983187703772435,0.009290262635258732,0.0006932628905883642,26.972697044214925,0.01869916991983533,26.954201986270352,26.991593851886215,0.046451313176290344,0.0006932628905883147,0.04214483913158582,2.921745299974479e-05,0.042115940603547425,0.042174365393572215,7.258017683795884e-05,0.0006932628905883642,324.17481337896976,0.17183813094967573,324.0343357282561,324.36641062177574,0.426869581408781,0.0005300785991316111,0.9826215495028645,5.209632888031386e-05,0.9825709928992261,0.9826750598760604,0.0001294144552153355,5.301769425540366e-05,325.15743492847264,0.1718491974746091,325.01690672115535,325.3490292175091,0.42689707218070605,0.0005285107428418855,0.0,0.0,0.0,0.0,0.0,,0.23991400962585,0.000155639881818226,0.23977906152926365,0.2400842724441192,0.00038663089987701975,0.0006487319438366649,2.290273853320642,0.0010906888673564074,2.289300497626702,2.291452655596585,0.0027094213471863054,0.0004762263978934353,0.9956973199821751,0.00021152710533625088,0.9955598828101896,0.9959409013260936,0.0005254624594231653,0.00021244117172077717,0.013951029729443037,0.0009482168476859213,0.01326651512155174,0.015033351222444603,0.002355501230253616,0.06796751681237917,1.105689968634313,0.01744531636481586,1.0950867758494256,1.1258245785487417,0.04333656827525426,0.015777764888618234,21.641975511706505,0.01616467528006817,21.624338569035647,21.656085525050525,0.04015527946141567,0.0007469131120365804,0.9974436328729657,0.0031877300958800606,0.9937758787653436,0.9995464114304822,0.007918760546057153,0.0031958999895546473,15.21441396077474,0.0007067217876267977,15.21377944946289,15.21517562866211,0.0017555942443593358,4.645080575885753e-05,0.004097672702161032,5.025498674848032e-05,0.004063080403965169,0.004155318490318517,0.00012484030778541305,0.012264275456157547,0.5857758169683317,0.004478919986463857,0.5812851851806045,0.5902429325506091,0.011126254046287145,0.007646133310255786,0.045272316506639154,2.0076104159607553e-05,0.04524990235165549,0.04528864746942475,4.987180744790879e-05,0.0004434521073526999,23.719338625203818,0.008937362179396842,23.710513392463326,23.72838404774666,0.022201638433410813,0.00037679643267540916,0.045070499999999965,1.8027756374056699e-06,0.04506850000000032,0.04507199999999967,4.478342946704164e-06,3.999901570663008e-05,14.025886535644531,488.0040438957099,482.4086280450723,502.3193224888629,0.6740290617233584,0.6473122182865697,15068.824108940504,0.016198941535547996,2.09664814174175,24,0.5860944571904838,0.6548648089170456,0.6645133249927312,0.5939236145544177,0.04527775078388605,0.04536668956088387,0.04550346616537123,0.04526948044949867,23.722201858647168,23.76817810572684,23.88203719517216,23.726628124248236,False
main,primary,llama31_8b,llama_cpp_bf16,llama_cpp,bf16,none,llamacpp-bf16,llamacpp-bf16,,decode,128,512,2,3,cresco8-hbm04,0,True,True,518.2287477326361,38.07432187898676,0.010043963357911405,38.06360866374059,38.08352575372456,0.0249505881528262,0.00026379887709713026,9.57289134000838,0.0038730738448451655,9.569302290323112,9.576996653195959,0.009621248798373724,0.0004045876744320985,47.64721321899515,0.013832488339812342,47.6329109540637,47.66052240692052,0.03436180593227455,0.0002903105429531784,0.07478821359381548,3.0258389412852855e-05,0.07476017414314931,0.07482028635309343,7.516600623729472e-05,0.0004045876744320985,288.8673366536127,0.23029789821146118,288.7044898357477,289.13082545561605,0.5720916938839297,0.0007972445098132245,0.7094556420196584,0.0008761037665231929,0.7084455084446983,0.7100084626579779,0.00217636240582677,0.0012348957632208341,289.5767922956323,0.22943762043413074,289.41440279070406,289.83927096406074,0.5699546454146823,0.0007923204709025688,0.0,0.0,0.0,0.0,0.0,,0.24306153694199403,0.00036691322064376933,0.24266933816944616,0.2433964181844025,0.0009114629683409572,0.0015095486733934878,2.326065482830902,0.000981695058318067,2.325266384486709,2.327161312524597,0.00243866571580685,0.0004220410240228105,0.9974522568722876,0.00013687823336250356,0.997302720458783,0.9975713511046408,0.00034002438141355723,0.00013722785468621107,0.013595296617794168,0.0005071241032760474,0.013093006192288599,0.014107119989312912,0.0012597661094855986,0.037301437220008817,2.174057268355368,0.01426625363650657,2.1658206429780034,2.190530519110097,0.035439338663841254,0.006562041324375375,19.061126650182118,0.005870598460441482,19.054347866979324,19.064516070993708,0.014583375026126114,0.0003079880097426136,1.9872847161257081,0.010019234489064768,1.976204412960499,1.9957067457543372,0.024889158237155342,0.0050416703795708095,15.322226206461588,0.0012185395458479294,15.321361541748047,15.323619842529297,0.0030270200390999616,7.952757839680339e-05,0.00606435052548556,1.5032817062861213e-05,0.006048397455875198,0.006078252451952958,3.7343587779697376e-05,0.0024788832703000075,0.6767259854823351,0.003931020530702003,0.6735597560182214,0.6811258653178811,0.00976519634598164,0.005808880721345695,0.05167409939058393,6.08919903983998e-06,0.05166928286786299,0.05168094377374229,1.5126408969220394e-05,0.00011783851313622616,27.08447142566244,0.0060449324303803635,27.07992088701576,27.091330433264375,0.015016444615290437,0.00022318812633916908,0.05021466666666554,7.234178137446968e-06,0.05020999999999913,0.05022299999999814,1.7970694724751775e-05,0.0001440650434955351,14.072761535644531,487.90531032232406,482.32728287426113,502.3193224888629,0.6003740666918125,0.5764795008498855,7605.56607137058,0.004077553083966552,2.1003408357501003,18,0.674840038176626,0.6833123115357012,0.6875924430321902,0.6691213958482776,0.05167365986981416,0.05175465167593029,0.05177776818045227,0.05168681569311587,27.08025665068999,27.12671215310693,27.1338067625463,27.081084215030486,False
main,primary,llama31_8b,llama_cpp_bf16,llama_cpp,bf16,none,llamacpp-bf16,llamacpp-bf16,,decode,128,512,4,3,cresco8-hbm04,0,True,True,518.2287477326361,62.78929126874285,0.0806821860123897,62.69935126939235,62.8553020033711,0.20042566093983225,0.0012849672990743585,16.28149532897912,0.018887775395208986,16.260615187379557,16.297390931326472,0.04691983515030864,0.0011600762100512352,79.07078659772196,0.09956344644804176,78.95996645677191,79.15269293469757,0.24732931203341496,0.0012591685340703337,0.12719918225764937,0.0001475607452750702,0.1270360561514028,0.12732336665098806,0.00036656121211178625,0.0011600762100512352,243.9351888311027,0.05690589315171262,243.88242057887894,243.995483344168,0.14136207519900418,0.0002332828380538138,1.0872856344208437,0.0035998607164236026,1.083153053287178,1.0897396453223278,0.008942549762716433,0.0033108693819367103,245.02247446552352,0.06003864414792991,244.9655736321661,245.08522298949032,0.14914426009023096,0.0002450332128874888,0.0,0.0,0.0,0.0,0.0,,0.3368192302010919,0.0009322535859931464,0.3359460730402654,0.33780105567784674,0.0023158462898800543,0.0027678157967303742,2.2841369891334025,0.00116973619482364,2.283372441748118,2.2854835673615628,0.0029057857943607353,0.0005121129776316244,0.9966198739863693,0.0011707914231030615,0.9952807734719736,0.9974502344287876,0.0029084071267241516,0.0011747622676036202,0.013217751424553921,0.00027670597701839487,0.012961444011777455,0.013511120385487792,0.0006873757525781149,0.020934421304396204,4.678947055408044,0.04597460683104658,4.650317892824705,4.7319778188539745,0.11420725461189715,0.00982584463696976,15.70800557042528,0.0243215700293633,15.681159782643789,15.728571049806348,0.060418129318917956,0.0015483550677595549,3.9828698617239264,0.009773202905126996,3.9731122175213978,3.9926585493770594,0.024277981901213854,0.002453809249217299,15.555685679117838,0.0026195899516678876,15.552734375,15.557735443115234,0.006507422188260424,0.0001684008024914299,0.008844907542327968,8.378843578027197e-05,0.008776721210812922,0.008938443706970094,0.00020814201313034428,0.009473070846619495,0.6985545953114828,0.004020902229818185,0.6942361742258072,0.7021906552836299,0.009988474864352346,0.005756031463833232,0.06281323797650883,4.4418069930116826e-05,0.06276256448922791,0.06284543862584577,0.00011034060259656656,0.0007071450439591809,32.79881538730115,0.029425200383159506,32.77090741042048,32.82955332752317,0.07309624994761679,0.000897142169181884,0.058933333333332484,4.0648903224595575e-05,0.05888699999999881,0.05896299999999974,0.00010097747344150747,0.0006897438329965411,14.166511535644531,487.70882597635904,482.16540224808574,502.3193224888629,0.5081709996675655,0.4877823000148596,3902.301626941057,0.007671912114471937,2.118974737823007,18,0.6967365653254092,0.7797315450850874,0.7867820559907704,0.7074388110906713,0.06282506045774208,0.06293751971382436,0.06303447898584846,0.06279771996355833,32.794203381519765,32.855477281613275,32.868620779505,32.79707371246897,False
main,primary,llama31_8b,llama_cpp_bf16,llama_cpp,bf16,none,llamacpp-bf16,llamacpp-bf16,,decode,128,512,8,3,cresco8-hbm04,0,True,True,518.2287477326361,86.60276740523052,0.07585310092834441,86.5239401284269,86.67524746533532,0.1884295485693043,0.0008758738687115341,20.921975185189524,0.013695980886911903,20.908464691162248,20.935849407256416,0.03402270262058959,0.0006546217919523757,107.52474259042003,0.06881488651538607,107.45978953568333,107.59685892248523,0.17094565472268983,0.0006399911765193769,0.16345293113429316,0.00010699985067899924,0.16334738039970506,0.16356132349419075,0.00026580236422335616,0.0006546217919523757,174.62214380830207,0.16359449180718574,174.52685713821708,174.81104398610884,0.4063912465328605,0.0009368484903425402,1.2449992252961806,0.001049371116538919,1.2438168123730569,1.2458197884660567,0.002606782364215879,0.000842868891174834,175.86714303359827,0.16257184769595348,175.7722182132665,176.0548607984819,0.40385085773044904,0.000924401482230795,0.0,0.0,0.0,0.0,0.0,,0.4274158597824101,0.0005132827211332663,0.42699225414552466,0.42798665821379694,0.0012750649643569747,0.001200897695734944,2.4035176101682882,0.0018730937934528843,2.4014189623407183,2.4050199664550322,0.004653022929961793,0.0007793135301062908,0.9924664022422053,0.0004997156063208445,0.9921042977460601,0.9930365250977571,0.0012413623828117914,0.0005035088393842596,0.013309651408943404,0.0007144721852188871,0.012880292336474572,0.014134419949846794,0.0017748472992989042,0.053680758666511605,9.12980418173744,0.06643058520978379,9.053318824809576,9.173098125689085,0.16502272193326764,0.007276233300016055,10.806302623296565,0.0076030097149138946,10.797619282140886,10.811764760967023,0.01888692315562173,0.0007035717932350968,7.977144703218317,0.0028097520455467925,7.973931088411821,7.979137796091211,0.006979811017010419,0.0003522252823636532,15.943089803059896,0.00046922843908228743,15.942623138427734,15.943561553955078,0.0011656280609500527,2.9431461835724604e-05,0.011825235184920277,6.961695981885011e-05,0.011745879034931276,0.011876025063936256,0.00017293811526341297,0.005887152240965722,0.7902331633182863,0.030939574367034556,0.7545225489884615,0.8089947155676782,0.07685816347065438,0.039152462593591335,0.09204226347999933,4.989042929119722e-05,0.09198985146467961,0.09208917674296872,0.0001239346968576763,0.0005420382703000165,47.812973404768854,0.048613099843066755,47.76077684387565,47.8569566719234,0.12076163460524618,0.001016734504911968,0.08347233333333365,7.186155671311378e-05,0.08338950000000114,0.08351800000000004,0.00017851400305613104,0.0008609026948623317,14.354011535644531,487.31972829813753,481.8448302682441,502.3193224888629,0.36498709125029444,0.3501102489193962,2030.7344898088293,0.007420390313807469,2.1344114094972584,21,0.8032652568072081,0.8223837884142995,0.8231767954304814,0.7557600381385002,0.09208188824348312,0.09219437666281095,0.09223134691322153,0.09206460477181447,47.794865461066365,47.88376526813954,47.8873997522518,47.80077307653569,False
main,primary,llama31_8b,llama_cpp_bf16,llama_cpp,bf16,none,llamacpp-bf16,llamacpp-bf16,,decode,128,512,16,3,cresco8-hbm04,0,True,True,518.2287477326361,109.96291613397734,0.15439415877696416,109.83933717332508,110.13598785290212,0.38353635229182487,0.0014040566056728833,24.996048519148633,0.4609809257970068,24.463891472393144,25.272618569584964,1.1451401021699252,0.018442151984297227,134.95896465312597,0.31458901026607167,134.59987932529526,135.1860419452898,0.7814824241041604,0.002330997507832356,0.1952816290558487,0.0036014134827891155,0.19112415212807143,0.19744233257488253,0.008946407048202541,0.018442151984297227,117.50066788671974,0.26070876676669813,117.33409537453775,117.80111597119696,0.6476364793090761,0.0022187854031437736,1.4277548789915244,0.001399334742347668,1.4261394284872737,1.428592226403901,0.0034761402048282737,0.0009800945266851895,118.92842276571126,0.26146087293316034,118.76023480302503,119.22964895328036,0.6495048146004248,0.002198472550571344,0.0,0.0,0.0,0.0,0.0,,0.5325559646790702,0.0004655232712569445,0.5320958768241402,0.5330267393490489,0.0011564239138267542,0.0008741302363170019,2.2738844585561497,0.003851662556861698,2.270094156649629,2.2777946809833285,0.009568060210436845,0.0016938690716534434,0.9394435702698716,0.0009814402106611087,0.9383603050484206,0.9402735208163877,0.0024380326391314484,0.0010447037392348887,0.013092715934929972,0.00036017620092342333,0.01284817386860187,0.013506322305907027,0.00089472728358884,0.027509662831873682,17.203216282960657,0.3405269654952534,16.96969696969697,17.593947036569986,0.8459158768546624,0.019794377975270623,6.888647346598586,0.0063311460594568224,6.883333265754886,6.895652239250692,0.01572743868489619,0.0009190695561709888,15.985832008356544,0.017376516621863642,15.965929016888182,15.997984987197094,0.043165660239227924,0.001086994822213828,16.71131769816081,0.0017637987548852665,16.709835052490234,16.713268280029297,0.0043815190029487675,0.00010554516326856644,0.014562722866249147,1.9496545296361475e-05,0.014540213671442445,0.014574320086416678,4.8432103419540055e-05,0.0013387980719970338,0.7418646005292734,0.0036238353667473917,0.737695723772049,0.7442613411694765,0.009002106095711783,0.004884766524999326,0.14709295515749854,0.00011001714689580303,0.14698050344461272,0.14720036432970818,0.0002732977435430401,0.000747943005006617,75.90089283821483,0.0559903038927957,75.84245786163956,75.9540671473369,0.1390876253924551,0.0007376764857317398,0.12647133333333355,0.00012158261937037601,0.12633100000000194,0.12654499999999824,0.0003020279698713372,0.0009613452801191506,14.729011535644531,486.55655285650744,481.2160610003108,502.3193224888629,0.24714142441233786,0.23675860641086144,1081.534271487204,0.0037208868583862623,2.1885380148887608,24,0.741009852848947,0.7840772069059312,0.8422955857403576,0.747628178447485,0.14710441993826495,0.14729080715958473,0.14737737563436892,0.14710975080574828,75.91862918715924,76.02193294442259,76.04813681408763,75.92071084018487,False
main,primary,llama31_8b,llama_cpp_bf16,llama_cpp,bf16,none,llamacpp-bf16,llamacpp-bf16,,decode,128,512,32,3,cresco8-hbm04,0,True,True,518.2287477326361,124.48640389359689,0.09717814421307744,124.426254989751,124.59851598162243,0.2414038927976178,0.0007806325925852848,31.070933831237806,0.00845924665721131,31.062757173242762,31.07964985426493,0.021013933634176533,0.00027225595159636405,155.55733772483472,0.1049388690980728,155.48901216299376,155.67816583588737,0.260682602154954,0.0006745992868796655,0.24274167055654536,6.608786450946336e-05,0.24267779041595908,0.24280976448644476,0.00016417135651700416,0.00027225595159636405,76.0204106468686,0.10962341815029321,75.89543744680846,76.10032045719416,0.272319667118119,0.0014420261245301333,1.6028092881804386,0.001380980030582711,1.6015515621777041,1.6042870915927903,0.003430544573144637,0.0008615997179242982,77.62321993504902,0.11083571857689752,77.49698900898616,77.70460754878694,0.27533118832581777,0.0014278680872764483,0.0,0.0,0.0,0.0,0.0,,0.6454746586457564,0.00025749637867999005,0.6451890312142867,0.6456890063591941,0.000639656464918107,0.00039892562044222234,2.1338595053561367,0.0017371867380250987,2.13196464681936,2.1353769794534405,0.004315411088280688,0.0008141054899184499,0.8887119045627278,0.0005432262610128933,0.8881187015818669,0.889185077393634,0.0013494488409952563,0.0006112512482660807,0.011441702112733258,0.0007299596651697888,0.010814199421157526,0.012242815122815413,0.0018133203323049164,0.06379817075970105,39.435205770465885,0.043812559333788005,39.38461538461539,39.460500963391134,0.1088364308893617,0.001111001159441152,3.8901373023786134,0.004324729104267322,3.887640403766517,3.8951310694036247,0.010743222661014679,0.0011117163143889493,31.98345194478935,0.00838042737122155,31.974762373700848,31.991484558779682,0.020818135673436135,0.0002620238548887111,18.248877207438152,0.005450098892826994,18.24530029296875,18.255149841308594,0.013538796192440257,0.0002986539298212583,0.01717571850567043,0.0001381771836642766,0.01702920617934055,0.017303687900877048,0.00034325115284388114,0.008044914314277942,0.8466599229723215,0.0034951100855207264,0.843729592859745,0.8505283500999212,0.008682334770160957,0.0041281156585877355,0.25669108187343587,0.00018138624072692297,0.25648890642919475,0.25683954876433845,0.000450588400982373,0.000706632421364593,132.0219656219706,0.07827614225898145,131.93707930203527,132.09129537642002,0.19444871691586949,0.0005929024150656566,0.21754933333333248,9.50385886540906e-05,0.2174429999999993,0.2176260000000002,0.0002360889421471535,0.00043685993975661134,15.479011535644531,485.0868253718563,480.00517366801967,502.3193224888629,0.1617132985086004,0.15452963176977938,623.5477170146586,0.0042477777764936215,36.37954294681549,102,0.8495764210820198,1.0728951390832662,1.1096815223526209,0.8712390193113071,0.25669942916427424,0.2570219414416198,0.25705663791919625,0.25666169829588426,132.03465397516266,132.20057823308744,132.25091081877238,132.02536684850816,True
main,primary,llama31_8b,llama_cpp_bf16,llama_cpp,bf16,none,llamacpp-bf16,llamacpp-bf16,,decode,128,512,64,3,cresco8-hbm04,0,True,True,518.2287477326361,125.42149603479697,0.03605474915141824,125.39084672612228,125.4612217105206,0.08956496205473627,0.00028746865801549044,27.509243671442096,0.2455429691025317,27.225808138863876,27.657252211114603,0.6099625494027451,0.008925834967881536,152.93073970623905,0.25669603636082394,152.6382278066119,153.1184739216352,0.6376683043807567,0.0016785117031010582,0.21560819050867094,0.0027045487728453795,0.21270162608487403,0.21805066254180597,0.0067184715998932845,0.012543812767338321,45.982464776611,0.09847582222688409,45.89359532651111,46.088333638689704,0.24462750368942413,0.0021415951212118115,1.7326438600771628,0.002922122357289317,1.7293323710341175,1.734860255389565,0.007258954346091164,0.0016865106699764493,47.715108636688164,0.1003921086675073,47.62292769754523,47.82207259249751,0.24938782310309204,0.0021039899423034272,0.0,0.0,0.0,0.0,0.0,,0.6946642618228264,0.0002473622317503384,0.694382052743837,0.6948435317982352,0.0006144818483537405,0.00035608889839999856,1.9333358745464777,0.0030792519150657596,1.9302148246994728,1.9363715531046295,0.0076492858061942785,0.001592714414296011,0.8158952058284763,0.0007273141374150002,0.8152698804532712,0.8166933703037451,0.001806748477041764,0.0008914308261886046,0.010447707170863352,0.00029691146048426174,0.010217283615764633,0.010782771522445058,0.0007375689560398225,0.0284188153083282,69.22758276152653,0.2939136977835691,68.89128094725511,69.43524416135881,0.7301221006641534,0.004245615491097468,1.9615069582639588,0.0013922096996091635,1.9599156090070597,1.9624999993146048,0.0034584406174637218,0.000709765363688205,63.980379667426796,0.008435614198581427,63.971402840645,63.988142530787464,0.02095522735247266,0.0001318468918507544,21.32476298014323,0.010874519921704892,21.312206268310547,21.331085205078125,0.02701380503468737,0.0005099479854397825,0.01816872520650807,0.00012443820760203302,0.018028721103964508,0.018266727364287423,0.00030912164428682684,0.006849033500570476,1.0781920064861577,0.0030575763723179,1.075948136858642,1.0816745683550835,0.007595440773031663,0.0028358366171555866,0.5193183772242826,0.0009404865090121314,0.5187698347100336,0.5204043385122562,0.002336298004429452,0.0018110017866861568,266.47381457686424,0.49319766688052025,266.1741401962936,267.0430446472019,1.225170923645177,0.0018508297622551488,0.4388578333333329,0.0011564352914433195,0.4375390000000189,0.43969849999999133,0.002872744518673334,0.0026351023124268885,16.97901153564453,475.43530161642974,470.8422055578766,502.3193224888629,0.10133991403798008,0.09498959426898429,380.4379476870247,0.007448966877781718,15.940297208726403,121,1.0790551230311394,1.1225855275988579,1.5795055812224745,1.0971353243158992,0.5192882591829345,0.5207968813015436,0.5209839133006282,0.5193649236747653,266.48691226448864,267.17661210894585,267.27284042853864,266.4926113221209,True
main,primary,llama31_8b,llama_cpp_bf16,llama_cpp,bf16,none,llamacpp-bf16,llamacpp-bf16,,kvdecode,4096,1024,1,3,cresco8-hbm04,0,True,True,523.1250768239119,13.49893207231643,0.5927692837208776,12.84949940938886,14.010873765216816,1.472520532058263,0.04391230954754762,53.99572828926572,2.3710771348835102,51.39799763755544,56.043495060867265,5.890082128233052,0.04391230954754762,67.49466036158215,2.963846418604389,64.2474970469443,70.05436882608409,7.362602660291318,0.04391230954754764,0.013182550851871514,0.0005788762536336695,0.012548339266981309,0.013682493911344547,0.0014380083320881475,0.04391230954754762,217.34819694102373,9.557797650332796,206.8884162673009,225.62706040304022,23.742885584470393,0.04397458909183523,1.1236275146921129,0.047942094775721464,1.0713037088408497,1.165445373590273,0.11909476561267816,0.042667248842565196,218.47182445571585,9.605738224988457,207.95971997614174,226.7925057766305,23.8619765738955,0.04396785832186583,0.0,0.0,0.0,0.0,0.0,,0.5199972735161462,0.0006213567955765577,0.5192830449624166,0.5204134847234482,0.0015435358483440677,0.0011949231798371424,2.2206716106310314,0.09489861012966498,2.116936937789762,2.303118097504684,0.23574121621579266,0.04273419341939458,0.9607602249207479,0.04127911792362021,0.9157106676039385,0.9967708708379451,0.10254301354185395,0.04296505710051151,0.013193254843866811,0.0010190358121644292,0.012570304084585468,0.014369243525953847,0.002531425290621784,0.07723915168955836,4.916034822459207,0.0686007359285543,4.8726207906295755,4.995121951219512,0.17041367517394754,0.013954485353754539,13.52248270437768,0.5993237245864417,12.866352224771132,14.041095896546302,1.4888026657918483,0.04432053918563494,0.9748796802748396,0.02702847050033586,0.9452410604702013,0.9981667159429475,0.06714244286081562,0.027724929596148674,15.8442014058431,0.004075150823719763,15.84140396118164,15.848876953125,0.010123235842272685,0.00025720140254067395,0.002866022205379092,0.00010909248365550728,0.002744029168410395,0.0029542114469432034,0.00027100075271715215,0.038064074817967954,20.872847754042596,0.037429717820091975,20.83730908855796,20.911918171681464,0.09298057357706384,0.0017932252590134804,0.051082228228168214,2.834626060920507e-05,0.05105861504075144,0.05111366448120987,7.04160149664292e-05,0.0005549143330747291,73.15252614455919,0.07307594353811528,73.06989852199331,73.20865888008848,0.18153070716477,0.0009989531105693797,0.05080899999999989,1.1269427667685315e-05,0.050796000000002096,0.0508159999999989,2.7994810259139656e-05,0.0002217998320708012,14.541511535644531,486.9356803901474,481.5284187214541,502.3193224888629,0.4537049444263299,0.43492618076733386,16184.353217718957,0.012797920545635211,6.117189116775987,24,20.85565961152315,21.98232777761295,60.91020358338019,23.084722315349307,0.05108310700005479,0.05426337914709784,0.05912961516628553,0.051678567294008014,73.12505406420678,82.05758176664821,115.1199285071343,75.9518966571195,False
main,primary,llama31_8b,llama_cpp_bf16,llama_cpp,bf16,none,llamacpp-bf16,llamacpp-bf16,,kvdecode,4096,1024,2,3,cresco8-hbm04,0,True,True,523.1250768239119,14.696175089108786,0.020685680571093244,14.675333464392782,14.716701216409295,0.051386079199873834,0.0014075553976233741,64.63044215713414,0.10190255781800014,64.55918156838123,64.74716238712404,0.2531399867995126,0.001576695972004143,79.32661724624292,0.11888150916212319,79.25567215490553,79.46386360353333,0.2953180401394226,0.0014986332871486925,0.015778916542269077,2.487855415478519e-05,0.015761518937593075,0.015807412692168954,6.180175458972476e-05,0.001576695972004143,127.39200149836883,0.18906681701158518,127.22297877451294,127.59617801984685,0.46966801017907756,0.0014841341276359964,1.0221062319171141,0.0011911916536351467,1.0212713403704963,1.0234703321335699,0.0029590841087173054,0.0011654284226414386,128.41410773028596,0.19022596249567503,128.24425011488344,128.61964835198043,0.4725474871895103,0.0014813478507767646,0.0,0.0,0.0,0.0,0.0,,0.44029833689726877,0.0005319542197844156,0.4396840924478565,0.44060722242034983,0.0013214475382911902,0.0012081676790628717,2.496855623851203,0.0036546246673271675,2.4926725437287156,2.4994295143822023,0.009078590958400422,0.001463690824738275,0.9956217087944953,0.0013759521017891953,0.9940625782282504,0.9966659967522583,0.003418054505616669,0.0013820029129891175,0.011932204027602061,0.0001874620320905639,0.011742041313259741,0.012116843299169407,0.00046568150343752037,0.015710595599682933,9.519969493287691,0.1574197937021476,9.426204357164774,9.701711491442543,0.39105244611146195,0.016535745604346803,7.364938978430575,0.011253626491841792,7.352144430544731,7.373303170652308,0.027955557962336765,0.001527999963719981,1.9954386557724184,0.0031138036623611144,1.9918870911495898,1.9976997882616827,0.007735117104657536,0.0015604607304531674,16.496077219645183,0.007615372487895855,16.489898681640625,16.50458526611328,0.018917633986208028,0.0004616474805796075,0.003033817182368873,3.859672071214253e-05,0.002996986207425725,0.00307396550935313,9.587956947092831e-05,0.012722164320397624,21.012709083346028,0.06536441077229369,20.95973353739828,21.085755419917405,0.16237419780579426,0.0031107084057095395,0.11803482149801385,9.689198111799107e-05,0.1179471905256748,0.11813887538987404,0.0002406930242614025,0.0008208762455714939,141.75863261893392,0.1674801436267113,141.6342707220465,141.94907185155898,0.41604374075247524,0.001181445817673201,0.0972766666666721,5.453744890595714e-05,0.09722100000000501,0.09733000000000175,0.00013547853352994493,0.0005606426574302241,15.104011535644531,485.8125656365385,480.6031006321778,502.3193224888629,0.2671936730357587,0.255642381212865,8737.926763555623,0.01346270171329919,5.066199973225591,18,20.995588443242013,21.11583784641698,21.219358864519744,21.008952647292364,0.1180009342309448,0.11928042924779951,0.11931111000500118,0.11817734069697194,141.75659176241606,142.93119210647419,143.03555900732056,141.90437218029467,False
main,primary,llama31_8b,llama_cpp_bf16,llama_cpp,bf16,none,llamacpp-bf16,llamacpp-bf16,,kvdecode,4096,1024,4,3,cresco8-hbm04,0,True,True,523.1250768239119,19.175469652450392,0.8144848937607704,18.695943098494116,20.11589429928034,2.023292640242091,0.04247535567696977,82.60637452459567,1.8312372688345953,80.49305463412115,83.72499587041708,4.549045558674695,0.02216823192366774,101.78184417704608,1.0182547102839203,100.60894893340149,102.43956742999382,2.5294849259836933,0.010004286309773486,0.020167571905418864,0.0004470794113365711,0.019651624666533484,0.020440672819926044,0.0011106068258483143,0.02216823192366774,94.68309435626198,2.8421905383054353,93.01066441398588,97.96477055632326,7.0603927001845035,0.030017930419671206,1.3970328244798182,0.04351157820847553,1.3468147565578437,1.4235081229943414,0.10808875232544793,0.031145709281868134,96.0801271807418,2.7987189000738724,94.43144000787315,99.3115853128811,6.95240316426191,0.02912900911141638,0.0,0.0,0.0,0.0,0.0,,0.5435902234035986,0.01600727820371222,0.5251085320735066,0.5530618713117882,0.03976428344832061,0.029447325420029345,2.4333411176012274,0.002711839452518099,2.431008161999738,2.4363164795434646,0.006736582652212579,0.0011144510043833943,0.9968810349468268,0.0002928971774695732,0.9965766382379287,0.9971608880672608,0.0007275969242173958,0.00029381357173195315,0.012936818811278622,0.0006254708027360412,0.012219292822155958,0.013366863404274785,0.0015537556086753516,0.048348114931527145,18.604929876519407,2.705235087522644,15.49243533430942,20.39048081593006,6.720176500065205,0.14540420767383924,4.8024789530998255,0.21158793956504388,4.67954541371736,5.046798026141483,0.5256135800250752,0.04405806701734144,3.987351844652348,0.014100022514153094,3.971070728029628,3.995559975425999,0.0350263976639364,0.0035361871897669106,17.82481511433919,0.004704891066351497,17.82160186767578,17.830215454101562,0.011687597327600979,0.0002639517457079621,0.0035070471709414803,6.253764742130082e-05,0.003466443320854442,0.0035790642085109614,0.00015535212836339913,0.017831994944200406,22.946761690545827,2.8062240401367564,21.302896802313626,26.186994061339647,6.971046965724089,0.1222928131638258,0.19216216339933956,0.00269021895927416,0.18905773081107544,0.193810044616672,0.006682874369598666,0.0139997328906186,219.55377748499936,0.15959476913679685,219.37821174785495,219.69006802607328,0.3964553846108047,0.0007269051389821835,0.1324068333333295,6.559789122128412e-05,0.1323660000000091,0.13248249999999095,0.00016295419539408783,0.0004954267810041477,16.22901153564453,482.032036310607,477.1985346670135,502.3193224888629,0.20134204152111654,0.1912730067891665,5012.42541792896,0.006809657947482326,3.5043599084019634,17,21.436460786499083,41.222536551207305,41.923196408599615,24.287481123417177,0.19367457670182398,0.19397970656896207,0.19399298054141556,0.19137192168767048,219.52051486913115,221.62035191264002,227.6548656162247,220.0609570099041,False
main,primary,llama31_8b,llama_cpp_bf16,llama_cpp,bf16,none,llamacpp-bf16,llamacpp-bf16,,kvdecode,4096,1024,8,3,cresco8-hbm04,0,True,True,523.1250768239119,22.115335396203104,0.3644462715959052,21.89776120545427,22.536079521503353,0.9053347271781912,0.016479346347986003,90.34408630354899,0.1494028480655101,90.17183634661724,90.43849833594508,0.3711372491224385,0.001653709215272025,112.4594216997521,0.21575895936156944,112.31968543353894,112.7079158681206,0.5359749675980816,0.001918549429656591,0.02205666169520239,3.647530470349368e-05,0.02201460848306085,0.022079711507799093,9.060967996153284e-05,0.001653709215272025,72.81377526017417,0.7401190197924996,72.36434387309122,73.66800245852482,1.8385575682502373,0.010164546710398507,1.421820075638269,0.018002825225142783,1.4010368171617409,1.432590969178046,0.044721497059827316,0.012661816733077943,74.23559533581243,0.7221403996894736,73.79617631366625,75.06903927568656,1.793896200047078,0.009727683820986367,0.0,0.0,0.0,0.0,0.0,,0.6385740637767757,0.005125267178827126,0.6326564243381233,0.6416001238109487,0.012731869481720686,0.008026112348682468,2.4016527347647045,0.002942333475436189,2.39836590730721,2.4040410647499315,0.00730916154687645,0.0012251286094966832,0.9937219578370707,0.0012555069878354115,0.9922722964204029,0.9944594031905504,0.003118852255848009,0.001263438910586358,0.013004311828474611,0.0006011209643724232,0.0125859555738758,0.013693156451358785,0.001493267256921263,0.04622474240091595,37.71753592199572,1.9654331762671644,35.44807411019015,38.861480075901326,4.882406673090498,0.05210926769797238,2.769604656074916,0.04803781869615005,2.741222339483949,2.8250688697913606,0.11933255701333141,0.017344648302342634,7.99666696924868,0.0005327379669114199,7.996184324565821,7.9972385949718205,0.0013233944740858577,6.66200016782083e-05,20.45659891764323,0.009274448813120626,20.446426391601562,20.464584350585938,0.023039008052371038,0.00045337198282367845,0.003803367744819618,4.7542239257931114e-05,0.0037490590503388046,0.0038374639067723765,0.00011810146944168371,0.012500037453040423,21.825751557014883,0.06312909518536958,21.7869792887941,21.898596236482263,0.15682136605865274,0.002892413350370042,0.34910962494340864,0.00018994095065910787,0.34899453340573483,0.34932885873964453,0.0004718394785379986,0.0005440725121511551,379.02689874358475,0.170551123109426,378.8550454834476,379.19611719995737,0.4236724766974983,0.00044997102758346824,0.2056114999999942,0.00024697823789983483,0.2053274999999994,0.20577599999995436,0.0006135279547486243,0.0012011888337950056,18.47901153564453,463.07375159175064,458.9311489672158,502.3193224888629,0.16175758717374733,0.14778566543686625,3356.9941451137242,0.00796824734339976,32.4004840105772,29,21.810993986204267,30.72646242305636,39.48516362473367,23.14629684138144,0.34920291132944564,0.3495710929553457,0.3495862153467822,0.3478596458009938,378.95369066577405,380.10189861077816,386.3821445218101,379.0067144957981,False
main,primary,llama31_8b,llama_cpp_bf16,llama_cpp,bf16,none,llamacpp-bf16,llamacpp-bf16,,kvdecode,4096,1024,16,3,cresco8-hbm04,0,True,True,523.1250768239119,23.813311081614348,0.3883809692857691,23.58838290424108,24.26177407442272,0.9647918123289256,0.01630940644728856,93.14892907569885,1.6018456107720218,91.2992833424715,94.07791810541754,3.9792050901205203,0.01719660791237072,116.96224015731319,1.2134695922389278,115.56105741689422,117.6676943715968,3.0144255761430165,0.010374883300856941,0.02274143776262179,0.00039107558856738814,0.02228986409728308,0.022968241724955454,0.0009714856177052051,0.01719660791237072,64.3589577568921,0.6188553837350316,63.99312359646086,65.07348184540804,1.5373219968559138,0.009615683741689545,1.53446156766467,0.016270343913475985,1.5156744996152582,1.5439480890157582,0.040417774898613146,0.010603291901431049,65.89341932455677,0.6025882385629403,65.53688571082385,66.5891563450233,1.4969121680714046,0.009144892536156054,0.0,0.0,0.0,0.0,0.0,,0.6817207575756367,0.0031884783481078718,0.6780405261773267,0.6836520698620258,0.007920619307634161,0.004677103216640886,2.3857853821950754,0.00037221365091206755,2.3854116594681822,2.3861560681882046,0.0009246299670589397,0.00015601304865469799,0.9845353198916507,0.00018574487950865485,0.9843448617871329,0.9847159623098501,0.0004614158599519706,0.00018866248447957793,0.012980036240832604,0.00023332401758721137,0.012731297986287762,0.013194055006852353,0.0005796089911454889,0.017975606019744426,75.75998144598178,2.66962568872007,72.6774351443955,77.3194903256253,6.631717849606973,0.03523794010725254,1.4906457593675129,0.024520641932876452,1.4763231178555078,1.5189591092434196,0.060912651341784904,0.01644967744937648,15.989928493426696,0.0025197108561881,15.98720810974261,15.99218231676847,0.006259308760563571,0.0001575811209677347,25.75263214111328,0.00844552523126039,25.743656158447266,25.760421752929688,0.020979847722512865,0.00032794803983462995,0.004035252533028466,1.0667114369553178e-05,0.004027105088243064,0.004047326360831394,2.6498581080960895e-05,0.0026434812399578587,22.41837613315632,0.015126887552458036,22.4018559101969,22.43154892232269,0.037577271830467655,0.0006747539367976649,0.6680929707816922,0.00011026081090330499,0.6679942272316741,0.6682119466508224,0.0002739030384930719,0.00016503812452074742,705.8833490313651,0.0743474784146974,705.8401273805648,705.9691974176094,0.18468937490349346,0.00010532544579316016,0.36008583333332594,0.00020122893264007603,0.35985349999999744,0.3602049999999581,0.0004998803802664798,0.0005588360163389196,22.97901153564453,431.24972047617774,428.2668847929195,502.3193224888629,0.15386064546274295,0.1311783488599878,2767.297066412449,0.006445481536143101,6.733390316367147,51,22.41235050931573,22.574022960849106,24.08955780090764,22.40911789760724,0.6681048796263652,0.6684295955607494,0.6684650610963963,0.6677057876394997,705.8702336214483,706.1215231465176,706.1641233549453,705.4721386528154,False
main,primary,llama31_8b,llama_cpp_bf16,llama_cpp,bf16,none,llamacpp-bf16,llamacpp-bf16,,longctx,8192,256,1,3,cresco8-hbm05,0,True,True,518.6131791639222,4.055057444176657,0.00023637842314291093,4.0548964379231744,4.05532882029437,0.0005871965551733821,5.829225020779094e-05,129.76183821365302,0.00756410954057315,129.75668601354158,129.77052224941983,0.018790289765548227,5.829225020779094e-05,133.8168956578297,0.007800487963717971,133.81158245146474,133.8258510697142,0.01937748632072635,5.829225020780521e-05,0.015840068141315066,9.233532154019958e-07,0.0158394392106374,0.01584112820427488,2.293736543646024e-06,5.829225020779094e-05,82.80206676085236,0.06758922512260655,82.72686025040981,82.8577334859221,0.16790094303504977,0.0008162746144708767,1.762893992523901,0.0006105142696122022,1.7622625697541339,1.7634811935729797,0.0015166015207053799,0.00034631365935857593,84.56496075337627,0.068188817453937,84.48912282016396,84.62121467949508,0.169390412956984,0.0008063483604373878,0.0,0.0,0.0,0.0,0.0,,0.9556528651537661,0.0004552156539096175,0.9551379676001406,0.9560018654107264,0.0011308183728559675,0.0004763399666429845,2.242663155130772,0.0012661310697189478,2.2416182252986157,2.2440711589336924,0.003145243938307625,0.0005645658675143831,0.9948587185626563,0.0003756939700354569,0.9944563998620548,0.9952004151197058,0.0009332755590422769,0.0003776355004238681,0.014161355779871194,0.0006299599545820409,0.013537584942915609,0.014797327609048052,0.001564907280069773,0.04448443809860773,32.60366718395957,0.07205779945973631,32.5256038647343,32.667637069383794,0.17900149706367355,0.0022101133302939455,4.099799645534415,0.009341280319737163,4.089285714074134,4.10714286435282,0.023205026718290264,0.002278472395574714,0.9981452137555239,0.0005554041427546996,0.9976939226542194,0.9987654806667252,0.001379700376279313,0.000556436212988479,16.25141143798828,0.003119617815456239,16.249019622802734,16.254940032958984,0.007749560261623025,0.00019195980775946732,0.0015160907533172889,7.329084523180671e-07,0.001515571358235879,0.0015169290926829034,1.820645525663879e-06,0.0004834199078877195,49.64508239521334,0.007347077998769156,49.63862513145432,49.65307625150308,0.018251153527913608,0.00014799205972266738,0.05284815914502818,1.5613264278834393e-05,0.05283168535862191,0.05286273912837108,3.8785498598576836e-05,0.0002954362939300838,63.118554199890546,0.008527478545192228,63.108898903243244,63.125054966658354,0.021183431040253855,0.00013510256458325236,0.052583833333331616,8.976822005762811e-06,0.052576999999997494,0.05259399999999732,2.229966207618564e-05,0.00017071448459944478,14.994636535644531,486.02763650328825,480.7802944254571,502.3193224888629,0.1758910706904767,0.1683490102160089,20854.19546547221,0.017944173470135025,7.176738977432248,24,49.642734996043146,49.72497438476421,49.73157586695626,49.64689700829331,0.05284660233038606,0.05288509505362633,0.052886347181912444,0.05284435117048108,63.11581022106111,63.19706743988208,63.209813834615055,63.12220655676598,False
main,primary,llama31_8b,llama_cpp_bf16,llama_cpp,bf16,none,llamacpp-bf16,llamacpp-bf16,,longctx,8192,256,2,3,cresco8-hbm05,0,True,True,518.6131791639222,4.41594282140938,0.006004960786580092,4.4090089401289605,4.41943260587039,0.014917149547525533,0.0013598366259333868,135.99772679224685,0.12728559423390529,135.85717821749333,136.1052327341738,0.3161949447989945,0.0009359391310146646,140.41366961365623,0.13304587095144435,140.26618715762228,140.5246653400442,0.3305042654231507,0.0009475279103346267,0.016601285008819196,1.5537792264881016e-05,0.016584128200377603,0.016614408292745825,3.859801572253351e-05,0.0009359391310146646,54.849037688760696,0.08277421329039183,54.75684478799174,54.91697268698373,0.20562254479512773,0.0015091279041227988,1.565111861118153,0.0015585274800320932,1.5633321823197293,1.56623314259834,0.003871596887946932,0.0009957930284412032,56.41414954987885,0.08432211298324434,56.32017697031147,56.483205829582076,0.20946774079614938,0.0014946979375925985,0.0,0.0,0.0,0.0,0.0,,0.8308459578639393,0.0005127168316252792,0.8302746674492063,0.8312661355802301,0.0012736592168895006,0.0006171021556672754,2.3439830981023153,0.003444439302316472,2.340264974484927,2.347065201072094,0.008556461566719345,0.0014694812881138452,0.9958580094886753,0.0011646706109299677,0.994513272695205,0.99654520519735,0.002893202186378429,0.0011695147298438353,0.013624906045801853,0.000362366098648723,0.013220076826827703,0.013918940342302585,0.0009001672911131332,0.026595860362675774,54.000584386864915,0.21733500293642377,53.75185577942736,54.15384615384615,0.539890076877739,0.004024678721611914,2.231376542450763,0.007528600799461124,2.2256532061486327,2.2399049906555435,0.018702081162655062,0.003373971472870428,1.9972658244069164,0.0031314969560476812,1.9936867260917261,1.9995012598991169,0.007779069682749411,0.0015678919239393546,17.314495086669922,0.002360530229402794,17.312938690185547,17.317211151123047,0.005863882162586139,0.00013633260557624453,0.00149319871539615,1.776178857649466e-05,0.0014763212376060844,0.0015117292425876384,4.4122728831006596e-05,0.01189512714775033,50.06281492424508,0.05549831532391089,49.99887877050787,50.098549854941666,0.1378654580347383,0.0011085736071351718,0.3262668655381775,3.5616715408350506e-05,0.326226465126463,0.32629372948671087,8.847682591456254e-05,0.00010916436564773655,133.22923353904238,0.06315916614596777,133.18190948013216,133.30095184128731,0.1568960664659033,0.00047406387073043685,0.1329533333333311,4.100406484129667e-05,0.1329059999999954,0.1329780000000028,0.00010185974380732087,0.000308409453251497,16.01026153564453,484.0135925601938,479.1078768271217,502.3193224888629,0.11774832407991276,0.11230734519699792,12775.107722231203,0.004756705677781698,24.730724096298214,18,50.00134122045711,50.25441488656215,50.69214494383894,50.039751858916134,0.32630493697874685,0.327379647085224,0.3294406570957645,0.3265057587186544,133.20745042478666,133.99513681614772,134.00149133803322,133.29872033217302,False
main,primary,llama31_8b,llama_cpp_bf16,llama_cpp,bf16,none,llamacpp-bf16,llamacpp-bf16,,longctx,8192,256,4,3,cresco8-hbm05,0,True,True,518.6131791639222,5.560279706216193,0.0005100085072470469,5.559952155626461,5.560867323033138,0.0012669313661658808,9.17235344612027e-05,136.0447922852895,0.01363832498754081,136.02907299024127,136.05347760275714,0.03387947742665698,0.00010024878393684401,141.6050719915057,0.013132568437733918,141.5899403132744,141.61349724274612,0.03262310850831694,9.274080548839159e-05,0.01660703030826288,1.6648345932056653e-06,0.016605111449004062,0.016608090527680315,4.135678396808713e-06,0.00010024878393684401,44.543108995344426,0.009618710876438823,44.53200435384213,44.54884786837707,0.023894202426584753,0.0002159416146152743,1.6427973089395882,0.00027175724242990413,1.6425068761076194,1.6430454261641168,0.0006750824143614018,0.00016542347674365325,46.18590630428401,0.009580612386780683,46.17484397838916,46.191520189978185,0.023799560531664234,0.00020743584252003788,0.0,0.0,0.0,0.0,0.0,,0.8812599540164651,0.00028539140483432385,0.8809329126106237,0.8814585630807362,0.0007089515513583493,0.00032384474471308124,2.3176987814239056,0.0008282428379249509,2.3171117414893962,2.318646154803664,0.0020574692681764872,0.00035735568597749796,0.9955818510062918,7.524134852844155e-05,0.9955235676591673,0.9956667918654606,0.00018690987136245183,7.557525124869521e-05,0.014366818721124141,0.00044754187862688623,0.013875375528101735,0.014750947052113255,0.0011117556582846372,0.031151077167059015,89.04347826086956,0.0,89.04347826086956,89.04347826086956,0.0,0.0,1.4029574829189748,4.2991175675323135e-09,1.4029574779735154,1.402957485764848,1.0679600076755366e-08,3.064324913530256e-09,3.884431070856815,0.0001815493841922938,3.8842253556108792,3.88456887282257,0.00045099367181712625,4.6737702608338016e-05,19.455053965250652,0.007658716440286562,19.446224212646484,19.459896087646484,0.019025306332918095,0.00039366205069212663,0.0015355299435199194,1.2726930229183989e-05,0.001521931205967843,0.001547154299943696,3.161544733713121e-05,0.008288298305671491,60.992594310703375,0.06837689617341375,60.92728730849922,61.06367497052997,0.16985762639681393,0.0011210688272266938,0.7339284574929503,0.0001579867481602008,0.7337900539823606,0.7341005823447132,0.00039246083906155685,0.00021526178273543553,248.09335759530464,0.01689657093475194,248.07925004232675,248.11208299640566,0.04197340905828181,6.810569657537546e-05,0.18787966666667488,6.658328117978461e-05,0.18780300000001443,0.18792300000000978,0.00016540203975077896,0.0003543932260531033,18.04151153564453,466.5723876176745,462.3022837853985,502.3193224888629,0.09990412750312865,0.09194531095368726,8306.39996327134,0.0014949345112718533,8.917481452226635,18,62.22192199761048,75.88250761725939,75.88376158227213,61.34061287105497,0.7236654700601801,0.7748466850466588,0.7750395610776603,0.7307023493560895,248.06150055816397,248.25986671061256,248.2623294084985,247.6697119568578,False
main,primary,llama31_8b,llama_cpp_bf16,llama_cpp,bf16,none,llamacpp-bf16,llamacpp-bf16,,prefill,4096,128,1,3,cresco8-hbm01,0,True,True,498.51527181341515,4.5889076464300596,0.006369608230120288,4.58213107394633,4.5947719088500785,0.01582298401351708,0.001388044545868236,146.8450446857619,0.20382746336384922,146.62819436628257,147.0327010832025,0.5063354884325466,0.001388044545868236,151.433952332192,0.21019707159397097,151.2103254402289,151.6274729920526,0.5221584724460674,0.0013880445458682453,0.03585084098773484,4.976256429781475e-05,0.035797899015205706,0.03589665553789124,0.0001236170626056022,0.001388044545868236,90.6410006973713,0.061826319123414256,90.58099584724334,90.70450024480708,0.15358509091318395,0.000682101021036138,1.9720965567699646,0.0018138376724198978,1.9700118765336625,1.973313792102939,0.00450582256505171,0.0009197509453546868,92.61309725414127,0.060144293252181895,92.55430963934629,92.67451212134074,0.14940670701431596,0.000649414554046701,0.0,0.0,0.0,0.0,0.0,,0.7593777668296186,0.00020518463844128066,0.759251757443294,0.759614529865806,0.0005097068982238417,0.0002702010085150648,2.3199568791103142,0.002172733476802745,2.3174959079244872,2.3216098411855515,0.00539736916730811,0.0009365404574398691,0.9957104252599214,0.0005138326618457348,0.9953067896969194,0.9962888499367251,0.0012764310928200446,0.0005160462809371543,0.014468067411033412,0.00045237890960827615,0.01401767054369275,0.014922402647238084,0.0011237715093584124,0.03126740405310042,32.95063677397719,0.16580755193457522,32.810916179337234,33.13385826771653,0.41188879265367967,0.005031998412410712,4.602102085860422,0.023115337396697494,4.576576525141357,4.62162157662119,0.05742168134696894,0.005022778062163691,0.9971777261376905,0.0012808365351694607,0.9957577717839363,0.9982459482793135,0.0031817743396020852,0.0012844616376766146,15.722615559895834,0.002395002116827952,15.719894409179688,15.724403381347656,0.0059495150781341865,0.00015232847917091852,0.001687552631018546,1.483700218554057e-05,0.00167124011328389,0.001700243529642363,3.68571566584234e-05,0.008792023379197062,21.0279749512362,0.03272115302733235,21.004117561969906,21.06527671404183,0.08128385020714976,0.001556077230604116,0.05404295666348629,0.0001034569934847164,0.05392954174033183,0.05413216244664014,0.0002570014190596922,0.0019143473982913362,27.89522437999646,0.04147612335362479,27.852048971690238,27.9347615102306,0.10303240215994793,0.0014868539069134406,0.05385183333333347,0.00013717901929052965,0.05369349999999941,0.05393500000000131,0.0003407715750805307,0.002547341674357035,14.486824035644531,487.0471804359794,481.62028200526544,502.3193224888629,0.19229484453715084,0.184370963066416,20181.982003080382,0.0014022791085243336,5.152826011180875,24,21.02585273468867,21.094033364253118,21.100709840273485,21.023127999932814,0.0540671658034869,0.054229905948365534,0.05425819356815787,0.05405802256641592,27.89200930809602,27.96653261841275,27.978145502209664,27.888496865867637,False
main,primary,llama31_8b,llama_cpp_bf16,llama_cpp,bf16,none,llamacpp-bf16,llamacpp-bf16,,prefill,4096,128,2,3,cresco8-hbm01,0,True,True,498.51527181341515,5.565203837683328,0.00892014355715414,5.55490790439529,5.570605338105032,0.022158865004553337,0.0016028421990141155,165.753996695851,0.22281888519601512,165.49829804476687,165.906582744606,0.5535127956055885,0.0013442745854561498,171.3192005335343,0.21785837524783813,171.06839631531653,171.4614906490013,0.5411902057738094,0.0012716518321902522,0.040467284349572995,5.439914189355838e-05,0.04040485792108566,0.040504536802882324,0.00013513495986464564,0.0013442745854561498,66.02639268102946,0.08834730461225475,65.92536698377609,66.08917755488031,0.2194668711187959,0.001338060448630847,1.9168933044217613,0.0030475960568424314,1.913645723096744,1.9196908724817057,0.007570648294983886,0.0015898621221183467,67.94328598545123,0.08570424554298868,67.8450578562578,68.00282327797704,0.21290114841044833,0.0012614086042488529,0.0,0.0,0.0,0.0,0.0,,0.7111238633681887,0.0007021699695611158,0.7103381111528033,0.7116899092139023,0.0017442869014453492,0.0009874088126298232,2.3991632432400603,0.001562085985199876,2.3975039655825316,2.4006054266521635,0.00388043670483168,0.0006510961642986349,0.9982740407599366,4.838912496005449e-05,0.9982197558328422,0.9983126447867352,0.00012020525015187054,4.847278701469412e-05,0.01455800175270354,0.00032151990132350757,0.014347387904175637,0.014928084812699693,0.00079869971195597,0.022085441861126216,52.76371416938816,0.16763019375386093,52.58091286307054,52.91022964509395,0.41641648593198055,0.003176997608919553,2.7926356667939074,0.008880963541901033,2.7848837250317793,2.802325591804478,0.02206153645111614,0.0031801368318470436,1.995871001456454,0.003875757785073316,1.9914059578902992,1.998366273830035,0.009627916075510555,0.0019418879187307423,16.260462443033855,0.0028439337781609305,16.257606506347656,16.263294219970703,0.007064723148050165,0.0001748987021817021,0.0017380657962764443,1.143646259228206e-05,0.0017289817370049752,0.001750908583527541,2.8409748014509805e-05,0.006579994046705846,21.211502031112712,0.004385893689627942,21.208243771456182,21.21648881956935,0.010895163914132568,0.00020676959525048149,0.2617267676436017,0.0002759048313950788,0.2614190766411855,0.2619521544703583,0.0006853855965226317,0.0010541712407910208,54.46951015604039,0.038677559460080446,54.425136554054916,54.49607773218304,0.09608038405325157,0.0007100772404466226,0.09754733333333326,0.00012968166151603643,0.09742599999999947,0.0976840000000011,0.00032214710589442756,0.0013294229281788313,14.994636535644531,486.02763650328825,480.7802944254571,502.3193224888629,0.14131878276468243,0.13525915278116268,12208.593577453858,0.006185032469920864,4.240460507571695,18,21.21308182226494,21.309233643580228,21.31219242447987,21.211940838179242,0.2618271562850147,0.26258220785172787,0.2626112278121135,0.26186708661084723,54.477569573093206,54.556468141637744,54.56144102092832,54.46906083775684,False
main,primary,llama31_8b,llama_cpp_bf16,llama_cpp,bf16,none,llamacpp-bf16,llamacpp-bf16,,prefill,4096,128,4,3,cresco8-hbm01,0,True,True,498.51527181341515,6.897659409525031,0.0035344506854645425,6.894383212955443,6.901405170893917,0.008780062238084274,0.0005124130484876931,169.40394168736225,0.08680479018586917,169.32347952191168,169.4959361890962,0.21563505286129256,0.0005124130484877905,176.3016010968873,0.0903392408713129,176.21786273486714,176.3973413599901,0.2244151150993251,0.0005124130484876685,0.041358384201016174,2.1192575728971966e-05,0.04133874011765422,0.041380843796166064,5.2645276577464004e-05,0.0005124130484877905,51.789643247190476,0.02599698538139552,51.76622779273732,51.81761844559375,0.06458009177774665,0.0005019726677264923,2.013369892606588,0.0008802106709428956,2.0124753039282566,2.0142349837237363,0.0021865645219743077,0.0004371827919823218,53.803013139797066,0.02686320558888343,53.77870309666557,53.83185342931749,0.06673190206184756,0.0004992881257241934,0.0,0.0,0.0,0.0,0.0,,0.762870250269399,0.0006676866212294507,0.7621080460306897,0.7633517961443533,0.0016586255154272369,0.0008752295963745666,2.3727151764112384,0.001259440145827508,2.371437116777302,2.3739551323135104,0.0031286227619424477,0.0005308012349516081,0.9979699048261791,3.586257030614167e-05,0.9979400626631968,0.9980096896952008,8.90875633377841e-05,3.593552283762306e-05,0.014514711677962767,0.0004151543668244473,0.01407853821554758,0.014905041497005455,0.0010313006188264397,0.028602315776948103,90.23032833572847,0.7581684989377564,89.63395225464191,91.08355795148248,1.8833949600724207,0.00840259049171103,1.7307489913058511,0.01139378496155736,1.7175925816765802,1.7373272142541518,0.028303730902578424,0.006583152738376431,3.793530651280662,0.0010775044339395396,3.792581838175101,3.7947020736676933,0.002676669398927403,0.0002840373607040143,17.320157368977863,0.0006671940778170558,17.31946563720703,17.320796966552734,0.0016574019697618329,3.8521248023535127e-05,0.0017937451542015545,8.281697176260513e-06,0.0017841938368244733,0.001798927949711056,2.057287627284496e-05,0.004616986508290764,31.2366857919842,0.020979068907936056,31.222356569953263,31.260765673592687,0.052114896231612765,0.0006716163503273961,0.549168917849132,0.0004180221917837463,0.5486940164705665,0.5494811620093941,0.0010384246909585333,0.0007611905521182202,100.9612548345079,0.05442600389346589,100.90084437839687,101.00646414514631,0.13520168877162891,0.0005390781244020695,0.13032366666666834,1.5044378794311327e-05,0.13030800000000453,0.13033800000000337,3.7372308712805726e-05,0.00011543857826522531,16.01026153564453,484.0135925601938,479.1078768271217,502.3193224888629,0.11229832724960816,0.10710918479746508,7800.184119162178,0.0038541897836445807,5.747344158589837,18,28.163211490027606,42.35602430505678,42.37295254742727,29.0542655812266,0.542876970576577,0.6266432462652456,0.6267389525824381,0.5559955275567021,100.94325713766739,101.06177739053965,101.06558919399977,99.66569758092777,False
main,primary,llama31_8b,llama_cpp_bf16,llama_cpp,bf16,none,llamacpp-bf16,llamacpp-bf16,,prefill,4096,128,8,3,cresco8-hbm01,0,True,True,498.51527181341515,7.131672128044854,0.0013557938146228445,7.1305865480485835,7.13319180796593,0.0033679785442624443,0.00019010882585183218,169.04320815750006,0.02560713813601946,169.013739405737,169.06004491908902,0.063611657533686,0.00015148279789011643,176.1748802855449,0.026119524038289293,176.14497743385704,176.19323672705497,0.0648844946764837,0.0001482590707367286,0.04127031449157716,6.251742708989126e-06,0.04126311997210376,0.04127442502907447,1.553018982756006e-05,0.00015148279789011643,41.64452312513087,0.007581125268374307,41.63588874747712,41.65008895411172,0.01883255917667196,0.000182043752682556,2.1003690668631028,0.0006587437036205621,2.099772854901772,2.1010762470912274,0.0016364100765419208,0.0003136323582428276,43.74489219199396,0.007025254915302004,43.736964994568346,43.75034705270804,0.01745170066976108,0.00016059600477396404,0.0,0.0,0.0,0.0,0.0,,0.8102081353959215,0.0006761572566287998,0.8094512469374376,0.8107524968688489,0.0016796677402652475,0.0008345476021397693,2.3640393891604554,0.0015585480068677558,2.362655021788265,2.3657274227970064,0.0038716478794335045,0.0006592732819994362,0.9968984708590288,5.53463911378042e-05,0.9968558947072313,0.9969610345510412,0.00013748805743470368,5.551858364283791e-05,0.01455617282848054,0.0001782117039914928,0.014359728419082922,0.014707466748356712,0.0004427024145605541,0.012243032979301028,183.10509533924167,0.4231140960186078,182.65945945945947,183.50135501355012,1.0510736822929738,0.002310771828794265,0.8986212495800733,0.001404744480714059,0.8978102197776333,0.900243308788239,0.0034895787399149276,0.001563221970736278,7.663609138957324,0.0050553378290108695,7.65813822326428,7.668107620250976,0.012558155346683942,0.0006596549663933769,19.456249237060547,0.005316353771464332,19.4515380859375,19.462013244628906,0.013206554892700643,0.0002732465906808833,0.0017870041552182061,4.065838686245967e-06,0.0017824784895404825,0.0017903485641536418,1.0100103210397026e-05,0.0022752262071542295,42.85591182795664,0.0754869570458418,42.773661128245294,42.922025124542415,0.18751999674285288,0.0017614129259197937,1.1972408908299534,0.00027086214031170835,1.1969808360459062,1.1975214005499257,0.000672858857433724,0.00022623863116130356,194.90404244481275,0.044275276824067004,194.86315733660012,194.9510670620948,0.10998588485685022,0.00022716448704035262,0.19655266666667012,0.00011242923701200622,0.19643499999999767,0.1966590000000142,0.00027928970756484065,0.0005720056558819056,18.04151153564453,466.5723876176745,462.3022837853985,502.3193224888629,0.094624001927493,0.08708582416310263,6133.890060188056,0.0026383617623219704,5.515644140541551,30,42.882887727580965,56.87948298454285,56.94299706907943,38.06208239818613,1.2321896689327976,1.363499270767472,1.3637641337814588,1.2531015100815575,194.9429618823342,217.90492591112852,217.9649341969844,197.20597417854393,False
main,primary,llama31_8b,llama_cpp_int8,llama_cpp,int8,q8_0,llamacpp-q8_0,llamacpp-q8_0,,balanced,512,512,1,3,cresco8-hbm02,0,True,True,508.37097338583607,28.729775023372127,0.0022388141991147655,28.72755335567523,28.732030598895182,0.0055615227816231015,7.792661784832824e-05,28.729775023372127,0.0022388141991147655,28.72755335567523,28.732030598895182,0.0055615227816231015,7.792661784832824e-05,57.459550046744255,0.004477628398229531,57.45510671135046,57.464061197790365,0.011123045563246203,7.792661784832824e-05,0.056112841842523686,4.372683982646026e-06,0.056108502647803184,0.05611724726346715,1.086234918285762e-05,7.792661784832824e-05,257.58980558715643,0.013466087656395065,257.5743210842531,257.5987759038129,0.0334516161769866,5.2277253852108545e-05,1.2362166951307767,0.0004565444412379388,1.2357965674808287,1.2367025349429888,0.0011341192635691462,0.00036930777835001,258.82602228228717,0.013031662299698639,258.8110236191961,258.8345724712937,0.03237244376547642,5.0349119399925435e-05,0.0029291522186155766,2.837439670886746e-06,0.002926072817363949,0.002931660954759072,7.0485908912662104e-06,0.0009686897296951753,0.23189750586815902,0.00012791810409015778,0.23175006946223825,0.23197896493740816,0.00031776618638596507,0.0005516148335070202,2.4336213041814934,0.001945723164045363,2.4324128555491655,2.4358658265066704,0.004833444288431261,0.0007995176409337744,0.9949144407790721,8.20678752039261e-05,0.9948479187022568,0.9950061504796768,0.00020386790371729264,8.248736960704127e-05,0.013669480074074342,0.0006571021807707429,0.012912390348604908,0.01409155236109685,0.0016323323077259851,0.0480707515728421,1.8803730989844583,0.006985781289257286,1.8754578754578755,1.8883698057536267,0.017353642746683866,0.0037151038232944985,28.830619949999573,0.018222067518830688,28.809860542219788,28.843971014879866,0.04526612510958808,0.0006320386988012361,0.9969595634291636,0.0033388796629555905,0.9931412737145142,0.9993308934711822,0.008294236885744214,0.0033490622743726013,9.227577209472656,0.001241078793299179,9.226177215576172,9.22854232788086,0.0030830106336880835,0.00013449671188068066,0.005111114768727723,5.2576787918430004e-05,0.0050541781836274955,0.005157831008714822,0.0001306079816308711,0.010286755492191307,1.5400845756133397,0.0010867314011599061,1.5388841973617673,1.5410014730878174,0.0026995904561645996,0.0007056309883027785,0.03185401146621513,1.2012194549946426e-05,0.031843325265349706,0.0318670126768066,2.98399454824037e-05,0.0003771014700200868,17.816841588821262,0.004546103714071162,17.812328783795238,17.821420275140554,0.011293147677652412,0.00025515766593128955,0.03173616666666658,6.171169527566464e-06,0.031730999999999766,0.031743000000000396,1.533003494903232e-05,0.00019445226616005338,7.520828485488892,505.8865761825023,496.65189064962334,502.3193224888629,0.5211417235193475,0.5152619274127678,9008.981903135029,0.005881888993057819,2.0992754027247402,24,1.5399156110361218,1.5980329900514334,1.6212179863918572,1.5449257285799831,0.03185194005839775,0.031893284397870446,0.031896865617195895,0.031849107467062134,17.816775707527995,17.846970402775334,17.848105422221124,17.819819644248735,False
main,primary,llama31_8b,llama_cpp_int8,llama_cpp,int8,q8_0,llamacpp-q8_0,llamacpp-q8_0,,balanced,512,512,2,3,cresco8-hbm02,0,True,True,508.37097338583607,38.41710125501268,0.03443748359537555,38.38733090200524,38.454816999571996,0.08554745169705576,0.0008964102566401241,41.17432893715148,0.05755065322125302,41.13010282594522,41.239396806243576,0.14296374800278025,0.0013977314192320748,79.59143019216417,0.0918385755663651,79.51743372795046,79.69421380581556,0.22813966895784,0.0011538751765690306,0.08041861120537398,0.00011240361957275981,0.08033223208192426,0.08054569688719448,0.0002792260703179302,0.0013977314192320748,176.2491665030492,0.2994164404634144,176.01178020623829,176.58554294062628,0.7437916712732153,0.0016988247173255959,1.1539982412600198,0.003245428029025698,1.1520512771943157,1.1577447723884937,0.00806209015767428,0.002812333600683916,177.40316474430918,0.2985744774941634,177.16383148343257,177.73774161482353,0.7417001193094015,0.0016830279094766892,0.03640998395103206,6.218377225636238e-05,0.036341316059939066,0.036462493761940676,0.0001544730537209237,0.001707876947707354,0.34471312394222137,0.00023540196528450634,0.3444934259590941,0.3449615863617679,0.0005847708993833843,0.0006828923790089377,2.483152150973551,0.00028367427373269475,2.4828257935260654,2.483339603261738,0.0007046859612327731,0.00011423958601226939,0.9975541089165579,0.0001515979663313437,0.997384699364688,0.9976769875866778,0.00037659022518834773,0.00015196966758624655,0.013055618867368947,0.0010817372740542191,0.011814252425365697,0.013796354358567327,0.0026871843566840877,0.08285607025170595,3.8033322685077366,0.15172136659910593,3.7123867069486405,3.9784817692767485,0.37689676844713593,0.03989169388522419,19.227791241158606,0.017535089435754478,19.20930279945989,19.244184762965737,0.043559576946272514,0.0009119658735538606,1.9871763105893232,0.009303864492986747,1.9768765552097791,1.9949715944567972,0.023112080652043242,0.004681952196897699,9.490072886149088,0.0023446127839970533,9.487407684326172,9.491817474365234,0.0058243410361790105,0.000247059512832515,0.006198282400643121,3.418300367940108e-05,0.006169642135122895,0.006236124419674198,8.49152885409005e-05,0.005514915499147686,1.6116768963014085,0.013017331403962757,1.6029511811211705,1.626639156602323,0.032336843846935755,0.008076886523493549,0.04957448360337028,3.43862450413635e-05,0.049535924878605656,0.049601968598357034,8.542016807273886e-05,0.0006936279017342256,26.94977132230997,0.030484572201041192,26.914924011565745,26.971502859145403,0.07572787543118219,0.0011311625555725955,0.046242000000000484,5.810335618483787e-05,0.0461860000000006,0.04630199999999968,0.00014433673827801756,0.0012565061239746824,7.614578485488892,505.632341776075,496.54069011568663,502.3193224888629,0.3572782015165301,0.35316810801806753,4617.8154034739555,0.003529555399582689,2.110204473137853,18,1.6140801375731826,1.6433540147263557,1.64998873420991,1.6140653353908823,0.04957472369049306,0.04966865497032534,0.049679302535641304,0.04957824944619557,26.958028599619865,26.978260772395878,26.97974037120119,26.948550802396817,False
main,primary,llama31_8b,llama_cpp_int8,llama_cpp,int8,q8_0,llamacpp-q8_0,llamacpp-q8_0,,balanced,512,512,4,3,cresco8-hbm02,0,True,True,508.37097338583607,54.99411406871085,0.03492990801697091,54.95591945797892,55.02443533315333,0.08677070177292764,0.0006351572092484065,61.04863991754858,0.034158998977293506,61.020934183702856,61.0868059793496,0.08485565755513574,0.0005595374282445631,116.04275398625943,0.0585531353170992,115.97685364168177,116.08879339434992,0.14545405158242625,0.0005045824345398805,0.11923562483896206,6.671679487752638e-05,0.11918151207754464,0.11931016792841719,0.0001657337061623745,0.0005595374282445631,131.00699077586304,0.0957921668080203,130.8966159714691,131.0684384606432,0.23796093405808147,0.0007311988943544929,1.5608566233842678,0.0009748788216198202,1.5597604759115324,1.561626585054861,0.0024217332451725187,0.0006245793540639732,132.5678473992473,0.09675406124378647,132.45637644738062,132.63006504569805,0.240350412300691,0.0007298456084332242,0.02923138977464224,5.314294714057744e-06,0.02922722201950097,0.029237374176680132,1.3201439910546278e-05,0.00018180095968847192,0.366129326111946,4.719703313967531e-05,0.3660763154624383,0.36616678420878124,0.00011724392990499753,0.00012890809277933823,2.4851134124967804,0.0016126233808851365,2.4832832874132604,2.4863260247025987,0.004005978555307084,0.0006489133947673407,0.9963654976301264,0.0002903534683971915,0.9960316974671268,0.9965595680078401,0.0007212780005829712,0.00029141260821235034,0.015276696157882574,0.0006885374499720034,0.014796519381072168,0.016065561839251806,0.0017104218454278598,0.045071096712015646,8.068288015722173,0.004586375048680338,8.062992125984252,8.070935960591132,0.011393187218657582,0.0005684446365503007,13.720720546753265,0.00780228203640472,13.716215797946777,13.72972984602056,0.019381943044345127,0.0005686495843872408,3.979914467126397,0.01575899589329145,3.961726477695794,3.9895021539714586,0.03914751599784387,0.003959631802004493,10.024941762288412,0.0013952895145687395,10.023372650146484,10.026042938232422,0.003466091301950017,0.0001391818075011175,0.008056077303914473,2.7402101557891816e-05,0.00803750951236414,0.008087549101967606,6.807059386117153e-05,0.0034014198876389937,1.698024086964627,0.011008842240755585,1.6863996544852853,1.7082915287464857,0.027347480172970957,0.006483325133764678,0.0697095287594378,3.593426874122562e-05,0.06966969765788364,0.06973951328144848,8.926567212424963e-05,0.0005154857503804395,37.31375366076827,0.029108002545183122,37.288508356548846,37.34559301845729,0.07230828683621399,0.0007800877609316297,0.059978000000000975,5.3693575034242854e-05,0.059919000000001686,0.06002400000000125,0.00013338223462125868,0.0008952211649978656,7.802078485488892,505.133130858351,496.32233839304604,502.3193224888629,0.267100303863947,0.2639115030303986,2410.5824316934377,0.007242625417614387,2.111928351223466,18,1.6706813420169055,1.7282118469011039,1.737866131355986,1.6725333135885496,0.06972944431021488,0.06988203059809023,0.06992550909453583,0.06973650772580166,37.30764140933752,37.3493145477958,37.35562267670408,37.3078887614732,False
main,primary,llama31_8b,llama_cpp_int8,llama_cpp,int8,q8_0,llamacpp-q8_0,llamacpp-q8_0,,balanced,512,512,8,3,cresco8-hbm02,0,True,True,508.37097338583607,75.67409131009195,0.0672781271655996,75.6166984598453,75.74812967992803,0.16712813286800032,0.0008890510080908938,69.87107372416783,0.08364402553714653,69.81201630089788,69.96678769530666,0.20778327819943335,0.0011971195099613125,145.54516503425975,0.10298030599607175,145.4287147607432,145.62423348580916,0.25581726169243046,0.000707548794024393,0.1364669408675153,0.00016336723737723932,0.13635159433769117,0.13665388221739583,0.00040582671523326826,0.0011971195099613125,96.04013693117673,0.10062172706226785,95.96046182065868,96.15321135918403,0.24995822681682833,0.0010477049520907528,1.9073879661550908,0.005682471658321038,1.9008879633350255,1.91141447039962,0.014116042142387727,0.0029791902639376266,97.94752489733183,0.09534400649337127,97.8703232853893,98.05409932251904,0.23684764211955192,0.0009734192527407961,0.0232103747865734,2.0941715837969895e-05,0.02319417267193886,0.023234021713865207,5.202210606186018e-05,0.0009022566860955704,0.41968428945953024,0.0001540891754240553,0.4195155075389659,0.4198174448684489,0.00038277873164340793,0.00036715497647646394,2.4747283364640436,0.0022427076666488403,2.4728290090471643,2.477202517866924,0.0055711946911539715,0.0009062439838763392,0.9938566978972752,0.0005166948274447723,0.993294729048661,0.9943112242606017,0.0012835411063218882,0.000519888660546289,0.013518126159748095,0.0005116590590464308,0.012927769548801519,0.01383341159425646,0.0012710315641359274,0.03784985085950443,14.044321522027895,0.2756628127612345,13.794818652849742,14.340248962655602,0.6847843889073527,0.019628061941537697,9.44253552948362,0.023631465876895016,9.415841787933461,9.460784369355991,0.05870381556873599,0.0025026610493661906,7.974408820069859,0.009001230504723286,7.964030615800285,7.9800896616716495,0.022360296148940573,0.0011287646153868033,10.652533213297525,0.00030211663799057205,10.65234375,10.652881622314453,0.0007504993337796025,2.8361013473625293e-05,0.010518725791748215,6.914891935141562e-05,0.010441333508580211,0.010574433662433083,0.00017177543828763369,0.006573887438501526,1.7649422033379476,0.014015037826188771,1.7496637958101928,1.777201903052628,0.0348152839956429,0.00794079137531123,0.10584387992340427,9.488391344226798e-05,0.10575447379157618,0.10594342699285356,0.00023570470762039196,0.0008964515804875289,55.854904238600284,0.051299045628771446,55.808603974524885,55.91005134303123,0.1274338938232321,0.0009184340449252732,0.08392450000000039,6.436614016620151e-05,0.08388150000000313,0.0839984999999997,0.00015989435614666882,0.000766952917994164,8.177078485488892,503.97114871393944,495.5636960149335,502.3193224888629,0.1976487093081577,0.19499055782291444,1294.3347672853522,0.004113293767617589,2.1369352936744663,21,1.7582779051735997,1.7893876172602177,1.798480147868395,1.7337671587509769,0.10589955245015265,0.10607590916003383,0.10619343928263729,0.10590164245326461,55.850557152181864,55.920628673397005,55.92363459747285,55.84950645236919,False
main,primary,llama31_8b,llama_cpp_int8,llama_cpp,int8,q8_0,llamacpp-q8_0,llamacpp-q8_0,,balanced,512,512,16,3,cresco8-hbm02,0,True,True,508.37097338583607,117.84264737357103,0.04877264618472721,117.8067787899095,117.89818292263406,0.12115796968933672,0.00041387941693225757,112.14541432862906,0.1697712986487946,111.96998153069877,112.30889215513264,0.4217352853462985,0.0015138496715639178,229.98806170220007,0.18692887416007178,229.77676032060828,230.13187256330215,0.46435706571606616,0.0008127764231611141,0.21903401236060363,0.00033158456767342693,0.21869137017714604,0.21935330499049344,0.0008237017291919893,0.0015138496715639178,87.37539573541727,0.07692413519087724,87.29851562470232,87.45236381962657,0.19109014517143882,0.0008803866871609068,4.1713516407399105,0.0008351459323850223,4.1704776761517905,4.172141621833421,0.0020746175054525253,0.0002002099089965201,91.54674737615717,0.07740545903989136,91.46899330085411,91.62379944386109,0.19228581989633964,0.0008455293198112156,0.026315448127369783,2.6677520219452465e-05,0.02629434574619236,0.02634543400901705,6.62706340331238e-05,0.0010137589179682676,0.5568461063502386,5.9937180848591005e-05,0.5567835404955409,0.5569030135047472,0.00014889221128198455,0.00010763688596377185,2.275133002598939,0.00097899187892059,2.274150697651156,2.276108647426912,0.00243195064592395,0.00043030094407767107,0.9429499433712253,0.0001218760336071923,0.9428243908792996,0.9430677759192457,0.000302756851242177,0.00012924973850834788,0.015173211308260215,0.00033320577585532144,0.014907805465385452,0.015547152479130183,0.0008277290335752316,0.021960135470724382,29.651250290497746,0.18717594293206707,29.52832131822863,29.866666666666667,0.46497081856997546,0.006312581800034612,7.344263167558876,0.014380428926288881,7.328244474816943,7.356060369290557,0.03572296580693952,0.001958049241727911,15.972661396053056,0.005714851881735291,15.96606248632422,15.975978873769366,0.014196479076485974,0.00035778958434237306,11.916128794352213,0.002386861698208442,11.913707733154297,11.918479919433594,0.005929293157252026,0.00020030512756288123,0.01603050158976894,0.00011390993086948492,0.015921926527105223,0.016149085809789784,0.0002829679550157606,0.007105824495359836,1.3927453542128205,0.0012038281136542714,1.39145917724818,1.3938450757414103,0.002990474815593838,0.0008643562227746039,0.13641004782323152,2.360500394098459e-05,0.1363869795717897,0.1364341552557019,5.863808047581499e-05,0.00017304446642796723,71.12067780240129,0.02967208003316514,71.08895450178534,71.14774911291897,0.07370953299645952,0.00041720749787572053,0.09846733333333274,7.031595362178837e-05,0.098403999999995,0.09854300000000149,0.0001746745121295717,0.0007141043759533326,8.927078485488892,501.3742993213493,493.42418915655713,502.3193224888629,0.18553356196955836,0.18224811046998277,776.8557472032711,0.00307283434875233,2.1860336884856197,42,1.3915729993022978,1.5322685891296715,1.5392799613345414,1.4096490068893348,0.1364099788051208,0.13666805459437947,0.1368350037773105,0.1364371299054295,71.11048458749428,71.23279905552045,71.27473499593324,71.1290223885638,False
main,primary,llama31_8b,llama_cpp_int8,llama_cpp,int8,q8_0,llamacpp-q8_0,llamacpp-q8_0,,balanced,512,512,32,3,cresco8-hbm02,0,True,True,508.37097338583607,134.74661559102086,0.3220430891180739,134.37735008750712,134.96924823994573,0.7999993824867797,0.0023899901879207864,122.49669446492736,0.3185630133059068,122.12925117561555,122.69529781987916,0.7913543949220253,0.0026005845684033226,257.2433100559482,0.6384272351913581,256.50660126312266,257.6347826392331,1.5859411711473501,0.0024818030643926395,0.23925135637681125,0.0006221933853630992,0.23853369370237412,0.23963925355445148,0.0015456140525820807,0.0026005845684033226,61.95357436704981,0.13800174934372006,61.80301998182578,62.07406788015882,0.34281534983225137,0.0022275026219813507,3.33512628260039,0.007083022548650927,3.3270083839579034,3.340047786063373,0.017595203426281705,0.0021237644240350356,65.2887006496502,0.14493423659900231,65.13002836578367,65.41411566622219,0.36003660285932654,0.0022198977029232523,0.032647888104402806,1.906064123497031e-05,0.03262632672286344,0.03266249478051927,4.7349257701933134e-05,0.0005838246312906177,0.5570578923117027,0.00019823155649526978,0.5568500499922658,0.5572448612147912,0.0004924344851488658,0.0003558544977661837,2.1233513049085144,0.005423748396043133,2.1172284422549397,2.127552894714494,0.013473337929656111,0.002554333983031987,0.879595016490169,0.0020116561157652343,0.8772774430119471,0.8808894505951871,0.004997230820245607,0.0022870253674154577,0.015459317523442517,0.00036149910884437827,0.015205212443009944,0.015873170624622422,0.0008980135690444573,0.0233838983057435,57.572194353399006,0.1623426387758942,57.38704028021016,57.690140845070424,0.4032814712082602,0.0028198098161653557,4.205682638123577,0.006465737080159321,4.198529418751287,4.211111097006786,0.016061781315086236,0.0015373811189529267,31.988491926706235,0.001568919141195133,31.986953116990865,31.99008931451454,0.003897411205329771,4.904636157246567e-05,14.456471761067709,0.006576738701140651,14.449600219726562,14.46270751953125,0.016337524627831376,0.000454933873896691,0.018134541638565902,0.00017481166822314655,0.017952160310816832,0.018300644970349972,0.0004342562574871052,0.009639707013679494,1.480598345088462,0.008200328276834628,1.4711309066042304,1.485477289184928,0.020370744721217502,0.005538523195056441,0.24413642756378462,8.698039316699356e-05,0.2440480986088806,0.24422199355799215,0.00021607127484899943,0.0003562778157891596,126.22477455219875,0.04873811385785352,126.17148287594318,126.26708569191396,0.12107218663387528,0.0003861216154337313,0.1636176666666652,0.00014075629056426676,0.16345599999999832,0.16371299999999975,0.00034965800955678216,0.0008602756256818316,10.427078485488892,496.77811514320666,489.63745912918006,502.3193224888629,0.13334090240106652,0.12997449575732326,484.52959621633295,0.0030240457000200007,2.1459346637129757,102,1.4824380613863468,1.6552491282112896,1.6993135378975421,1.4987476245025355,0.24414215903681813,0.24605173512977965,0.24611319630120657,0.244335085182937,126.24956089770421,127.19140324210748,127.24660886559636,126.35397615298336,True
main,primary,llama31_8b,llama_cpp_int8,llama_cpp,int8,q8_0,llamacpp-q8_0,llamacpp-q8_0,,balanced,512,512,64,3,cresco8-hbm02,0,True,True,508.37097338583607,130.26095593088462,0.17405172590965426,130.0609670781233,130.37819412050115,0.43236845612740415,0.0013361772502422343,118.29338270927566,0.14564670234730848,118.1257981784669,118.38940324846858,0.3618064658930243,0.001231232880585196,248.5543386401603,0.16378714688155432,248.4503703265919,248.7431408213927,0.4068698282684596,0.0006589591144440813,0.23104176310405403,0.00028446621552208687,0.23071444956731815,0.2312293032196652,0.0007066532536973131,0.001231232880585196,44.47643751487294,0.05779840151471043,44.40973562577897,44.511737487672136,0.14357918888157958,0.0012995285761226408,2.793064250359544,0.001998151987096613,2.7911311259365377,2.7951216305381803,0.004963684704955555,0.0007153977882318303,47.269501765232484,0.0595173460042807,47.20086675171551,47.30685911821031,0.1478492837125265,0.0012591066920882316,0.03417819675948158,1.5593767224253266e-05,0.034160306264367946,0.0341889064374524,3.873706523002381e-05,0.0004562489745725776,0.5733360413170338,8.745983686997416e-05,0.5732790072822874,0.5734367356315698,0.00021726227903223476,0.00015254550659167803,1.9617288899052703,0.0013740712627063724,1.9601801371544094,1.9628017550116794,0.0034133822423212945,0.0007004389188420041,0.8126075293713623,0.00034428981324912593,0.81225995416171,0.8129484369353002,0.0008552633088636321,0.00042368523648245106,0.013916840564193603,0.00025747721803795595,0.013647927218375306,0.014161109472938162,0.0006396088672446487,0.018501125801528157,115.65202502916141,0.2125939917604579,115.4819383259912,115.89036251105216,0.5281127522236925,0.0018382210921672386,2.033492489590393,0.0027359613680761922,2.0305206492563292,2.0359066383818645,0.006796504812330095,0.00134544945805396,63.97541433413965,0.005691652862209021,63.97055231818447,63.98167489991711,0.014138849517205135,8.896625244944674e-05,19.535518646240234,0.009734889927888978,19.524375915527344,19.542373657226562,0.024182807189607462,0.0004983174546923295,0.018615083097503732,7.69061708692875e-05,0.018537045817197003,0.018690805910165448,0.00019104551932271174,0.004131390145639509,1.6693284958600998,0.003925464978938587,1.6652436703443527,1.6730723567306995,0.009751395590336559,0.0023515233752216293,0.5071510629800123,0.0007015996331497642,0.5063693186909748,0.5077260517863349,0.0017428701072575263,0.0013834135119961592,260.81394601706415,0.3472462989448129,260.42439131159335,261.090975061059,0.8626076264745386,0.001331394675199208,0.3443996666666669,0.0006479292656821286,0.3437780000000057,0.3450709999999963,0.0016095455234276749,0.0018813295377235022,13.427078485488892,489.2951913969114,483.4723858979067,502.3193224888629,0.09777084099114242,0.09410249546249638,362.8831428106768,0.002687753072475207,2.469940856099126,198,1.668939205352217,1.7508064486552029,1.9083745030965658,1.675654682791745,0.5067937842018013,0.5083829660312166,0.508832364342724,0.507035137940325,260.6906596343033,261.41425657076763,261.63461860964077,260.7706101702978,True
main,primary,llama31_8b,llama_cpp_int8,llama_cpp,int8,q8_0,llamacpp-q8_0,llamacpp-q8_0,,decode,128,512,1,3,cresco8-hbm03,0,True,True,497.53159347902937,30.198626425174165,0.017831865704736154,30.179361618209686,30.214553734849332,0.04429681006800246,0.0005904859861397922,7.549656606293541,0.004457966426184038,7.5448404045524216,7.553638433712333,0.011074202517000614,0.0005904859861397922,37.74828303146771,0.022289832130922504,37.72420202276211,37.76819216856167,0.05537101258500881,0.0005904859861398534,0.05898169223666829,3.48278627045628e-05,0.05894406566056579,0.0590128002633776,8.65172071640673e-05,0.0005904859861397922,268.3617840962275,0.13445431469658362,268.2088601934344,268.4614553713201,0.33400303364533,0.0005010188583646166,0.9013434186961748,0.001434898699200935,0.8996976228981807,0.9023320012970819,0.003564485971226536,0.0015919555958777251,269.2631275149237,0.13583023628776922,269.1085578163326,269.36345600321334,0.33742101235840566,0.0005044516772176351,0.000795159338348333,5.313251685064127e-06,0.0007891034122310021,0.0007990387487717307,1.3198848882888786e-05,0.006681996209842117,0.19588338960285234,2.4135772058006355e-05,0.19585624462277337,0.19590243000247592,5.995658157150346e-05,0.00012321500106232032,2.391411931032189,0.0025357008985931575,2.3887888249982625,2.393850100708984,0.006299030227914462,0.0010603363083074903,0.9945301428854162,0.00037847240296675976,0.9940936201416675,0.9947664951514088,0.0009401775690664954,0.0003805539788554856,0.013651132587121676,0.0005457805951722786,0.013330594931583539,0.01428131435002149,0.0013557941588089974,0.03998060905855986,1.1205761674438361,0.015303703373080338,1.102904972919744,1.1294117647058823,0.038016506678509594,0.013656995229507562,30.252625688506185,0.052659891692068826,30.222222332515344,30.31343209379375,0.13081442284895606,0.0017406717762047275,0.9955219814498125,0.00021429603400148663,0.995282208427645,0.9956948251470874,0.0005323408595416239,0.00021525997214988667,9.081066131591797,0.000277530696146833,9.080802917480469,9.081356048583984,0.00068942446846667,3.056146625574517e-05,0.005297546566994639,1.2192315616767362e-05,0.005285791107229562,0.005310133203970185,3.028739101717429e-05,0.002301502301599249,0.44526824650044244,0.0011678886145369044,0.44448919640854,0.4466110682114959,0.0029011961504949693,0.0026228877170466364,0.032302722528659476,1.632405441892157e-05,0.03229189769468779,0.032321498776674853,4.0551199190707696e-05,0.0005053460866785645,16.952657157555223,0.008449699512171486,16.946207042317837,16.962222123052925,0.020990217211143553,0.0004984292098661207,0.0321639999999998,1.8520259177917818e-05,0.03214999999999975,0.0321850000000004,4.6006874255255815e-05,0.0005758070879840173,7.473953485488892,506.01488430121344,496.7080118155567,502.3193224888629,0.5420953983220822,0.536039756903625,8916.403475023131,0.006165875384106909,2.0993284881114933,24,0.4449178967624903,0.5549575517419725,0.5653833950031548,0.45733942673541605,0.032302580655364725,0.03235859140496766,0.032365565475936685,0.032282112006053076,16.953896909486502,16.978982478147373,16.980317566571756,16.953498661828537,False
main,primary,llama31_8b,llama_cpp_int8,llama_cpp,int8,q8_0,llamacpp-q8_0,llamacpp-q8_0,,decode,128,512,2,3,cresco8-hbm03,0,True,True,497.53159347902937,44.983471676047905,0.10056926239188292,44.92173990316589,45.099520117631855,0.24982789735059055,0.002235693659131971,11.734817728038726,0.004444244673046932,11.729756085833914,11.738080767931361,0.0110401157925614,0.0003787229402317876,56.71828940408664,0.10205954707565719,56.65891109317989,56.83613644798276,0.25352996973479813,0.00179941158571513,0.09167826350030255,3.472066150817916e-05,0.09163871942057746,0.09170375599946376,8.625090462938594e-05,0.0003787229402317876,202.84167862624182,0.1838730071220989,202.73387361328295,203.05398833626273,0.4567658711649429,0.0009064853355946891,0.8717048067001235,0.0034808680437588275,0.869219915584434,0.875683203545078,0.0086469555771279,0.003993172937678071,203.71338343294192,0.18731455274146314,203.6040849142538,203.9296715398078,0.4653151444247147,0.0009195004745631897,0.040231069426567546,8.029478616146686e-05,0.04016780720239386,0.04032140037621093,0.00019946330636062836,0.001995840212699946,0.33985393663664737,0.0005440391472323133,0.33941904039098847,0.34046397555834396,0.0013514681623082796,0.0016008028408214946,2.431641577974512,0.000989866119539645,2.4309160014514872,2.4327692119502307,0.002458963757132392,0.00040707731291721665,0.9977932493754222,8.968035737319047e-05,0.9977103948753842,0.9978884717494412,0.00022277835775398922,8.987869724447094e-05,0.012986240185559883,0.0005419107935796672,0.012360860886343816,0.013317446240925,0.0013461810387357998,0.04172961425603754,2.2748878961493486,0.0046629839262179494,2.269503546099291,2.2775800711743774,0.011583494220403627,0.0020497642693122933,22.50666681254904,0.04618822199293077,22.480000018423794,22.560000377351052,0.1147379040913353,0.0020522017932561036,1.994043264716778,0.002023502069268402,1.9917311599369762,1.9954911890644733,0.005026657800074466,0.0010147734029009687,9.20041020711263,0.002360370969778044,9.197685241699219,9.201820373535156,0.005863486539746338,0.0002565506229225838,0.006998143970441154,3.39841096787705e-05,0.0069685914846749925,0.0070352788279825565,8.442120845329318e-05,0.004856160408004322,0.5169586359212796,0.004186816473545196,0.5123413391411304,0.5205081952735782,0.010400628694111149,0.008098939030361315,0.04379731267192496,8.36489846800897e-05,0.04370080125235648,0.04384893172196388,0.00020779559739343646,0.0019099113524768962,22.901414423249662,0.04595754771642771,22.849110261537135,22.935331952758133,0.11416487742194333,0.002006755865252205,0.04242600000000008,0.00016102484280280282,0.04225800000000163,0.04257899999999972,0.0004000078845351112,0.0037954283411776387,7.520828485488892,505.8865761825023,496.65189064962334,502.3193224888629,0.41017337750689675,0.4055455848753629,4528.636301821922,0.004255059126755924,2.110346965491769,18,0.5192672843113542,0.5559147431980819,0.5572251972462982,0.5256635798658762,0.043771929468471124,0.04394421934199368,0.04399791002966128,0.04378662884189211,22.900631891563535,22.971924416907132,22.984763743020594,22.900630918072743,False
main,primary,llama31_8b,llama_cpp_int8,llama_cpp,int8,q8_0,llamacpp-q8_0,llamacpp-q8_0,,decode,128,512,4,3,cresco8-hbm03,0,True,True,497.53159347902937,69.66148264607021,0.042672682848653457,69.61388413983491,69.69631568886449,0.10600482072590156,0.00061257213064874,16.954991907344276,0.04888708130587344,16.921877425201323,17.011141067072344,0.12144224228932478,0.0028833444199225693,86.61647455341449,0.08630702297003937,86.53576156503624,86.70745675593683,0.21439853054877675,0.0009964273357352556,0.13246087427612716,0.0003819303227021362,0.13220216738438534,0.1328995395865027,0.0009487675178853498,0.0028833444199225693,161.1188479655451,0.3020392909228838,160.77360906449877,161.33430792452054,0.7503071930118648,0.0018746366097867968,1.1440836633065345,0.008779842406823092,1.1346712333755384,1.1520518186124151,0.021810337626014028,0.00767412619235234,162.2629316288516,0.2960465332771682,161.9256608831112,162.47983586245218,0.7354203577467625,0.0018244865312450008,0.03189494877091711,2.96196002500471e-05,0.031861277679959776,0.031916981810434245,7.357916598811152e-05,0.000928661163960083,0.35767928435241103,0.0001051553220448414,0.3575634658828045,0.35776877211358676,0.0002612203010828413,0.00029399332487266695,2.450801843105084,0.0024149870625858696,2.448054545539806,2.4525895324392635,0.005999160435558713,0.0009853865049840836,0.9940429392064914,0.0002883925466247981,0.9937145279807519,0.9942548921863557,0.0007164068008583763,0.0002901208139509662,0.014998156154791794,0.00026693024018981115,0.01476474265410313,0.015289191205764531,0.0006630914760620834,0.017797537072884055,4.433240437425642,0.32528703743480913,4.2430939226519335,4.808839779005525,0.8080577968353507,0.07337455345050076,17.397435585625274,0.011102612746359333,17.384615392710728,17.40384582686893,0.027580419022191122,0.000638175246674454,3.9820170036487093,0.009797127093500951,3.972953873472437,3.9924118828886,0.024337412879776615,0.0024603428575327214,9.44223658243815,0.0019298233876117847,9.440376281738281,9.444229125976562,0.004793947054184209,0.00020438202016682266,0.009267870738923458,4.755205560424495e-05,0.00921640223474374,0.009310171306243807,0.00011812585459775351,0.005130850110428765,0.5977468288814028,0.02922018404284969,0.570559841580689,0.6286455225199461,0.07258696112512814,0.048883879647728216,0.05689287711231345,3.543130890602493e-05,0.05687159042142025,0.056933778270699974,8.801625063013186e-05,0.000622772317105342,29.685028897287946,0.011460656878366775,29.674353083595634,29.69713931530714,0.02846984995298172,0.0003860753148673482,0.05340066666666765,0.0001651675916551947,0.05329500000000007,0.05359100000000035,0.00041029904318964824,0.0030929874468831535,7.614578485488892,505.632341776075,496.54069011568663,502.3193224888629,0.326786776711183,0.3230274535824753,2329.305172844531,0.0016949941713294268,2.114670164883134,12,0.5696786758489907,0.6350365451071411,0.6350831721443683,0.582991711407279,0.05692810038516549,0.05701116229609792,0.057011311832020774,0.056921804340499156,29.678973688278347,29.711613544728607,29.723651434015483,29.67003372940235,False
main,primary,llama31_8b,llama_cpp_int8,llama_cpp,int8,q8_0,llamacpp-q8_0,llamacpp-q8_0,,decode,128,512,8,3,cresco8-hbm03,0,True,True,497.53159347902937,92.90682098558845,0.13545317221090536,92.7508234558495,92.99462484599587,0.33648433326532184,0.0014579464755544334,22.876708804677026,0.036718529218038164,22.83724589624654,22.90986633544468,0.09121388315053497,0.0016050617040914228,115.78352979026546,0.1708603948366323,115.58806935209604,115.90449118144055,0.42444075025822964,0.0014756882532959141,0.17872428753653927,0.00028686350951592315,0.1784159835644261,0.17898333074566156,0.0007126084621135544,0.0016050617040914228,112.4607948664006,0.1282536842591015,112.38002598601302,112.60867953216038,0.3185998137389537,0.0011404301775695457,1.4828737026141463,0.004522848715934121,1.4790736615930518,1.4878762908815244,0.011235379059793507,0.0030500565948137237,113.94366856901478,0.12483650243316567,113.86790227689457,114.08775319375343,0.3101110634972387,0.0010955984128030176,0.022731406000464655,1.0036032990887967e-05,0.022723870648685713,0.02274279836083087,2.493088802903526e-05,0.00044150515769604483,0.3943608202135907,0.00031522977304573174,0.3940215337725912,0.3946446271018218,0.0007830741670894,0.0007993435374107382,2.448231920277877,0.0008571859312597051,2.447651626461433,2.449216482073394,0.0021293678978240595,0.0003501244813287189,0.9906089572312765,0.0003220451618420259,0.9902811767247778,0.9909249429839183,0.0008000045314185149,0.00032509817268575167,0.013618896514485663,0.0010461600473579324,0.012535603815308554,0.014623477568563017,0.002598805626168351,0.07681679982259872,9.46410947918474,0.23707740025773555,9.316909294512877,9.737596471885336,0.5889329105839682,0.025050154035005726,11.59901204289165,0.02842271344735006,11.571428133921234,11.628205186101889,0.07060593434483552,0.0024504426189270716,7.989899716746081,0.0032919240483737272,7.9860993025199605,7.991866276874816,0.008177592672782993,0.0004120106841233768,9.926858266194662,0.0015296999454763197,9.925331115722656,9.928390502929688,0.0037999853222201495,0.00015409708736203315,0.012623837409074018,8.870141948311501e-05,0.012521649443787489,0.012680944430156256,0.00022034654122379149,0.007026502053912418,0.6352669585806628,0.04534400782924506,0.5926451631821692,0.6829144461080432,0.11264075985052986,0.0713778785702224,0.08568181988004953,9.801149450111942e-05,0.08560986698144016,0.08579344907775521,0.00024347404967524087,0.0011439007089057032,44.41677261345709,0.09186988080086828,44.34627834148705,44.52067099278793,0.2282174354714445,0.00206836011252727,0.07839566666666603,5.0503300221556614e-05,0.07834549999999946,0.0784464999999982,0.00012545715264821757,0.0006442103545887786,7.802078485488892,505.133130858351,496.32233839304604,502.3193224888629,0.22957594239649323,0.22683512950378504,1226.4325672092825,0.0027940411210972786,2.141276188194749,21,0.5956585360690951,0.6942842481657863,0.6952557509765029,0.6226860863555755,0.08569026179611683,0.08588088888478139,0.08595955446216692,0.08570862518582334,44.40896236244589,44.53154309745878,44.545559831522404,44.4197935563113,False
main,primary,llama31_8b,llama_cpp_int8,llama_cpp,int8,q8_0,llamacpp-q8_0,llamacpp-q8_0,,decode,128,512,16,3,cresco8-hbm03,0,True,True,497.53159347902937,171.88258035046007,0.27136402742682564,171.6470463899641,172.17932009531518,0.6741056141434284,0.0015787756203888017,37.50000393333837,0.08380204024971179,37.436970288247764,37.59510417856568,0.2081758085059281,0.0022347208389279618,209.38258428379845,0.2831460074929274,209.08401667821187,209.64725742851684,0.7033736751447225,0.0013522901556566403,0.292968780729206,0.0006547034394508733,0.29247633037693566,0.29371175139504435,0.0016263735039525632,0.0022347208389279618,111.46167697917451,0.2864124546534311,111.17760700167865,111.75037580155136,0.7114879797195697,0.0025696047504017404,5.034479425386636,0.008646431566575753,5.026171389113163,5.043428563834112,0.02147892672659931,0.0017174430235975644,116.49615640456115,0.29504828745524125,116.20377839079181,116.79380436538547,0.7329405776549166,0.002532686884798281,0.02609756926709092,3.1369828526461615e-05,0.026070504962806117,0.026131951088702268,7.792697405372459e-05,0.0012020210850065267,0.5685928323854706,0.0003610975288856654,0.5681760577651713,0.5688119720104011,0.0008970159891247356,0.0006350722491008534,2.1503946050239384,0.0025692441330690324,2.1481582338741756,2.1532009844489717,0.006382356241650067,0.0011947779849644997,0.9104346212664751,0.00044110712666856636,0.9099406072298903,0.9107890438140951,0.0010957708482792154,0.0004845017054107158,0.014162039802536872,0.0004986930202307485,0.013786559379220298,0.014727874667961077,0.0012388221381418726,0.03521336101183791,17.024820614864442,0.15350531265288242,16.90011481056257,17.19626168224299,0.38132833611505035,0.009016559770318889,10.71892987288038,0.02963803812477055,10.699999843048865,10.753086055889584,0.07362496820803656,0.0027650183811498566,15.983020706429686,0.00931454272190798,15.977477462699005,15.993774498602967,0.02313860684320118,0.0005827773668691366,10.907440185546875,0.0006847461285565682,10.906753540039062,10.908123016357422,0.0017010036809224109,6.277789443795484e-05,0.02120230871063063,0.0001149836235745591,0.02107008557957656,0.021278861368103873,0.0002856351555552666,0.005423165238458557,0.4976233630441129,0.0012065220606363735,0.49632693314924836,0.49871333315968513,0.002997166950885534,0.002424568760710334,0.0945045150535768,0.00011915260103725369,0.09439378977186409,0.09463060446677697,0.0002959914696897834,0.0012608138454517576,48.78951159600789,0.06139704470664453,48.73164858063683,48.85391845693812,0.15251871414579665,0.0012584066267158172,0.08188883333333404,0.00024530864911959707,0.08166250000000128,0.08214949999999954,0.0006093804662965205,0.002995630040558175,8.177078485488892,503.97114871393944,495.5636960149335,502.3193224888629,0.2350780683519856,0.23191653434184592,677.7652761440717,0.003810090113547061,2.1591622382402393,27,0.4980252841487527,0.5238646639510989,0.54009046619758,0.4997753313639098,0.09451685240947862,0.09469090567303935,0.09477847719470262,0.09451022677264219,48.79336523078382,48.89639527667314,48.9674230235815,48.79450121218407,False
main,primary,llama31_8b,llama_cpp_int8,llama_cpp,int8,q8_0,llamacpp-q8_0,llamacpp-q8_0,,decode,128,512,32,3,cresco8-hbm03,0,True,True,497.53159347902937,200.46780107469394,0.17026393461000638,200.28903159321086,200.6280442079983,0.42295906091570906,0.0008493330784157519,50.50223406514894,0.31620030294088364,50.137120226714316,50.68603409239026,0.7854850970023278,0.006261115152509464,250.97003513984282,0.20240232398490857,250.7651644347126,251.16987529921477,0.5027952459568197,0.000806480040026006,0.3965887882786177,0.0010632788337126252,0.39596521778392374,0.39781650570513066,0.0026413310489314403,0.002681061253213326,75.89549149381969,0.05899475320511718,75.836320121624,75.95430802732386,0.14655109123223525,0.0007773156487157241,3.900346692993518,0.000694820810054474,3.899632775686867,3.9010206966239886,0.0017260305771652318,0.0001781433458986177,79.79583818681321,0.05862380878179095,79.73670672829368,79.85394080301074,0.14562961420128706,0.00073467251067085,0.035692386722292836,7.0971942146249155e-06,0.0356845292814929,0.035698331784374336,1.763040779616602e-05,0.000198843363147585,0.5516260476988445,0.0003125672993670904,0.5512653792697637,0.5518180878875827,0.0007764602158177444,0.0005666289702435043,1.9653198364272735,0.00118557543540754,1.9644483682782936,1.966669898977765,0.0029451326492206877,0.0006032480889028121,0.8232296526795556,0.0009553178487442225,0.8226293215709477,0.8243312757262804,0.002373141094773721,0.0011604512126533939,0.010912883668835367,0.0001817510080073505,0.010762971448422485,0.011115033228322215,0.00045149453313969557,0.016654718727222274,39.61907280028069,0.2917830941943074,39.41348973607038,39.95303326810176,0.7248293879392779,0.007364712840837614,6.269938653129249,0.006135012620890745,6.2638036763290135,6.2760737015701675,0.015240216213618929,0.0009784804860616676,31.972913953502513,0.0053180077383818926,31.966919413206536,31.977064619196458,0.013210663574294542,0.00016632852877018815,12.443461100260416,0.003524958480799765,12.440326690673828,12.447277069091797,0.008756482294508847,0.0002832779764727994,0.025946030650627738,0.00010551885755909565,0.025838954393437294,0.026049919902945685,0.0002621233733633609,0.004066859358178656,0.557526869388918,0.003940127064474936,0.5538986716419458,0.56171830650419,0.009787818229950312,0.007067151882372135,0.15899028338307233,0.00022328255168461224,0.15873263239197127,0.15912729868785624,0.0005546646070155875,0.0014043786005880224,81.8004387691617,0.12415884489646233,81.65710904821754,81.87490757089108,0.30842766885466205,0.0015178261481803873,0.13279366666666464,0.000248709335036297,0.13251599999999597,0.1329959999999992,0.0006178282384280131,0.001872900577861149,8.927078485488892,501.3742993213493,493.42418915655713,502.3193224888629,0.16171853739723127,0.1588548053287008,398.0482790628318,0.00848578346821811,2.1484157070517513,102,0.557147903367877,0.6298409372102469,0.7493535463046281,0.5629262852427714,0.15903670791037192,0.15928603907647942,0.1593430639017891,0.15899389071863823,81.831108011771,81.95962563510984,82.04475639294833,81.80880444246691,True
main,primary,llama31_8b,llama_cpp_int8,llama_cpp,int8,q8_0,llamacpp-q8_0,llamacpp-q8_0,,decode,128,512,64,3,cresco8-hbm03,0,True,True,497.53159347902937,174.7561566658504,0.725506193686126,174.3166669977055,175.5935550118309,1.8022572958441447,0.004151534386701806,41.633198110529385,2.145193397595429,39.157483005112105,42.94163009694836,5.328955817964625,0.05152602958581968,216.38935477637975,1.4217626044509186,214.751038016943,217.2998780849631,3.5318541028728943,0.006570390701151593,0.3270343945513807,0.018567741628964837,0.3059178359774383,0.3408065880710187,0.04612482720254806,0.05677611266067502,46.4227977966353,0.3009111154168223,46.07537515002282,46.60105090890422,0.7475046496917844,0.006481968552068445,2.799188304745132,0.021044788633514767,2.7748910365804944,2.811676347771199,0.05227815308032873,0.007518175393145232,49.221986101380445,0.3219558935233687,48.85026618660332,49.412727256675424,0.799782776621674,0.006540896030896635,0.03526393129875566,0.00011287962346143327,0.035138027397357365,0.03535608881574466,0.0002804085295287237,0.00320099374358231,0.5327900512670913,0.001994568478604556,0.5305864472345988,0.5344718535995702,0.004954782776370059,0.003743629359934623,1.716576640990918,0.006248759411702669,1.7097314457285397,1.721975211939305,0.015522778906265407,0.0036402449284731525,0.7320380211973655,0.002710356925573469,0.7289938002466639,0.734189078225681,0.006732899851120738,0.0037024810830730433,0.011367531137589676,0.00034355029141204074,0.011101741456160594,0.011755462616189186,0.000853426234779466,0.03022206732964232,76.06250106738756,4.394784352052657,70.98786828422877,78.61417322834646,10.917249543944243,0.05777859379300582,2.7289594518931515,0.010552108580045622,2.721925141206696,2.741092630121672,0.026212890862175556,0.0038667150487433385,63.95632610078014,0.010473246841857837,63.94425147639035,63.96294777912276,0.0260169874443291,0.00016375622992093796,15.513357798258463,0.0038245195455014636,15.509330749511719,15.51694107055664,0.009500633232306419,0.000246530737912253,0.02446780262511883,0.00021376559886446308,0.02431048806521525,0.02471118643052915,0.0005310231856141063,0.008736607947172572,0.7559058032929897,0.0049338636569615565,0.7508206916972995,0.7606730479747057,0.012256396774892597,0.006527087945968827,0.3685044477686446,0.0016404197658501205,0.3675430672053692,0.3703985691832382,0.00407502860344893,0.004451560288574897,189.06860014967,0.8262796685449139,188.59046317264438,190.02270490583032,2.0525924850849835,0.004370263850744209,0.3117080000000029,0.0012728067410258605,0.3107850000000035,0.3131600000000035,0.0031618272251523758,0.00408333036375662,10.427078485488892,496.77811514320666,489.63745912918006,502.3193224888629,0.10052741101328666,0.09798943400683487,281.6692662961307,0.005296570543701118,2.164886146783826,193,0.7577621638774872,0.8289872970432042,1.0961239970475434,0.7722487543067784,0.36768823611293056,0.3705277325632871,0.3706178027360815,0.368508854162212,188.63479775749147,190.134590401873,190.21113192476332,189.08027323119708,True
main,primary,llama31_8b,llama_cpp_int8,llama_cpp,int8,q8_0,llamacpp-q8_0,llamacpp-q8_0,,longctx,8192,256,1,3,cresco8-hbm03,0,True,True,497.0512532923869,6.259835572861505,0.005089475435046533,6.255945935967102,6.265595598226583,0.01264295786122601,0.000813036600691418,200.31473833156815,0.16286321392148906,200.19026995094725,200.49905914325066,0.40457465155923233,0.000813036600691418,206.57457390442968,0.16795268935653423,206.44621588691436,206.76465474147724,0.417217609420455,0.0008130366006914113,0.024452482706490253,1.988076341815052e-05,0.02443728881237149,0.02447498280557259,4.93865541454141e-05,0.000813036600691418,66.98312090791603,0.09786014240607685,66.87039092978031,67.04623656316426,0.24309807022819319,0.0014609671971034092,3.32122346683904,0.004559652134884196,3.317581884490827,3.326337369929259,0.011326803820728733,0.0013728832704002975,70.30434437475508,0.0995262040186107,70.19014207587735,70.37257393309352,0.2472367967099881,0.001415647993075498,0.02218550552849174,1.710692020158693e-05,0.022165774609347592,0.022196186365938664,4.2495945604665654e-05,0.0007710854359219971,0.8230329688494668,0.00032144802984394833,0.8226712716570451,0.8232859991028787,0.0007985211733031977,0.0003905651924166617,2.2675995910947573,0.0021268156843773306,2.2652017930486723,2.269258129490523,0.005283303047503815,0.0009379150061279299,0.976703560259863,0.0005082298543684949,0.9761228734381729,0.9770673862959198,0.0012625129474741566,0.0005203522082312003,0.012326178960450301,0.00037531444578874714,0.011898683899238044,0.012601545584664342,0.0009323327685485017,0.0304485637433124,32.666936456038876,0.07000224985275302,32.61776061776062,32.747081712062254,0.17389522876659277,0.0021429083179243845,6.323786908692377,0.015310863840738147,6.306748413593303,6.336391473257612,0.038034294266252135,0.0024211542959634777,0.9977301981972434,0.0008890951280223923,0.9968797624756524,0.9986534717369089,0.002208634736853912,0.0008911177887858468,10.490980784098307,0.0002855252698934379,10.490669250488281,10.491230010986328,0.0007092840905999802,2.721626087869902e-05,0.0019948754367270613,7.52328144830339e-06,0.0019885983228936643,0.002003214776776358,1.8688867161842094e-05,0.00377130386679513,29.693199498578906,0.016591025278895114,29.674570572562516,29.706384937744588,0.04121439157190639,0.000558748318101899,0.04387252678899886,4.6111726994869394e-05,0.04383344472952041,0.043923384520937414,0.00011454787998189078,0.0010510387791576213,40.8778708181344,0.028422519865496185,40.845406639389694,40.898273933678865,0.070605453460852,0.0006953033339712811,0.04366033333333386,4.225320500717214e-05,0.043621000000001006,0.04370500000000175,0.00010496278000063418,0.0009677710127538717,8.442703485488892,503.02515292183523,494.78430369015047,502.3193224888629,0.14209089465938649,0.13995946647326873,11231.019494077942,0.0028571279198336456,4.93897199630737,24,29.70186056382954,29.73224134137854,29.815705164242537,29.698202823405154,0.043864495137377696,0.04399774645637794,0.04401781562752291,0.0438767627187475,40.88485131645575,40.955697626108304,41.00993872206658,40.886777316685766,False
main,primary,llama31_8b,llama_cpp_int8,llama_cpp,int8,q8_0,llamacpp-q8_0,llamacpp-q8_0,,longctx,8192,256,2,3,cresco8-hbm03,0,True,True,497.0512532923869,5.613782841376107,0.0020301397489929183,5.611886603090184,5.6159245591420115,0.005043146710596658,0.00036163489154405375,202.5483416242504,0.09791402766536182,202.45451979910155,202.64989002997703,0.24323192863289045,0.0004834106607843928,208.16212446562653,0.09698041804505461,208.06805716099768,208.2617766330672,0.24091271376703238,0.00046588887528897614,0.024725139358429005,1.1952395955244363e-05,0.024713686498913763,0.02473753540404993,2.9691397538194635e-05,0.0004834106607843928,36.15746488315148,0.05336900151163647,36.09609125934654,36.19296927205234,0.13257594929351652,0.0014760161334348733,2.8435171502417877,0.0011479256289254165,2.842224426720613,2.844417249411708,0.002851605345098343,0.0004036992106159117,39.00098203339327,0.05252223567872342,38.94050850875824,39.03519369877295,0.13047246635495555,0.0013466900816434067,0.02364608936353818,1.0823348446238058e-05,0.023634099999082295,0.023655139569705916,2.68866880427143e-05,0.0004577225552960759,0.7129963201715531,0.00043696456427736455,0.712629873317041,0.7134799192928121,0.0010854801528199524,0.0006128566893195565,2.348447426248143,0.0006111044190229814,2.3477892802838536,2.348996911408301,0.0015180675331122639,0.0002602163506803624,0.9836676757948629,3.615497609155849e-05,0.9836260912862343,0.9836916662952224,8.9813939576472e-05,3.6755275161749203e-05,0.01228337365886714,0.0008650969860028674,0.011563988716127177,0.01324328006985408,0.0021490200472512704,0.0704282886793377,63.49322993613148,0.30186677248834887,63.28089887640449,63.83879093198993,0.7498786334626645,0.004754314322834102,2.8343092682313284,0.007728830952352403,2.825622790653609,2.8404255435000363,0.01919948043648182,0.002726883420585702,1.9964453980835464,0.00222471798856635,1.9941710546671372,1.9986169254592212,0.00552650585340701,0.001114339510963801,11.551130930582682,0.0005802521118247941,11.550762176513672,11.551799774169922,0.0014414261533067406,5.0233359427043045e-05,0.0019014242950403033,1.7897518385166764e-05,0.001886219948076942,0.0019211484336848887,4.445990036733763e-05,0.009412690493042955,29.780670205131173,0.022740366525849032,29.755861768499017,29.80052629392594,0.05649020206588642,0.0007635948542867547,0.24864949727297025,6.839557190953324e-05,0.24857604163607547,0.24871134791596264,0.00016990401949720305,0.00027506820910419056,93.18416854615013,0.017402581579817646,93.16680445149541,93.20160936098546,0.04323040918423665,0.00018675470148342733,0.13347033333333336,2.7501515109905834e-05,0.1334429999999993,0.1334979999999996,6.83175508147886e-05,0.00020604964731168096,9.458328485488892,499.6636727854357,492.01482856131014,502.3193224888629,0.07926789960260994,0.0776418112688826,6947.360965773165,0.004782292329381998,9.75545663386583,18,29.875599675346166,30.07235321830958,30.080451282970607,29.899192184054602,0.24818011788724392,0.24880106059158696,0.24883630480562502,0.24812961088570568,93.18276009848341,93.25571143780834,93.25650500685907,93.17224295990955,False
main,primary,llama31_8b,llama_cpp_int8,llama_cpp,int8,q8_0,llamacpp-q8_0,llamacpp-q8_0,,longctx,8192,256,4,3,cresco8-hbm03,0,True,True,497.0512532923869,7.103271561466219,0.008019963921675352,7.094477783959015,7.110182794899917,0.01992269482471081,0.001129052134960178,205.3496375238393,0.15494152581198278,205.20269048871333,205.51149544654092,0.3848960873856836,0.0007545254410005735,212.4529090853055,0.1598907996818001,212.29716827267234,212.61664955208064,0.39719076525147723,0.0007525940707058037,0.02506709442429679,1.8913760475095555e-05,0.025049156553798014,0.025086852471501577,4.6984385667197704e-05,0.0007545254410005735,29.23808691268772,0.03027846305593955,29.203124880546095,29.255733930041732,0.07521587193109858,0.0010355829075396983,3.0700241147315377,0.002228997048436737,3.0678077502689685,3.07226553315565,0.0055371356274018756,0.0007260519673903782,32.30811102741925,0.03222363881629828,32.27093263081506,32.327999463197386,0.08004795639338833,0.0009973854178274525,0.023035812032692754,8.178437522289813e-06,0.02302844012931828,0.023044609551731016,2.0316365072314054e-05,0.00035503144020635597,0.7534826994925844,0.00021969918541527166,0.7533500250156111,0.7537362954943962,0.0005457630317309044,0.00029157827454196763,2.332201758484111,0.00245783119836977,2.329422538552362,2.3340892505925717,0.006105591168986852,0.0010538673120490723,0.9804259954819021,0.0005151725406935247,0.9798986360043324,0.9809280483163745,0.0012797595363950164,0.0005254578551237878,0.013108796006029386,0.0006075815656195201,0.012740275379998533,0.013810066734822907,0.0015093162801197578,0.04634915100822861,105.05307559838239,0.1887523489914643,104.94409937888199,105.27102803738318,0.4688868283111559,0.00179673320287227,1.7970204839355048,0.003225416164987752,1.7932960941532965,1.7988826794770902,0.008012377931535199,0.001794868892047372,3.9946039018195787,0.002155125512758661,3.9921810163149924,3.99630706130892,0.005353628559799057,0.0005395091893283791,13.681626637776693,0.00576463027374264,13.676048278808594,13.68756103515625,0.01432013545730172,0.0004213410017947552,0.0019556082272912064,1.056327705567046e-05,0.0019461290496596033,0.0019669955010970055,2.624063489365798e-05,0.00540153028007153,29.892171435368557,0.015363509748498285,29.87443742249161,29.90144590009004,0.03816507395108842,0.0005139643261352405,0.53783816861147,0.0008592391872199465,0.5372141845451266,0.538818198738291,0.0021344684683867713,0.0015975794158273173,167.07534365324923,0.28878260052104304,166.87818537466228,167.40682159084827,0.7173757484516535,0.0017284573187554648,0.19718199999999828,7.00642562240154e-05,0.19710499999999592,0.19724199999999836,0.00017404926113181445,0.00035532785053410566,11.489578485488892,493.90664832646746,487.2716989254718,502.3193224888629,0.06630409912717049,0.06431787427037623,4548.343040970903,0.0012554103146761796,9.944763779640194,18,29.868009730242193,30.254749369854107,30.2745756590832,29.90810939659261,0.537702555905151,0.539274039308851,0.5397272732239217,0.5376802176949294,166.91779356217012,167.43174445359037,167.4368435861729,167.0165649087996,False
main,primary,llama31_8b,llama_cpp_int8,llama_cpp,int8,q8_0,llamacpp-q8_0,llamacpp-q8_0,,prefill,4096,128,1,3,cresco8-hbm04,0,True,True,518.5062982091952,7.657436157408914,0.0020769842415719673,7.655130308792287,7.659160186048883,0.005159514881200081,0.00027123755247536626,245.03795703708525,0.06646349573030295,244.96416988135317,245.09312595356425,0.1651044761984026,0.00027123755247536626,252.6953931944942,0.06854047997188006,252.61930019014545,252.75228613961315,0.17026399107961546,0.0002712375524753866,0.05982371997975714,1.6226439387280995e-05,0.05980570553743974,0.0598371889535069,4.0308710009375635e-05,0.00027123755247536626,77.1139063918366,0.0594215067166517,77.07350418314384,77.18213521328505,0.14761120572386002,0.0007705679753106394,3.9862491278540815,0.001278067062517681,3.9847777419359423,3.987083426219796,0.003174894588146138,0.00032061896322212635,81.10015551969069,0.05816530363548801,81.06039039855035,81.166912955221,0.14449062427632434,0.000717203355070827,0.02633458201477167,1.2716328908810996e-05,0.02631991109317838,0.026342444794845182,3.158911219739832e-05,0.00048287566902250874,0.6380289712445913,0.00015742224793406385,0.6378480784036957,0.6381349128007,0.00039105854276151846,0.0002467321313434767,2.334902513951294,0.000338104575312163,2.334676424539517,2.3352911986166562,0.0008398983260482738,0.00014480457890295281,0.984058864970781,0.00035233491246296797,0.9837793634922974,0.9844546412618421,0.0008752484432155102,0.0003580425165657439,0.013277232702055157,0.0005830356973972272,0.012614829992841007,0.013712585929227182,0.0014483409632011057,0.0439124409792848,33.39689119987705,0.05744301129398159,33.363726461843406,33.463220675944335,0.1426963506318798,0.001720010732441859,7.636363605971951,0.013121561812788667,7.621212131482433,7.643939387359737,0.03259576653621135,0.0017182997680371145,0.988123473126269,0.003941502062305704,0.9858431475009691,0.9926747244439434,0.0097912339139153,0.003988876055980539,9.940286000569662,0.0011111796910716594,9.939037322998047,9.941165924072266,0.0027603233751221905,0.00011178548494560212,0.002447753969185114,2.1460049636332182e-05,0.0024262396759594162,0.0024691593607539574,5.330971859764673e-05,0.008767241277715703,12.217817763487497,0.006101202941264882,12.2107964605093,12.221829070243984,0.015156228313438129,0.0004993692866739349,0.035336423261956434,2.1157377441899313e-05,0.035312605248104166,0.03535303984600024,5.255783918515781e-05,0.0005987413407705462,16.704275247175246,0.0011230100965038024,16.703015787526965,16.70517232082784,0.002789711731401473,6.72289027740792e-05,0.035169666666666974,7.32006375161555e-06,0.035163000000000465,0.03517749999999978,1.818404641780479e-05,0.0002081357159564251,7.934890985488892,504.7867293631873,496.17082455288573,502.3193224888629,0.16345208445654266,0.16145139533526262,10591.03433130809,0.0068680349652648935,2.9567385092377636,24,12.21814869204536,12.274822333175688,12.282086405251174,12.221642737742513,0.03533873636656859,0.03542366367178111,0.035454552586329735,0.03534793325765865,16.70517232082784,16.768189284345134,16.77424162962474,16.710830261465162,False
main,primary,llama31_8b,llama_cpp_int8,llama_cpp,int8,q8_0,llamacpp-q8_0,llamacpp-q8_0,,prefill,4096,128,2,3,cresco8-hbm04,0,True,True,518.5062982091952,8.171114635526923,0.015530335497624816,8.153460538421804,8.182669496796855,0.038579492085784636,0.0019006385530440334,265.8271981912415,0.1281935708997018,265.7004527884025,265.95679244326504,0.3184504838758889,0.000482243998251363,273.99831282676854,0.11360022923286554,273.88312228519936,274.11025298168687,0.2821986135008436,0.000414601929701252,0.06489921830840857,3.129725852043501e-05,0.06486827460654358,0.064930857530094,7.774670016501194e-05,0.000482243998251363,47.62599667674948,0.04802363245488923,47.57073966755308,47.657658353196666,0.11929731643642742,0.0010083491329501955,3.6690787713977397,0.0038812289822357554,3.6646247106912995,3.6717358550384183,0.009641507282710193,0.0010578211109807264,51.29507544814722,0.05190355749200316,51.23536437824438,51.32939420823509,0.12893558453988643,0.0010118623871500304,0.030993623655751302,3.873331406720651e-06,0.030989564039005615,0.03099727898868406,9.621888617541726e-06,0.00012497187969183785,0.6102720472021778,0.0006684678996578518,0.6095965101654859,0.610933214262444,0.0016605663186346053,0.0010953605080266673,2.4016808659706608,0.00038818549504948994,2.4012536528716253,2.402011965943723,0.0009643062274069091,0.00016163075642133714,0.9895139612212903,0.00010302077112991094,0.9894038243057574,0.9896079613392046,0.00025591778265741146,0.00010411249882999059,0.013917548794888128,0.0010874581443898565,0.013153605477526151,0.015162572115808006,0.0027013957864288783,0.07813575223743972,57.828397873955964,0.1683390306521003,57.73120728929385,58.02277904328018,0.4181773344023771,0.002911009760619959,4.102803766517224,4.3066332082275596e-08,4.10280371806985,4.102803800454194,1.0698269963234392e-07,1.0496805241756328e-08,1.990339700664532,0.002982589828206418,1.9875204383340908,1.9934624173551823,0.0074091638709305,0.001498533053031397,10.472857157389322,0.00011679039004725172,10.472785949707031,10.472991943359375,0.0002901234122864084,1.1151721855085941e-05,0.0024407029610840924,2.39835570175812e-05,0.0024174233220967244,0.00246533334691181,5.957845844928773e-05,0.009826495644897473,12.183912711218,0.0030172133688621825,12.180878809653223,12.18691295478493,0.007495173513987806,0.0002476391156417402,0.17494796403974608,0.00019604168990851672,0.17473651822949723,0.1751236894175293,0.0004869945549770105,0.0011205714281074938,34.41321559405575,0.01883292081171305,34.397582130506635,34.434123354032636,0.04678356881078402,0.0005472583856698963,0.08114300000000123,6.255397669211202e-05,0.08107900000000154,0.08120400000000154,0.00015539269252082665,0.000770910327349384,8.442703485488892,503.02515292183523,494.78430369015047,502.3193224888629,0.10367158995461954,0.10211646885091606,6277.630321828697,0.0012185765968772046,2.103083580732343,18,12.187815542332828,12.237679657200351,12.242758940281346,12.19721372756693,0.17482857544737773,0.17531240549393173,0.1753207451886842,0.1749069434924708,34.4083537356928,34.442881397437304,34.44316695844755,34.410395551110724,False
main,primary,llama31_8b,llama_cpp_int8,llama_cpp,int8,q8_0,llamacpp-q8_0,llamacpp-q8_0,,prefill,4096,128,4,3,cresco8-hbm04,0,True,True,518.5062982091952,10.027926786149338,0.06049818359067009,9.962625126051794,10.08206715107323,0.15028581934997856,0.006032970212170947,266.5921596616912,0.6387301657976249,266.04532817262964,267.2941867880446,1.586693692490421,0.002395907541347733,276.62008644784055,0.5783207392495376,276.12739532370284,277.25681191409643,1.4366283578571055,0.0020906679145246587,0.06508597647990508,0.00015593998188418576,0.06495247269839591,0.06525736982129995,0.00038737638976816917,0.002395907541347733,35.46556116907871,0.12335557056661128,35.3282460136938,35.56700605934825,0.3064322247989981,0.0034781790136782344,3.8471795926549084,0.007423820777568215,3.8411195873222246,3.855460344454787,0.01844179315883286,0.0019296787682441137,39.31274076173362,0.11701273351683748,39.18370635814859,39.41196490553597,0.29067574408416785,0.0029764582995122986,0.02954060976363457,2.6741498584586168e-05,0.02952379565899385,0.029571446086125795,6.642956510268857e-05,0.0009052453147905498,0.6310116617772202,0.000416877920896664,0.6306137422165473,0.6314452110252583,0.001035582164495474,0.0006606501054553307,2.3955727819891663,0.001369254552041301,2.3940437801576313,2.396685812785514,0.003401416869711601,0.0005715771035369416,0.9889137735191177,9.660113972836988e-05,0.9888022451341437,0.9889712243371261,0.00023997053419730666,9.768408764760964e-05,0.012900267863046017,0.0003987828448516729,0.012607159528655583,0.013354382407372526,0.0009906315036951217,0.030912756935382903,98.20484090043703,1.1656851194986035,96.91428571428571,99.18128654970761,2.895722365372671,0.011869935420804861,2.512077301609923,0.02123449828364168,2.4963503741613127,2.536231920361653,0.05274941797649196,0.008452963716535738,3.9885256431904454,0.009345329973879449,3.977849502278288,3.9952239355911012,0.023215086616864666,0.0023430537521639356,11.536561330159506,0.0011122464960755473,11.535282135009766,11.537300109863281,0.0027629734656634325,9.641057367483082e-05,0.002520134691649164,5.30602643950398e-06,0.002514008283701895,0.002523263170613771,1.3180900377916168e-05,0.0021054535128960674,12.584904024687907,0.01094855601904462,12.573255036957562,12.5949825393036,0.027197720896119805,0.0008699753289788107,0.40405734602283694,9.63108360809692e-05,0.40396720675502235,0.4041588245341041,0.00023924937995893996,0.00023835932455866255,63.893162499802806,0.019643483589050627,63.874553728848696,63.913698611781,0.04879711837370939,0.0003074426561545025,0.11534900000000077,8.221313763582894e-05,0.11525600000000122,0.11541200000000026,0.00020422875560248305,0.000712733856694279,9.458328485488892,499.6636727854357,492.01482856131014,502.3193224888629,0.07990153645711685,0.07826244980374061,3920.3840453833964,0.0002946713818405567,5.5572118610143635,18,12.574233931489289,12.762842804798856,12.77634252470918,12.612491564721697,0.4040070404005274,0.40443670134734744,0.4045288966828591,0.40373254878721865,63.896330455783755,63.92150928401388,63.92509123970754,63.88652526069846,False
main,primary,llama31_8b,llama_cpp_int8,llama_cpp,int8,q8_0,llamacpp-q8_0,llamacpp-q8_0,,prefill,4096,128,8,3,cresco8-hbm04,0,True,True,518.5062982091952,10.8867653097672,0.005365735094891173,10.881718890960087,10.892401613455542,0.013329224900481398,0.0004928677106759374,258.0507959931347,0.09077526615483608,257.9897343600044,258.1551086276842,0.2254982619494017,0.00035177285853925865,268.93756130290194,0.09586726986360186,268.87145325096446,269.0475102411398,0.2381475003907193,0.00035646664377843236,0.06300068261551141,2.2161930213583028e-05,0.06298577499023544,0.06302614956730572,5.505328660874065e-05,0.00035177285853925865,27.203724197337937,0.014816130723903432,27.186868322358112,27.21468735446846,0.03680530907347124,0.0005446361173354819,4.163539431271474,0.0015269574766336878,4.1625446733907685,4.165297540835127,0.0037931726519448675,0.00036674504993636654,31.36726362860941,0.015302635261629135,31.349644401946637,31.37723202785923,0.03801385334257331,0.0004878536885720541,0.02835262517231657,1.0607275763783189e-05,0.028342891639116106,0.028363930731327303,2.6349933743749107e-05,0.00037411970494147066,0.6631195147643207,0.00023670349594370047,0.6628948505123025,0.6633666542543378,0.0005880040807768876,0.0003569545016750521,2.3792407737760435,0.0017092000671947937,2.3776639356769693,2.3810570795297847,0.004245888343844785,0.0007183804539807704,0.9864253359510812,0.00023276056801663813,0.9861612380534485,0.9866005903089674,0.0005782093048185585,0.0002359636959164451,0.012219134064728058,0.00026796293997832375,0.011949808902792415,0.012485713684258309,0.0006656568445516442,0.021929781485238775,182.9894675162968,0.28579536067465755,182.65945945945947,183.15447154471545,0.709955033295204,0.0015618131718384556,1.372986366458262,0.00214628378515738,1.3717472028724,1.375464681500488,0.005331664490827692,0.0015632229405845494,7.691542048055928,0.0037242054590291966,7.687259381433915,7.69402069613771,0.009251439227080877,0.0004841949034095843,13.663406372070312,0.00299635182217909,13.660980224609375,13.666755676269531,0.007443350559146897,0.00021929757050218477,0.002491998275125807,1.0685046253161215e-05,0.00247974919668261,0.002499403545154992,2.654312634927434e-05,0.004287742234742031,25.473895707788568,0.0163080126353605,25.464320379309356,25.492725668475032,0.040511349191199905,0.0006401852634724563,0.7806236265236977,0.0003382083644290489,0.7803619471341958,0.781005519640258,0.0008401561525075992,0.00043325407140848535,124.60616744806369,0.03216729687530681,124.58493584766984,124.64317736402154,0.0799079952530182,0.0002581517234186202,0.1838049999999991,0.00021361413811108235,0.18363899999999922,0.1840460000000021,0.000530646936244783,0.001162178058872628,11.489578485488892,493.90664832646746,487.2716989254718,502.3193224888629,0.06437325150994873,0.06244486768534544,2881.2294302809073,0.0008444384741562519,6.173103861510751,30,25.58190775476396,26.521851025149225,26.59250359132886,22.12624957760175,0.7981811666047186,0.8786020071359395,0.879049811467719,0.8113058886532317,124.59269051626325,130.18199522611684,130.22209865886717,125.16209743656218,False
main,primary,llama31_8b,vllm_bf16,vllm,bf16,none,vllm-bf16,vllm-bf16,,balanced,512,512,1,3,cresco8-hbm02,0,True,True,508.0775748183113,18.67387351278255,0.032668043796738454,18.636777959784165,18.698349277668516,0.08115191956458942,0.0017493983652816692,18.67387351278255,0.032668043796738454,18.636777959784165,18.698349277668516,0.08115191956458942,0.0017493983652816692,37.3477470255651,0.06533608759347691,37.27355591956833,37.39669855533703,0.16230383912917884,0.0017493983652816692,0.036472409204653417,6.380477304050479e-05,0.03639995695270345,0.03652021343294632,0.0001584998428995887,0.0017493983652816692,281.38905170990404,0.46547832645624904,280.8518028538024,281.6715621871994,1.1563122647523996,0.001654216195078302,0.8351403598579218,0.008109041313867738,0.8277587036001567,0.843820167261081,0.020143975333920296,0.009709794549083089,282.22419206976195,0.4717477653351689,281.6795615574025,282.5054043959119,1.171886414303038,0.0016715355330650015,0.004034789454364259,5.115466853865962e-05,0.003988190140706848,0.0040895244112280175,0.0001270752412489725,0.012678398493216989,0.5316270675601901,0.001494910559008797,0.5304937368954725,0.5333213094011477,0.0037135636953275195,0.002811953435458862,2.3648881881169017,0.002580094042718577,2.362909590245374,2.3678064111352466,0.006409308911379585,0.0010910004353199625,0.9983222440651497,0.000160974536018669,0.9981594753427193,0.9984813623217723,0.0003998829155554875,0.00016124506588492275,0.9972620462473151,0.0010375757300393677,0.9961222130239138,0.9981515697467539,0.0025774809997876733,0.0010404243638307028,1.9611502023253984,0.07239211906339658,1.8775710088148874,2.0041676881588626,0.17983199299890343,0.036913092621645674,18.705395633111127,0.03173058452490958,18.671232911887216,18.73394483367773,0.07882314163420931,0.0016963332477577793,0.9844198122414772,0.0014166376405855443,0.9827988377229931,0.9854205451643827,0.003519122986863561,0.0014390584412964297,22.998494466145832,0.0015087324608161865,22.99681854248047,22.999744415283203,0.003747899202855366,6.560135764700015e-05,0.0036007118699570937,2.4997688500869687e-05,0.0035784892045241557,0.0036277762364345214,6.209770071159797e-05,0.006942429553844741,0.41991562986125547,0.0006771087396575615,0.41922714514657855,0.4205807582475245,0.0016820313551390849,0.0016124875844256746,0.052829604410910856,9.341005515852316e-05,0.052757332063190734,0.05293508010612046,0.00023204344067596585,0.001768138455703281,27.416466443178553,0.04988054736039244,27.378223829437047,27.472886488307267,0.12391014878069925,0.0018193645582946063,0.05270966666666573,1.9604421270419452e-05,0.05268899999999849,0.05272799999999916,4.870008219488927e-05,0.0003719321807591232,14.072761535644531,487.90531032232406,482.32728287426113,502.3193224888629,0.5851300602112851,0.5618421976511151,15113.32014711352,0.002496470878560369,2.095758728682992,24,0.42016784893348813,0.4873990547843277,0.49560399549081924,0.42731917013103765,0.05281630527672819,0.052982510350291015,0.052999360680201044,0.05281673201003804,27.410587043967098,27.49420162914321,27.503391421921553,27.416669227260474,False
main,primary,llama31_8b,vllm_bf16,vllm,bf16,none,vllm-bf16,vllm-bf16,,balanced,512,512,2,3,cresco8-hbm02,0,True,True,508.0775748183113,36.840630520655615,0.027317555147960852,36.81355835835618,36.86818702764005,0.06786056893586892,0.0007415061784201707,36.82351112708006,0.024276078165009658,36.79907577889596,36.847624737050175,0.06030512126309924,0.0006592548462103875,73.66414164773568,0.04475699536127563,73.63739122365023,73.71581176469023,0.11118254004157938,0.0006075818486463202,0.07192092017007824,4.741421516603449e-05,0.07187319488065617,0.07196801706455112,0.0001177834399669907,0.0006592548462103875,280.0950096753686,0.017899997739026653,280.07453198366585,280.10767916433497,0.04446605942376176,6.39068784544674e-05,1.2395400501355593,0.008205039219314007,1.2314176378487873,1.247825292568237,0.020382447351088413,0.006619422436908499,281.33454972550413,0.010672006549392085,281.3223572762341,281.3421950980946,0.02651073392939139,3.793350855699976e-05,0.007896320193573248,5.6375985797755006e-05,0.007844052128507507,0.00795605911868713,0.00014004571235730424,0.007139526312982973,0.5262022191931044,0.00018945705092516401,0.5259835571002519,0.5263173932701902,0.0004706374049602027,0.0003600460887749269,2.3316545672124023,0.0008538617518513781,2.3311153349343776,2.332639026903548,0.0021211101783952103,0.00036620422418412007,0.9997852829556267,2.8526523540726394e-06,0.9997820171511594,0.9997872880356926,7.0863812912652e-06,2.8532649986999738e-06,1.0,0.0,1.0,1.0,0.0,0.0,3.7250933997680136,0.009786857712065663,3.713806595863611,3.731225296442688,0.024311902322076865,0.0026272784764739474,18.449849626280272,0.007701468468233862,18.443298776764397,18.458333447579612,0.019131508257795787,0.00041742716738806164,1.9534328766074678,0.02180131634149912,1.9401481953407562,1.9785937303278274,0.0541574720897167,0.011160514703408455,22.99816385904948,0.010139962129881948,22.988426208496094,23.008663177490234,0.025189062322559942,0.0004409031169630528,0.005601401872287043,2.756930325849543e-05,0.005570873703180146,0.0056244819436876165,6.848594591110975e-05,0.004921857757590053,0.4857755284756422,0.00035963542824010795,0.48550928849726915,0.4861846463754773,0.0008933839297727319,0.0007403325345939916,0.053680828099964654,1.3044380334204109e-05,0.053672299075164555,0.053695844247601855,3.24040371146108e-05,0.00024299886562690148,27.91610869206488,0.009509785199834732,27.908983184956014,27.926907216198742,0.023623616045554605,0.00034065583082279217,0.052712333333334145,1.6441816607787125e-05,0.05269999999999891,0.05273100000000159,4.0843736685086883e-05,0.0003119159325354637,14.166511535644531,487.70882597635904,482.16540224808574,502.3193224888629,0.5834814120088,0.560071128324437,7636.532085844087,0.002842087623750116,2.102245390415189,18,0.4848686340264976,0.4889024474658072,0.4893548372574151,0.4830512827158802,0.05368738664394343,0.05373094872418434,0.05373384674786866,0.05367532426310745,27.91646461840719,27.929306762479246,27.938045652620495,27.911141981163787,False
main,primary,llama31_8b,vllm_bf16,vllm,bf16,none,vllm-bf16,vllm-bf16,,balanced,512,512,4,3,cresco8-hbm02,0,True,True,508.0775748183113,70.48534056208979,0.033602548183237727,70.45283810296631,70.51994455323124,0.08347335715288838,0.0004767310183262518,70.60329234228259,0.2428072976600154,70.3307361305175,70.79649335540077,0.6031667648054319,0.0034390364755639597,141.08863290437236,0.27470351440930674,140.7835742334838,141.316437908632,0.6824013596945091,0.0019470279692588447,0.13789705535602068,0.0004742330032422176,0.13736471900491698,0.13827440108476713,0.001178060087510609,0.0034390364755639597,272.1789967201382,0.1238118898441602,272.03724271191993,272.2659589638267,0.307565784724956,0.00045489141828040073,1.9633486773678197,0.020327550336311475,1.9426758515081424,1.9833123955232586,0.05049643437793444,0.01035351008745109,274.14234539750606,0.12222179238699574,274.00130049699203,274.2171008801912,0.30361576366625553,0.00044583332140743997,0.015394935221683684,0.00014651697894950392,0.01524276653095635,0.015535056605487898,0.00036396835282019195,0.009517219581615097,0.5134016866496718,0.0006457747297796178,0.5126652338160885,0.5138711697677345,0.0016041933595409277,0.0012578352322793846,2.311621698653399,0.0017494073781383279,2.3097660993121565,2.3132408661626345,0.00434576884124769,0.0007567879204272133,0.9995934977080463,9.977030358841202e-06,0.9995822897431739,0.9996014097800269,2.4784317365675357e-05,9.98108769386495e-06,1.0,0.0,1.0,1.0,0.0,0.0,7.621975355132953,0.003703332549499705,7.617699115044248,7.624113475177305,0.009199588045364714,0.0004858756919235809,17.635416650302886,0.018042033633968113,17.62499992305675,17.656249796252727,0.04481889614680804,0.001023056840205601,3.929974134062938,0.014803251956413407,3.916139195798333,3.945585401611122,0.0367733164414684,0.0037667555692305057,23.028753916422527,0.007585126559239212,23.021392822265625,23.036544799804688,0.01884249893420515,0.00032937633476685946,0.008389471213759518,4.9069027870556266e-05,0.008344051134035661,0.008441516075328255,0.00012189422261217682,0.005848882083304425,0.4845765388260285,0.00035988969078260056,0.48418925050646067,0.48490066826343536,0.0008940155529432233,0.0007426890531153166,0.05625795652216273,5.692432134548383e-05,0.05622401638703745,0.056323675218233275,0.00014140785337011068,0.0010118448103080067,29.230628894021113,0.027930040747114353,29.211420387029648,29.26266888063401,0.06938206751063013,0.0009555059813587252,0.05379099999999987,4.0583247775471e-05,0.0537489999999998,0.053829999999999927,0.0001008143762643552,0.0007544616715709152,14.354011535644531,487.31972829813753,481.8448302682441,502.3193224888629,0.5689432119566176,0.5457531357527743,3889.353180545388,0.003957799055365588,2.1100750192999813,18,0.4847701829858124,0.5019739718176424,0.5589787118323146,0.48743068483761615,0.05623406860539999,0.056343856330509,0.05634801229862988,0.056250933118919474,29.219774153549224,29.283348893001676,29.30067207984626,29.23165750860547,False
main,primary,llama31_8b,vllm_bf16,vllm,bf16,none,vllm-bf16,vllm-bf16,,balanced,512,512,8,3,cresco8-hbm02,0,True,True,508.0775748183113,129.37926551204154,0.27487114494665943,129.09089905788252,129.63828661358372,0.6828177770339878,0.0021245378373328043,131.5019738399795,1.3720809940340453,129.95688010638554,132.57803391900276,3.4084381408558513,0.01043391938514692,260.88123935202105,1.6420109094614062,259.04777916426804,262.21632053258645,4.078981223298536,0.00629409348690556,0.25683979265621,0.0026798456914727447,0.25382203145778426,0.25894147249805227,0.0066571057438590845,0.01043391938514692,258.01818240689664,0.8155664800486404,257.2915949021135,258.9003226026592,2.025979449528301,0.0031608876259832178,3.3140589010793975,0.03942300072337069,3.276405219680151,3.3550402716509886,0.09793216280728567,0.011895684989343586,261.33224130797606,0.8274970090147704,260.56800012179366,262.21105381456624,2.055616526454194,0.003166455868105374,0.029222456472800917,0.00026663334727478744,0.0289385938143493,0.029467634280085506,0.0006623539531755216,0.00912426193612296,0.4996311160866978,0.002274452254624575,0.4977406020943603,0.5021551703124527,0.005650052619288471,0.004552263022445351,2.284385219917256,0.0021322505309476275,2.2828585237116696,2.2868214073275177,0.005296803954826666,0.000933402349287158,0.9990842242164474,0.0001626357776595183,0.9988977568759407,0.999196767065042,0.0004040096685638513,0.00016278485208498692,0.998894167602986,0.0019153578962839365,0.996682502808958,1.0,0.0047580127816577045,0.001917478305915189,15.735324724186887,0.0510500936425122,15.676995305164318,15.771863117870723,0.12681546280575032,0.0032442987060853417,16.1787880457143,0.03983144148707034,16.136363912563002,16.215384793817645,0.09894678591140807,0.0024619545898323047,7.925300126041126,0.04890260548345844,7.869088157270944,7.958056459693297,0.1214808064843076,0.006170442091243104,24.349430084228516,0.0052205299333729326,24.346324920654297,24.355457305908203,0.01296851528281314,0.00021440049788903876,0.013566639130983245,2.6985661628521542e-05,0.013538435170723525,0.013592214053315529,6.703609972794419e-05,0.0019891191449835336,0.48745567568888265,0.002920806843438564,0.4851040095090866,0.49072515685111284,0.007255686428524179,0.0059919434506754245,0.061305636157319966,0.00026679141571201717,0.06105664316309641,0.061587229841288525,0.0006627466169414814,0.004351825255142744,31.813910253035527,0.1376039375681742,31.68714186642319,31.9602533262223,0.34182713059843955,0.004325275845494181,0.055903333333334256,0.00013122626769485426,0.055808000000000905,0.05605299999999988,0.00032598412035303155,0.0023473782307826385,14.729011535644531,486.55655285650744,481.2160610003108,502.3193224888629,0.5430663323346709,0.5202512218983377,2019.889981758236,0.002569001187393109,2.1387411281466457,30,0.4870441071689129,0.4920876583084464,0.5387990434281529,0.4888620724901557,0.06124485938931923,0.061592734217691125,0.061596093898157935,0.06127756550757425,31.780905640218407,31.96481246203184,32.00147906782106,31.801698046860597,False
main,primary,llama31_8b,vllm_bf16,vllm,bf16,none,vllm-bf16,vllm-bf16,,balanced,512,512,16,3,cresco8-hbm02,0,True,True,508.0775748183113,219.9664506207282,0.2211558306886756,219.79964114805446,220.21730938453928,0.54938153918721,0.0010054070976032528,224.2457161413801,3.1576764965318738,220.62660232264267,226.43924210160793,7.844103266542488,0.014081323607274866,444.2121667621083,2.937043374186691,440.843911707182,446.2388832496624,7.296020206863595,0.006611803084087033,0.437979914338633,0.006167336907288816,0.43091133266141146,0.442264144729703,0.015320514192465797,0.014081323607274866,233.21380211671485,0.13092552448836373,233.08642874573178,233.3480119277459,0.3252370328122357,0.0005613969812251522,5.247266861439538,0.03433362950665316,5.2117634247949205,5.280296917528644,0.085289463838741,0.006543145300834586,238.46106897815443,0.09659877250210207,238.36672566326044,238.5597753525408,0.23996465368126255,0.00040509242416820475,0.05089043961172849,0.0003120199251743217,0.05056529454668974,0.051187425494464645,0.0007751004629430488,0.006131209074924397,0.480028027167346,0.002233235294677689,0.4778982092163592,0.48235200186913607,0.005547664014720708,0.004652301882988063,2.2516724196073876,0.001814493203406221,2.249607256422074,2.2530111242941206,0.004507450994296056,0.0008058424429796075,0.998567204411803,3.693082263445674e-05,0.998542858630435,0.9986096980521091,9.174124923221667e-05,3.698381287838359e-05,1.0,0.0,1.0,1.0,0.0,0.0,31.533616186369397,0.07343225582792588,31.483870967741936,31.617956064947467,0.18241583596104866,0.0023286975839982298,13.803816743839752,0.024756772000827296,13.77631537705049,13.824324192617524,0.06149923094845976,0.0017934729546359369,15.773365867963593,0.013729530001017851,15.758386887370248,15.785352312711558,0.03410604324013599,0.0008704248741800339,25.68947982788086,0.002880601649151699,25.687057495117188,25.692665100097656,0.007155811189187929,0.00011213156780330657,0.02087609294672727,0.00010499649798841817,0.020760191580540193,0.020964856282689535,0.00026082576025474724,0.005029509030083065,0.49453551849971217,0.00012427236496233434,0.49442209862172604,0.4946683570742607,0.00030870966833133515,0.00025129108084964914,0.07207426400606103,0.00013098620625593807,0.07192321163793541,0.07215648143754547,0.00032538777467948273,0.0018173783397208592,37.32443379703909,0.0665919454146532,37.247653366066515,37.36643804889172,0.1654235629033595,0.001784138127232244,0.06079100000000046,3.157530680724354e-05,0.060755000000001017,0.060814000000000305,7.843741039996059e-05,0.000519407590058451,15.479011535644531,485.0868253718563,480.00517366801967,502.3193224888629,0.4967885390816192,0.4747200800412001,1084.0797177121256,0.0032701087700329444,25.446621514856812,54,0.4945024326443672,0.49782415125519036,0.5304432498477398,0.4950344505443893,0.07213795954478201,0.07218198266350564,0.0721899634800895,0.07206873756827907,37.35740117309615,37.38061655513011,37.40476227900945,37.32215934793499,False
main,primary,llama31_8b,vllm_bf16,vllm,bf16,none,vllm-bf16,vllm-bf16,,balanced,512,512,32,3,cresco8-hbm02,0,True,True,508.0775748183113,336.95127763854515,2.866391769347593,333.75659083375217,339.2980768033752,7.1205118908871095,0.008506843450590601,304.1811500938026,6.931383465906946,297.021221709127,310.8587982429355,17.218511062262152,0.022787024980901887,641.1324277323478,8.019964372811133,634.8203869876351,650.1568750463108,19.92269594539422,0.012509060571428796,0.5941038087769582,0.013537858331849504,0.5801195736506387,0.6071460903182334,0.033629904418480766,0.022787024980901887,198.71596770943754,1.7816587198107898,196.75127398680957,200.2267951532496,4.425885615350798,0.008965855841116558,6.760019037580624,0.11559132181455765,6.644948046117006,6.876123756215947,0.28714476167061126,0.017099259805624333,205.47598674701817,1.8201339119462712,203.5102592972185,207.10291890946556,4.521463291101386,0.00885813442612746,0.0749717237647438,0.0012617774248383292,0.07396526210219712,0.07638729140947995,0.003134428884876111,0.016830044201700648,0.4390378635425429,0.008078568176349657,0.4297686066103101,0.4445801927980826,0.020068275863816272,0.01840061836845842,2.232478426906545,0.01012474488643222,2.2210020997756663,2.2401481431386556,0.02515126059423759,0.00453520390808957,0.9977428209570146,0.00012673326150956497,0.9976686471984982,0.9978891553064198,0.00031482287424902693,0.00012701996832009777,0.9985708715009588,0.002475323170883942,0.9957126145028765,1.0,0.006149043637562208,0.0024788657886277684,60.706827772777196,0.67475062739028,59.92826643894107,61.1219946571683,1.67617347952739,0.011114905063328955,10.520185281638016,0.09240465155883341,10.416666618789069,10.594339578148062,0.229545879678447,0.008783557426513862,31.68787542606131,0.005535496489970578,31.682454150966578,31.69351847791278,0.013750935583997495,0.00017468815487131005,28.773448944091797,0.003403233800004671,28.769805908203125,28.776546478271484,0.008454101424494983,0.00011827688111415906,0.03132725974411109,0.00033664493944783906,0.0309448214138074,0.03157877408230137,0.0008362723895522833,0.01074607042549011,0.5246872461090485,0.0038415104591016727,0.521153412759304,0.5287760626524687,0.009542841001537789,0.007321524370164072,0.09670377032380534,0.0009786754825218487,0.09561287805277657,0.09750469882631722,0.0024311646736979754,0.010120344628185923,49.94268270830313,0.5000244817584858,49.386599509976804,50.355272030457854,1.2421296719346697,0.010011966811613728,0.07342466666666649,0.0009116382689060354,0.0723719999999994,0.07395299999999952,0.002264635003264271,0.012415967416572601,16.97901153564453,475.43530161642974,470.8422055578766,502.3193224888629,0.43640095199953516,0.4090545148232354,609.8081293628603,0.001741524304548746,37.39876560866833,102,0.5246190084144473,0.5337662672158331,0.5399199016671627,0.5252949724193005,0.09699608535832067,0.0975268710127607,0.09753393815790254,0.0967193189081046,50.087019758764654,50.36442156261764,50.3709979392495,49.94886693446075,True
main,primary,llama31_8b,vllm_bf16,vllm,bf16,none,vllm-bf16,vllm-bf16,,balanced,512,512,64,3,cresco8-hbm02,0,True,True,508.0775748183113,454.7712734620689,6.978136847799008,450.52701114154877,462.8250209182951,17.33465290137209,0.01534427800304109,385.64915851380334,9.878894880106541,374.2769312375805,392.1078646289978,24.540535322089916,0.02561627495358051,840.4204319758724,3.0396206596783184,837.1019521558756,843.0696529553609,7.550836310122326,0.0036167857705839104,0.7532210127222722,0.01929471656270809,0.7310096313233995,0.7658356731035113,0.04793073305095687,0.02561627495358051,165.15664442608912,2.1025467892102294,163.89239848615514,167.58375058632242,5.223015769796703,0.012730621868205618,10.888748729098246,0.10481352342999324,10.767800619785826,10.953036028320819,0.260371226253873,0.00962585564582804,176.04539315518738,1.9979350921102101,174.83780802534324,178.35155120610824,4.963145907940342,0.01134897685365156,0.10402664920160996,0.0003093881527374825,0.10367272845973285,0.10424575349745097,0.0007685627777839515,0.002974123987574275,0.4657510784104269,0.002859061321738331,0.46374927318600395,0.4690254835020883,0.007102302049536931,0.006138603761253952,2.117825454458545,0.001374496358955082,2.1162455336734247,2.118746288742082,0.003414438239943838,0.0006490130506560058,0.9966779109536189,0.00027197024929472984,0.996433767542366,0.9969710478882015,0.000675611552747177,0.00027287677022410316,1.0,0.0,1.0,1.0,0.0,0.0,118.27925434364077,2.162285468980481,115.78780680918449,119.6663829787234,5.371414877064161,0.018281189554157307,7.09427763733411,0.10644903990128847,7.029761941471734,7.217142835057968,0.2644340743984063,0.01500491598201532,63.56191051774803,0.06540456045638268,63.50737668854924,63.634424560799744,0.1624739351501546,0.0010289898450758514,33.581990559895836,0.0034907384310378497,33.57941818237305,33.58596420288086,0.008671474978397301,0.00010394673969108152,0.04135887950536523,0.0007072518327964871,0.04071039670790298,0.04211301356632804,0.0017569109495542926,0.01710036251598015,0.5825749225914478,0.0026745084724221014,0.5799207109957933,0.5852692760527134,0.00664384735673951,0.004590840368694859,0.14773376726904436,0.0005600972990254164,0.14712185107550627,0.1482210480434904,0.0013913588227585383,0.003791261194912866,76.07277513916294,0.2875323295193219,75.758479392156,76.32259705476463,0.7142699031063702,0.003779700806146846,0.10104616666667182,0.0003240495075337948,0.10067200000000594,0.10123600000000442,0.0008049836021388223,0.003206945084841862,19.97901153564453,451.6775113634868,447.9502232735434,502.3193224888629,0.3930021328456493,0.35046510311991935,387.1232349756342,0.0026302078195738652,7.355078868567941,198,0.5823186924681067,0.5914304538164288,0.6006144087295979,0.5823311216216722,0.14785989607299754,0.14825833007080913,0.14828495284706472,0.1477240093547274,76.13701520301402,76.34399373880588,76.35132785798051,76.06929990188736,True
main,primary,llama31_8b,vllm_bf16,vllm,bf16,none,vllm-bf16,vllm-bf16,,balanced,512,512,128,3,cresco8-hbm02,0,True,True,508.0775748183113,491.1638439192975,3.706546020073828,488.6598409409653,495.42183280236645,9.20757074880349,0.007546455354891402,365.6258378057553,3.453261129282708,362.0722625979477,368.9691789066251,8.578376199772707,0.009444795121720336,856.7896817250529,6.959081858231333,850.7321035389131,864.3910117089915,17.287317683190018,0.008122275520662175,0.7141129644643658,0.006744650643130289,0.7071723878866166,0.7206429275520021,0.01675464101518107,0.009444795121720336,126.24209469470604,0.808701477982232,125.685151555669,127.16968785175676,2.0089258390038918,0.006405957378463436,14.25376899509296,0.15422001771642851,14.123159109465194,14.423905265269811,0.38310376191618406,0.010819595699181088,140.495863689799,0.9607246583559914,139.80831066513417,141.5935931170266,2.3865723544305704,0.006838099237406566,0.11043512713143,0.0010008130332689637,0.10947578859102158,0.11147280975382778,0.0024861573983546706,0.0090624519504368,0.3645546483003506,0.0006558982552387576,0.36400637416406284,0.365281277495314,0.001629341590909841,0.0017991767717041253,2.0441618276563136,0.00231489138864865,2.0422236207433153,2.046725057084323,0.005750508997148201,0.0011324403759670706,0.9858036208704872,0.00040401490512196106,0.9853808202432379,0.9861857776356998,0.001003628661922695,0.00040983305048647174,0.9993235238727222,0.0003128560798075891,0.9989691254264431,0.9995613880167699,0.000777177586200403,0.0003130678627429526,222.88645769822952,0.2869146011297802,222.65701881331404,223.20815138282387,0.7127353807182908,0.0012872679843036478,3.840460668278084,0.03149756727925063,3.8176794991490106,3.8764044704392076,0.07824429470677972,0.008201507579394878,127.21112265885175,0.005147538284251822,127.20588186515718,127.21617157612845,0.01278719397458854,4.0464529961395166e-05,44.026658376057945,0.04642654051276524,43.97321701049805,44.057044982910156,0.11532992011386466,0.0010545097498930868,0.04334055651465706,0.00034966556917318805,0.04309696354026112,0.04374121292616097,0.0008686174268837601,0.008067860620454583,1.114274254689614,0.014002447048414638,1.1041516363620758,1.1302542621269822,0.034784006769753906,0.012566427869515015,0.2837077260317508,0.002218551737445477,0.2811837045297231,0.28534915529140464,0.005511188036457526,0.00781984956305769,146.05247326847166,1.141852255180169,144.7642639130354,146.93991734925658,2.836518248340219,0.007818095987195177,0.19456383333332875,0.0011461985357381318,0.193445499999998,0.1957359999999935,0.0028473150077801017,0.005891118180090813,25.97901153564453,413.3321648835443,411.0023008043344,502.3193224888629,0.341837170777019,0.2796943247050067,286.04786029425486,0.0026121754526299327,13.469862565398213,390,1.1102451188489795,1.5202636546455321,1.7240876600891402,1.105482150719334,0.28442356723894724,0.286357546372361,0.2867398019109483,0.28359037348428107,146.45054078567773,147.1237842358649,147.29748108520172,146.02016300118694,True
main,primary,llama31_8b,vllm_bf16,vllm,bf16,none,vllm-bf16,vllm-bf16,,decode,128,512,1,3,cresco8-hbm01,0,True,True,489.9712684462251,18.487865750507506,0.03120091555049556,18.462472832696353,18.522695824684117,0.07750737096012332,0.0016876429097630737,4.6219664376268765,0.00780022888762389,4.615618208174088,4.630673956171029,0.01937684274003083,0.0016876429097630737,23.10983218813438,0.039001144438120444,23.07809104087044,23.153369780855147,0.09688421370015664,0.0016876429097631169,0.03610911279395997,6.0939288184561644e-05,0.036059517251360064,0.036177140282586166,0.00015138158390649086,0.0016876429097630737,277.24337360025123,0.6240007407754073,276.73136526875504,277.9384250594053,1.5501037723203313,0.0022507327503348555,0.549524256873349,0.004331886100952884,0.546958050752205,0.5545257166676787,0.010761001626384157,0.007882975222240773,277.7928978571245,0.6281971322894636,277.27832331950725,278.4929507760729,1.5605281867336676,0.0022613865838015785,0.0025944469889845815,1.949571638680632e-05,0.00258241201707111,0.0026169402919382447,4.843004429405446e-05,0.007514401515845418,0.5379027142257843,0.001006032448449243,0.536774478899517,0.5387064463161855,0.002499123144437285,0.0018702869902734152,2.3447766823421516,0.0004513993731530158,2.3443578484946483,2.3452547906320134,0.0011213382059098661,0.0001925127354568034,0.9984706835591953,0.0006205444514113357,0.9979927508068654,0.9991719924808449,0.0015415178735683195,0.0006214949138008879,0.997850420904586,0.001243676135092714,0.9965786869636811,0.9990639988033253,0.0030894627883877083,0.0012463552743358854,1.2195363219564552,0.00027080416191691676,1.219285364659814,1.2198233562315997,0.0006727148311167554,0.00022205501963440996,18.495516122458806,0.02895263292936338,18.470588154576685,18.527272650723862,0.071922327314296,0.0015653865908725124,0.9959602238678703,0.0027241635774374355,0.9941184403490534,0.9990894956441684,0.006767197475689024,0.0027352132265463227,22.994945526123047,0.002031944968700998,22.992713928222656,22.996688842773438,0.005047631124951492,8.83648524582343e-05,0.0035570901126450952,2.2052436592787576e-05,0.003531888410626633,0.003572847800870337,5.478128937612658e-05,0.006199572092479017,0.14043014170601964,0.0007354702507665413,0.13958093151450157,0.14086167700588703,0.0018270093857996373,0.005237267739188038,0.05394450253281507,9.74339611311001e-05,0.053832448419336584,0.054009263633354884,0.00024203937725098158,0.0018061888896246635,27.70604712997253,0.05042500239151516,27.64793116785586,27.738200603984296,0.12526265005586337,0.0018199998778232482,0.05376616666666693,6.5255906495769295e-06,0.05376000000000022,0.05377299999999923,1.6210465824059385e-05,0.00012136983263161587,14.025886535644531,488.0040438957099,482.4086280450723,502.3193224888629,0.5758456248655027,0.5530205298110618,15025.67805402432,0.0069408492361930346,2.0961135625839207,24,0.1406533680856228,0.155443495279178,0.1583189892116934,0.14276887581218034,0.05397960519483733,0.054024165477002235,0.05402659264591809,0.05391414294395091,27.728023654781282,27.748557671858,27.754412825843318,27.692895920171093,False
main,primary,llama31_8b,vllm_bf16,vllm,bf16,none,vllm-bf16,vllm-bf16,,decode,128,512,2,3,cresco8-hbm01,0,True,True,489.9712684462251,36.57767277932729,0.024290596997609715,36.559059627482455,36.6051506522948,0.06034118804269163,0.0006640826261461364,9.133381787081442,0.012220390910389536,9.121840762848366,9.146183765882919,0.03035713391282959,0.001337991906532853,45.711054566408734,0.03488438768117255,45.690648821052974,45.75133441817773,0.08665762299011938,0.000763149920999804,0.07135454521157376,9.547180398741825e-05,0.07126438095975286,0.0714545606709603,0.00023716510869398118,0.001337991906532853,276.0397344672419,0.18870688935763186,275.8406310254189,276.21595857354544,0.46877390032039035,0.0006836221956300499,0.7294766576415546,0.0031992079243023065,0.7267215942414728,0.7329854215178414,0.007947273052489856,0.004385620692299537,276.76921112488344,0.18552402891943331,276.5736164469367,276.9426801677869,0.46086723667462315,0.0006703203299434972,0.005130348091505164,2.2623916930388286e-05,0.005110094074981734,0.005154764002043632,5.620092523428431e-05,0.004409821034921391,0.535261091485115,0.0004838060326227375,0.5349001867251397,0.5358108392656596,0.0012018408108104527,0.0009038692337610187,2.314791534683494,0.0018196116351808888,2.3134640674353792,2.3168657148793055,0.004520165883692529,0.0007860801320191833,0.9999932752287446,1.1647645483770792e-05,0.9999798256862336,1.0,2.893435539933344e-05,1.1647723812049075e-05,1.0,0.0,1.0,1.0,0.0,0.0,2.4287055062941385,0.0004126560038598734,2.42824985931345,2.429054054054054,0.0010250943411685013,0.00016990779770970592,18.316151274012398,0.005951711339466649,18.309278829725038,18.319587574867384,0.014784870587821174,0.000324943338282598,1.9840362113971572,0.012867416692866066,1.9692237852452315,1.9924496165938965,0.03196443505955431,0.006485474720143761,23.002838134765625,0.0036190380972540696,22.999011993408203,23.006206512451172,0.008990189017649993,0.00015733006840509787,0.005560422302551386,2.8457871473554333e-05,0.005537059065943421,0.005592115663163462,7.069327172360025e-05,0.005117933481508502,0.17754141024003425,0.0003058589433802663,0.1771965604275465,0.17777985520660877,0.0007597957357270285,0.0017227470648495358,0.05452643228914717,2.7047003213514826e-05,0.05449525960365678,0.0545436733652001,6.718848067252455e-05,0.0004960347134044603,28.04052945226431,0.014097477716345078,28.024274217896163,28.049408331513405,0.03502007603573273,0.0005027536209808153,0.05416533333333412,2.9143323992652228e-05,0.05413200000000052,0.05418600000000015,7.23960301759056e-05,0.0005380438409435026,14.072761535644531,487.90531032232406,482.32728287426113,502.3193224888629,0.573820351765245,0.550982609535232,7566.616900017477,0.004514830901290704,2.1054854616522762,18,0.17732336139306426,0.1799522215500474,0.181836365647614,0.1743714473106795,0.05452610332420398,0.05456032699553584,0.054575003944701876,0.054502966776887124,28.03681693645194,28.061889978451653,28.066014751484616,28.0253874703,False
main,primary,llama31_8b,vllm_bf16,vllm,bf16,none,vllm-bf16,vllm-bf16,,decode,128,512,4,3,cresco8-hbm01,0,True,True,489.9712684462251,71.36394378497765,0.05060314596774933,71.32758795733803,71.4217369575914,0.12570518323169275,0.0007090856150021443,17.807587069642405,0.05247224276391916,17.747045437029588,17.839948173275214,0.13034827706996996,0.0029466228388332037,89.17153085462003,0.08635734421553519,89.08955187703307,89.26168513086661,0.2145235354524152,0.000968440749955578,0.1391217739815813,0.00040993939659311843,0.13864879247679365,0.1393745951037126,0.0010183459146091403,0.0029466228388332037,271.1996906739285,0.20057327390302374,270.98020628015166,271.3734609027286,0.4982516336717296,0.0007395778122187425,1.0570012205667352,0.0010269303695993627,1.0559683682314485,1.0580221247062713,0.0025510364584634816,0.0009715507887954479,272.2566918944953,0.199903678111848,272.03822840485793,272.43047407149106,0.49658826551524066,0.0007342470692669494,0.01016694009422557,1.4149203147889586e-05,0.01015084029833792,0.010177397766868627,3.5148569130889006e-05,0.0013916874710342582,0.534790290046362,0.0004875814181961474,0.5343831965214692,0.5353306480109127,0.0012112193884897585,0.0009117245157047972,2.3084953267084347,0.001521980229935082,2.3074914104196194,2.3102464997599346,0.003780808485720176,0.0006592953480677805,0.9999087298914011,0.00015808446530546846,0.9997261896742036,1.0,0.00039270358190720086,0.00015809889500878528,1.0,0.0,1.0,1.0,0.0,0.0,4.893103278538447,0.007981899689875952,4.888111888111888,4.902309058614565,0.019828138031029115,0.0016312551024388181,17.869130361370292,0.00850604439745561,17.85937541712043,17.874999593699624,0.02113018566554209,0.0004760189346340033,3.973204013168337,0.02307507299163587,3.9522451788948034,3.9979313930714167,0.05732165901991417,0.005807673835815745,23.018360137939453,0.002962232170951568,23.01611328125,23.021717071533203,0.0073585926468208405,0.0001286899741423865,0.008463811829970072,6.363323829892738e-05,0.008396312616623648,0.008522702661048999,0.00015807372697916093,0.007518271858739135,0.18123871615777412,0.0005593789713908019,0.18082628585398197,0.1818754319101572,0.001389574397992,0.0030864209549125504,0.055909723626049956,5.014775211159188e-05,0.0558652993685287,0.055964101902382365,0.00012457392217991262,0.0008969415131972963,28.751376974396408,0.02464139059750928,28.73011188209057,28.77838160097599,0.0612126076532428,0.0008570507986261966,0.055245666666667,3.33066559906681e-05,0.05521900000000096,0.055282999999999444,8.273832019871367e-05,0.0006028826874626891,14.166511535644531,487.70882597635904,482.16540224808574,502.3193224888629,0.5646541428005915,0.5419992417284157,3815.0459113909806,0.0025383480244316305,2.1156936883926365,18,0.18099371902644634,0.19483095458708694,0.2364976295363157,0.1831047508555154,0.05590130116812404,0.05598136341516402,0.05598508389889027,0.05590690798062373,28.743508643936366,28.794935579784216,28.81974188748747,28.751534728954237,False
main,primary,llama31_8b,vllm_bf16,vllm,bf16,none,vllm-bf16,vllm-bf16,,decode,128,512,8,3,cresco8-hbm01,0,True,True,489.9712684462251,137.17953440277395,0.03476036466787749,137.1440238851867,137.21349260288568,0.08634953274566821,0.00025339322530296176,34.2289823548465,0.21671558890753287,33.97935130350282,34.36892732628887,0.5383513671293839,0.006331347705896608,171.40851675762045,0.18680914720845881,171.1928439063885,171.51975515499728,0.4640596474804515,0.0010898475218277255,0.2674139246472383,0.0016930905383401005,0.26546368205861576,0.2685072447366318,0.004205870055698312,0.006331347705896608,264.8390719056926,0.15374983579655976,264.71000725416775,265.0091776599422,0.38193576527765494,0.0005805406078877555,1.6195590478303945,0.006491189249473821,1.612084559308082,1.6237805997105785,0.016125008008726238,0.0040079978918765545,266.45863095352297,0.15819584665366634,266.3220918134758,266.6319896444148,0.3929802685146448,0.0005936975885808692,0.01967577859584022,2.4541871826623584e-05,0.019651952608553368,0.01970097862151151,6.09653893214586e-05,0.0012473138842806523,0.5303376040220592,0.0006495590818422001,0.5295939342341319,0.530793957764198,0.0016135942112141283,0.001224802987598786,2.2935717800245308,0.0006045267732275653,2.2931344157492757,2.294261617112888,0.0015017277551373346,0.0002635743858084527,0.9998853353761095,0.0001986049544092501,0.9996560061283283,1.0,0.0004933620569884732,0.00019862772998320287,1.0,0.0,1.0,1.0,0.0,0.0,9.87742567171244,0.001001168919594096,9.876269621421976,9.878003696857672,0.002487041468996028,0.00010135929673065557,17.17989074044433,0.009158462194028782,17.174602903956004,17.19046602166808,0.022750881317826568,0.0005330919929815522,7.947813000824012,0.016317628609392947,7.9355122300141145,7.966323939677163,0.040535236594929115,0.0020530966956194326,23.033734639485676,0.00847171377831085,23.024974822998047,23.041885375976562,0.02104490367985686,0.0003677959267529365,0.014155339043607143,6.572064585386537e-05,0.01408895964704657,0.014220380509116892,0.00016325913480617495,0.004642816795232201,0.1835214076563716,0.0005611883510418252,0.1830740924924612,0.18415109999477863,0.0013940691462179804,0.003057890402042922,0.05815122975978152,2.7691866618470937e-05,0.058120352934149265,0.0581738657906739,6.879041017570374e-05,0.0004762043164497813,29.89868046126018,0.014440297415036281,29.882554029114544,29.91041462123394,0.03587168737758244,0.00048297440530014767,0.056910999999999455,2.6664583251853208e-05,0.056880999999999404,0.05693199999999888,6.62384968240348e-05,0.00046853127254579014,14.354011535644531,487.31972829813753,481.8448302682441,502.3193224888629,0.5529967620596549,0.5304566617769928,1942.4083183020582,0.002216230430150872,2.14323569089174,30,0.183378167450428,0.18781519001349806,0.21866683660075073,0.1851038087159395,0.058158069249395636,0.058183453478185196,0.058184911080393684,0.058150558535250196,29.90254083648324,29.91630845698528,29.929892787709832,29.90003922022879,False
main,primary,llama31_8b,vllm_bf16,vllm,bf16,none,vllm-bf16,vllm-bf16,,decode,128,512,16,3,cresco8-hbm01,0,True,True,489.9712684462251,254.82990334725798,1.853198897857975,253.51291670017739,256.9490491905923,4.603601269543144,0.007272297613096888,64.43681846302371,1.2333489817982364,63.049851832711845,65.41028818089192,3.0638087174338704,0.019140438823899705,319.2667218102817,2.917763930355695,316.56276853288927,322.3593373714842,7.248127413381446,0.009138954144082457,0.5034126442423728,0.009635538920298722,0.4925769674430613,0.5110178764132182,0.023936005604952112,0.019140438823899705,253.366684711376,2.013556001417255,251.86566731186218,255.65492480692706,5.001950397841804,0.007947201123585006,2.825672616524868,0.015237537296845257,2.810129873366467,2.8405854091255973,0.03785214103329549,0.005392534580168394,256.1923573279009,2.027707577510253,254.67579718522865,258.49551021605265,5.037104861695125,0.007914785587904902,0.03711486969459988,0.00040939553238294064,0.03673159986725036,0.03754615619186572,0.0010169948810145662,0.011030498981989061,0.5219277514755144,0.004748613844771603,0.5165528988754309,0.5255546207447077,0.011796210730336867,0.009098220647104983,2.2739474307149,0.0071502915378823,2.2658293568335157,2.279310049804519,0.017762308859262686,0.0031444401226260275,0.9998035390445578,0.0003282846564468112,0.9994245539846862,1.0,0.0008155042952685249,0.00032834916423733594,1.0,0.0,1.0,1.0,0.0,0.0,19.91874547815837,0.0636447818730727,19.878817733990147,19.992141453831042,0.15810240280702367,0.0031952203989383523,15.955281944450435,0.13800803644832021,15.848484905065046,16.11111098893046,0.3428309678658863,0.008649677074263307,15.902654786196635,0.03994385618096913,15.858605323498903,15.936522037278936,0.09922603949187693,0.002511772827744462,24.292009989420574,0.005183086229768691,24.286705017089844,24.297061920166016,0.012875499966622243,0.00021336588582113953,0.023028247993674377,0.00014104931946753332,0.02286551911173173,0.023115477053859836,0.0003503859337060195,0.006125056474390849,0.19197733886539936,0.0023846135168288556,0.19011812284588814,0.19466588646173477,0.005923708365104141,0.012421328115714607,0.06260373237477804,0.0004886723357644037,0.062052409999335,0.06298347708902188,0.0012139293779614747,0.00780580194227016,32.181960824877024,0.2524529132595076,31.897228188812733,32.37843784317374,0.6271278022691777,0.007844547280175626,0.06028966666666626,0.0004590776985792367,0.059760000000000216,0.0605729999999985,0.0011404122236642327,0.007614533699736932,14.729011535644531,486.55655285650744,481.2160610003108,502.3193224888629,0.5323853006804264,0.5100189179634455,1005.3434340133416,0.003945782600402832,2.1906754001975033,54,0.1916297897696495,0.19794953111559152,0.215841847397387,0.19181923249184532,0.06277501631123533,0.06299429340588764,0.0629974461475719,0.06258756594487103,32.26989218359813,32.38602909524925,32.39564670098945,32.17406543032094,False
main,primary,llama31_8b,vllm_bf16,vllm,bf16,none,vllm-bf16,vllm-bf16,,decode,128,512,32,3,cresco8-hbm01,0,True,True,489.9712684462251,420.0252201444587,3.5015628758490425,417.23005460267177,423.9528680862577,8.698364389961545,0.008336553873228743,101.2631868437556,2.958134466212957,98.00672945368285,103.78426125344679,7.348413383948039,0.02921233824861962,521.2884069882142,5.704888984365506,516.8994671981293,527.7371293397044,14.171729867411393,0.010943824777009644,0.7911186472168407,0.023110425517288726,0.7656775738568973,0.810814541042553,0.05740947956209405,0.02921233824861962,220.93561725111115,1.8095317669576259,219.57075364502631,222.98818252145435,4.495126102909648,0.008190312587313375,3.8752062948384425,0.04327259064754645,3.8439394930049495,3.924593324133171,0.10749507431270477,0.011166525690563393,224.8108235459496,1.8503733959713962,223.4278397124035,226.91277584558753,4.596582333752072,0.00823080208855333,0.060667088749330474,0.0008442388644935308,0.06003223066606843,0.061625185935096166,0.0020972056010136564,0.013915928420132865,0.49594867507350915,0.006223312359973024,0.48879792559773616,0.5001402504125332,0.015459564925410936,0.012548299194570102,2.2783156667382714,0.007044515208465513,2.2701858306745444,2.282614077178984,0.01749954589034792,0.0030919838331931963,0.9998183611846286,0.00022832009151340635,0.9995556733829597,0.999969106202169,0.0005671785496787393,0.0002283615708386098,1.0,0.0,1.0,1.0,0.0,0.0,39.60907858655532,0.19400865676500467,39.38909090909091,39.7557251908397,0.48194422067597387,0.004898085582603223,13.140929709234507,0.10945048958320175,13.06172833228596,13.265822637022174,0.2718900887431681,0.008328976107853903,31.818699341404365,0.03961588830780504,31.79055774324824,31.86400243861002,0.09841132212990747,0.0012450505246219953,26.18045171101888,0.005185668557595831,26.175827026367188,26.186058044433594,0.012881914824561741,0.00019807406743151327,0.03715141209301448,0.00048144767616996326,0.0366978699254869,0.03765660101312366,0.0011959823286083666,0.012959068015088693,0.21092348204304776,0.0024426361675078116,0.20811066590249538,0.21251022443175316,0.006067844619791451,0.011580674393613934,0.07609704720975426,0.0008183063571135817,0.07515224416188006,0.07658109753784485,0.0020327856814708815,0.010753457422046853,39.09634933248162,0.4214677570649811,38.609725560992956,39.34541004523635,1.0469839496119462,0.01078023304633258,0.07150966666666636,0.0009428607178869887,0.07042199999999912,0.07209500000000116,0.002342195866231058,0.013185080588922609,15.479011535644531,485.0868253718563,480.00517366801967,502.3193224888629,0.4683508342796174,0.4475456417484995,535.232086960069,0.0016312798877095994,29.01357393711805,102,0.21142916660755873,0.21769680571742356,0.2193772492557764,0.21219167821839743,0.076557759151825,0.076601077792273,0.07661095374814234,0.07609753648841862,39.33328725909814,39.357137796422464,39.36133198681287,39.09803282380031,True
main,primary,llama31_8b,vllm_bf16,vllm,bf16,none,vllm-bf16,vllm-bf16,,decode,128,512,64,3,cresco8-hbm01,0,True,True,489.9712684462251,628.1847258708509,3.6762850029742684,625.6503211325227,632.4011087854967,9.132398215030555,0.005852235579077227,150.21320797269883,6.623703817488976,142.5695204225787,154.26739360563676,16.454192444488992,0.044095348916939656,778.3979338435496,3.04031374519248,774.9706292080755,780.7701413001698,7.552558029985523,0.0039058605027124257,1.1735406872867096,0.051747686074132625,1.1138243783013961,1.2052140125440371,0.12854837847257025,0.044095348916939656,187.8556290456469,0.689240621063014,187.33663331141258,188.63765461978855,1.712168619252852,0.003668991046818916,9.214956347847256,0.23911301421742245,8.939650997745792,9.3707819896969,0.593989655987792,0.025948361033015923,197.07058539349416,0.4625317181282673,196.67106936751165,197.57730561753434,1.1489924838831027,0.002347035795345726,0.09551076674213066,0.00037470969202186346,0.09511106144286509,0.09585409102170953,0.0009308304769098628,0.003923219389846817,0.5568752613247184,0.001104187099708455,0.556137074314509,0.5581446542825782,0.0027429528152139947,0.001982826633529685,2.163949221759729,0.0015196584801444948,2.1623558980609228,2.1653825558869895,0.0037750409395081296,0.0007022616172613814,0.9998398462815309,5.469300486115684e-05,0.9997773212062705,0.9998788085596435,0.00013586495594454385,5.470176555231687e-05,0.9999688575190787,5.3940359229477255e-05,0.999906572557236,1.0,0.00013399528054730444,5.3942039118401355e-05,79.20635841232836,0.7874351602826706,78.29727352682498,79.67598842815815,1.9560973772163477,0.009941564996379222,9.823954105997307,0.05537138023961814,9.783018930671103,9.886956659457974,0.13755013380490244,0.005636363896062496,63.67831162833222,0.0341483189960851,63.64119095366947,63.70838931452065,0.08482912701105516,0.0005362629460937463,29.078558603922527,0.3214252626360155,28.8883056640625,29.449668884277344,0.7984646164233804,0.011053686223383064,0.05569676216327526,0.0007614960073763184,0.054832819990086316,0.056270434027176165,0.00189166094927082,0.013672177300791562,0.2582672368735075,0.0011348632403013175,0.2572360085323453,0.2594830943271518,0.00281915657291168,0.004394143268188305,0.10212651927228251,7.61186136885933e-05,0.10205909021111267,0.10220906037997651,0.00018908911882998953,0.0007453364143905779,52.444965755566955,0.039962423937135366,52.41106713749468,52.48902886360884,0.09927216435519207,0.000761987797330069,0.09325066666666498,0.00011754289996933977,0.09313500000000022,0.09336999999999898,0.0002919927505623336,0.0012605046609426409,16.97901153564453,475.43530161642974,470.8422055578766,502.3193224888629,0.4185491085277612,0.39232133141337294,313.71872190478695,0.0021431277371085477,6.939005851745603,198,0.2579227830283344,0.267105591064319,0.2714020327758044,0.25866412647501236,0.10211106633891419,0.1022462493215128,0.10226036511379825,0.1021197808385776,52.43601402733475,52.507489105546846,52.51462656158954,52.44187213498817,True
main,primary,llama31_8b,vllm_bf16,vllm,bf16,none,vllm-bf16,vllm-bf16,,decode,128,512,128,3,cresco8-hbm01,0,True,True,489.9712684462251,700.3664328381096,3.740070507315863,697.1220424151975,704.4571449094394,9.290850191828524,0.005340162423490081,148.77939929196046,1.4560466499259301,147.1036491752757,149.7354606717778,3.617020393148734,0.009786614658045673,849.1458321300701,2.4716596301419886,846.6211304440254,851.5607940847151,6.139942897846587,0.0029107598914333314,1.162339056968441,0.01137536445254633,1.1492472591818415,1.169808286498264,0.028257971821474485,0.009786614658045673,134.0609561891034,0.4472316650918774,133.68991696504534,134.5575442548828,1.1109850451436263,0.0033360321886785767,15.30943686052568,0.05141101866883155,15.251106749282176,15.348156571154664,0.1277120502747447,0.0033581260458633386,149.3703930496291,0.40194001459617457,149.01896422618555,149.80865100416497,0.9984743481198354,0.0026908948044518295,0.11048602014503717,0.00044379596697366165,0.11007829437296304,0.11095872244669629,0.001102450297881977,0.004016761273427009,0.44059556909592507,0.0028544142192263606,0.4373808579671704,0.44283292847292377,0.007090758006936577,0.006478535916925906,2.045495683095632,0.0022960243905227207,2.0431184643291487,2.0477008313143763,0.005703640775596058,0.0011224782381588513,0.9912329664037953,0.0005196586362852621,0.990669721984931,0.991693786525407,0.001290903615632968,0.0005242547956920659,0.9993870104975655,0.000649455349768362,0.9987063832113134,1.0,0.001613336526457589,0.0006498537032665826,154.94069089185874,0.4239071517127438,154.4540276647681,155.22948073701843,1.0530437418502954,0.0027359317250534973,5.47786173872031,0.03029053936238237,5.452054858396566,5.51121072780685,0.07524587113935183,0.005529628312498917,127.54450343098522,0.02120335095960076,127.52004975441093,127.55777686777057,0.052672043734221796,0.00016624276538168475,36.92455164591471,0.08572937002380651,36.87249755859375,37.02349853515625,0.21296356108073605,0.0023217443733887966,0.06430501666784413,0.0005809173884791183,0.063911043426919,0.06497216690484206,0.0014430787921324943,0.009033780233348533,0.38542677958806354,0.0008573594032467572,0.38479161635041237,0.38640200160443783,0.002129798826129028,0.002224441706316011,0.184090160529645,0.0010189933140564756,0.1829325612215234,0.1848514985508211,0.002531319719469139,0.005535294831210611,94.45563841766368,0.5194379560779342,93.86523405928165,94.84239828586578,1.290355415607708,0.005499279500722708,0.1773810000000012,0.0002479374921238019,0.177125,0.1776200000000026,0.0006159108743415367,0.0013977680367333605,19.97901153564453,451.6775113634868,447.9502232735434,502.3193224888629,0.3334531054768895,0.29736143198620596,213.27663991634938,0.0017850403535063836,12.563002109527584,390,0.3853197591379285,0.41592582683078944,0.5014491248782725,0.3900700230246935,0.1844860716721083,0.18500690024825445,0.1850721170013468,0.18400333164938526,94.65867256047204,94.93615450118668,94.95481982171536,94.41577249586057,True
main,primary,llama31_8b,vllm_bf16,vllm,bf16,none,vllm-bf16,vllm-bf16,,kvdecode,4096,1024,1,3,cresco8-hbm03,0,True,True,495.0147923259962,16.66581623132063,0.006609047899825995,16.659766020277576,16.672869453510412,0.01641778512672207,0.00039656310906665274,66.66326492528252,0.02643619159930398,66.6390640811103,66.69147781404165,0.06567114050688828,0.00039656310906665274,83.32908115660314,0.03304523949912592,83.29883010138788,83.36434726755205,0.08208892563360029,0.00039656310906660417,0.016275211163399052,6.454148339673823e-06,0.01626930275417732,0.01628209907569376,1.6032993287814523e-05,0.00039656310906665274,261.12082983909255,0.14126266640322924,260.9648497587201,261.24014543813286,0.3509159168746681,0.0005409858205884145,1.5977906221229008,0.0029199358303303217,1.5959475486165637,1.601157222329423,0.0072535227120145655,0.0018274833948210033,262.7186204612155,0.14351647397554643,262.56079730733666,262.8413026604623,0.3565146852600897,0.000546274465523594,0.009885654177315392,2.701103082432067e-05,0.009867047818530122,0.00991663564874771,6.709912030394559e-05,0.002732346321228076,0.5213405878536596,0.0007569939074354169,0.5208906561676274,0.5222145613116714,0.0018804771130255576,0.0014520141440587497,2.305593667391573,0.0008181832302142405,2.3050322108891375,2.3065324220443193,0.002032479817296897,0.0003548687879334305,0.997963242540928,0.00022059613759642182,0.9977098021857801,0.998112068050649,0.0005479911844697362,0.000221046355409603,0.9619853608867127,0.0016000824454633952,0.9602710883483547,0.963439335559862,0.003974825144685311,0.0016633126765967776,5.001302679704964,0.0010172120738670557,5.000488340861922,5.002442897276169,0.0025268948735409154,0.00020338942451830628,16.67888657048309,0.004239630929143653,16.674134372743552,16.682280968375046,0.01053182707498884,0.00025419148401947887,0.9480312556390841,0.0022050456877207606,0.9456532225865567,0.9500082731715345,0.005477637148999583,0.002325920875081594,23.00128173828125,0.01124958492360209,22.989830017089844,23.012317657470703,0.02794551815025791,0.0004890851323680498,0.0033749541319549443,3.719093831194523e-05,0.0033322455268636067,0.003400200372435249,9.23874123960833e-05,0.011019687041021312,3.175704387947917,0.003695276283608411,3.1727168480865657,3.1798365325666964,0.00917957517144826,0.001163608394292717,0.056948360510573455,2.7227509620598222e-05,0.05691787308921359,0.05697025441931504,6.763688344557296e-05,0.0004781087528506279,61.42215782807519,0.021418896213235887,61.39742691256106,61.434758824296296,0.053207487827365604,0.00034871611435711584,0.05690799999999824,2.200000000084426e-05,0.056885999999998604,0.05693000000000029,5.465102966060452e-05,0.0003865888803128724,14.541511535644531,486.9356803901474,481.5284187214541,502.3193224888629,0.5455931784021832,0.5230111777494689,15763.921109909723,0.0012166400320785043,5.507542565464971,24,3.174052573274821,3.203279990889132,3.2095534304436297,3.1739395637608445,0.05694813290538078,0.05703129673841885,0.05704316067781558,0.056954343447949696,61.42956248577684,61.52731895698234,61.55130205583759,61.43823291101338,False
main,primary,llama31_8b,vllm_bf16,vllm,bf16,none,vllm-bf16,vllm-bf16,,kvdecode,4096,1024,2,3,cresco8-hbm03,0,True,True,495.0147923259962,31.193288670678527,0.030789091878114808,31.159282480944647,31.219272437765106,0.07648434424497079,0.0009870421872848673,124.83700067666246,0.09948488645897555,124.72413057289474,124.91194241356422,0.2471341582019409,0.0007969182687803365,156.03028934734098,0.13013469561374955,155.88341305383938,156.13121485132933,0.32327250498126553,0.0008340348284816358,0.030477783368325795,2.4288302358148327e-05,0.03045022719064813,0.030496079690811577,6.033548784227073e-05,0.0007969182687803365,255.3408719508187,0.20898392722497755,255.09967009013698,255.46783909205283,0.5191448547692532,0.0008184507463624156,2.250299498740251,0.0026487323657190436,2.248317662394107,2.253307847622922,0.0065798159580163435,0.0011770577059639577,257.59117144955894,0.21077006030655496,257.3479877525311,257.72114693967575,0.5235818553154045,0.0008182347986558522,0.017072177745891624,2.5664788798004802e-05,0.017052838373764367,0.017101294100007616,6.375486971723116e-05,0.001503310777336592,0.5031319188711288,0.0008859341710479091,0.5023485648369279,0.504093373650393,0.0022007824844283786,0.0017608387339759107,2.2561209271203335,0.001154334829876702,2.2554123533518258,2.257452931402614,0.0028675266828836173,0.0005116458147259293,0.997880580021325,3.2308213614221977e-05,0.9978436954794294,0.9979038667317456,8.025805183837425e-05,3.2376833722459597e-05,0.9415438777867853,0.0010486936962855807,0.9403430240790746,0.9422792907441375,0.002605099559017858,0.001113802257150951,8.886888211953076,0.018766101391613384,8.870805369127517,8.907506325555243,0.04661758016943716,0.0021116616912512224,15.602039107180348,0.013139041703492319,15.58951962859141,15.61572053151138,0.032639188991905564,0.0008421361857403299,1.9106921459634592,0.0025901266945944582,1.9080902448677022,1.9132703354513856,0.006434231400253323,0.0013555960336500974,24.507803599039715,0.14279264874210593,24.342971801757812,24.593769073486328,0.3547166037009836,0.00582641558086017,0.0050177193689186035,2.5202671804804566e-05,0.004993798871655401,0.005044033433214046,6.260690746718178e-05,0.0050227344241127085,3.2757612547526755,0.005390268137648985,3.26957138068974,3.2794210677966475,0.013390168357180062,0.0016455009136665418,0.0618997409344375,8.091220718991933e-05,0.061820548609489046,0.061982269800347316,0.00020099706522143482,0.0013071493671616382,66.6008037570864,0.07875530922414752,66.51967842876911,66.6769530698657,0.19563903364426347,0.001182497879626083,0.058687666666666694,4.361574639146317e-05,0.05866100000000006,0.058737999999999374,0.00010834752043717203,0.0007431841964205395,15.104011535644531,485.8125656365385,480.6031006321778,502.3193224888629,0.5359748430892924,0.5128036289212626,8257.904682819326,0.0015962165085534887,4.680522531270978,18,3.27466520993039,3.2939265992958098,3.2994353783968835,3.273036948094765,0.06184683322819097,0.0620105359332321,0.06202982253875704,0.06187122924614666,66.54080392885953,66.71308762403206,66.7368252758123,66.5673044669028,False
main,primary,llama31_8b,vllm_bf16,vllm,bf16,none,vllm-bf16,vllm-bf16,,kvdecode,4096,1024,4,3,cresco8-hbm03,0,True,True,495.0147923259962,54.38753509896976,0.0343402912889419,54.348504278038746,54.41310871617471,0.08530601262335193,0.0006314000299232608,219.78268836753273,0.5856338827559776,219.1117071984311,220.19101608317138,1.4547952134328952,0.002664604237512321,274.1702234665025,0.6199292248502791,273.46021147646985,274.6041247993461,1.5399895660667282,0.00226111069616581,0.05365788290222967,0.0001429770221572211,0.05349406914024197,0.05375757228593051,0.00035517461265451543,0.002664604237512321,241.83606260753905,0.20605742908537772,241.60026321064242,241.98150586056315,0.5118750303773061,0.0008520541844074584,3.300394091385655,0.008620804255356532,3.294904688027827,3.310330323088873,0.021415264956348885,0.002612052990234608,245.1364566989247,0.20900226000939717,244.8962104736827,245.27641054859097,0.5191903959303914,0.0008525955821662735,0.03141327509698669,9.638052158580042e-05,0.03132997271338142,0.03151883825641207,0.00023942248834945358,0.003068146230796728,0.474353232679793,0.001087857383258984,0.47312740918145424,0.475203739145868,0.002702387550759674,0.0022933487289910183,2.206836410887711,0.0024140508228708293,2.204581425700353,2.2093830309347924,0.005996834687175343,0.0010938965892355226,0.996223475468995,2.7230278935841976e-05,0.9961926185037868,0.9962441359554722,6.76437628060057e-05,2.7333504586430968e-05,0.8952056870643718,0.0007621047607395654,0.8946742294301445,0.8960788434521538,0.001893173176457617,0.0008513180509819131,18.459463839910526,0.055839133224448806,18.412670479542456,18.52127659574468,0.1387120966343041,0.003024959647187643,13.593992738781346,0.015296799244046833,13.580838316764142,13.6107784243654,0.03799935587121068,0.0011252616900704728,3.8456830942521285,0.0011044341205434722,3.8445267319838927,3.846726994674092,0.002743566448985849,0.0002871880218612376,25.658740997314453,0.005104357165081045,25.653953552246094,25.664112091064453,0.01267992612802083,0.00019893248720252046,0.0070770986983674155,3.3959959514009206e-05,0.007038857362312449,0.00710373461840275,8.436121611826468e-05,0.004798570849639737,3.270195827508966,0.001048134611516885,3.269011691212654,3.2710045799613,0.0026037107154598758,0.0003205112680714566,0.07168868288298254,7.273232992880244e-05,0.07161620453560866,0.07176166656222249,0.00018067712363960535,0.0010145580446431614,76.60764060014237,0.07797218884969793,76.52922894991934,76.68516576848924,0.19369365478925324,0.001017812169110884,0.06231533333333573,4.0016663191405246e-05,0.062276000000008935,0.062355999999999766,9.94069021321811e-05,0.0006421639916029823,16.22901153564453,482.032036310607,477.1985346670135,502.3193224888629,0.513699097735033,0.4880092119179025,4507.217263315338,0.00772798840946375,3.8035770878195736,18,3.2697914512827992,3.2773423209320756,3.2818519297149034,3.268828720268276,0.07168946639550003,0.07176511835685603,0.07177986707538367,0.07168219293066828,76.61043493263423,76.68768457495608,76.69768544767983,76.59971208834193,False
main,primary,llama31_8b,vllm_bf16,vllm,bf16,none,vllm-bf16,vllm-bf16,,kvdecode,4096,1024,8,3,cresco8-hbm03,0,True,True,495.0147923259962,84.60789750018252,0.1267803360444074,84.50306474994093,84.74880582106744,0.31493981387629205,0.0014984456509409645,340.08394428916966,0.7028259652913841,339.27743399073836,340.5654310904256,1.7459164851776559,0.002066624952731608,424.69184178935217,0.5780939244215921,424.0262398118058,425.0684958403665,1.436064918589422,0.0013612079807935836,0.08302830671122306,0.00017158837043246682,0.08283140478289511,0.08314585719981094,0.00042624914188907614,0.002066624952731608,218.29668619303007,0.21708508718787337,218.13363906720397,218.54309656908856,0.5392692517420047,0.0009944497599744353,4.793933596712277,0.00765843969120977,4.789368816510789,4.802775238659685,0.01902461885009974,0.0015975272783215015,223.0906197897424,0.21229614757171425,222.93641430586368,223.33275330405493,0.5273728662422087,0.0009516139574662454,0.052320825366141584,5.7120080623283584e-05,0.05227601576544248,0.0523851441065863,0.00014189414637451805,0.0010917274378520747,0.4354981170021415,6.895647251353672e-05,0.43545731974324925,0.4355777328828888,0.00017129737384015162,0.00015833931266618457,2.139362456559978,0.0002844123678598141,2.1390544338205815,2.139615118266739,0.0007065194886887717,0.0001329425815563481,0.9938517977379245,2.466675236541284e-05,0.9938233158271351,0.9938662237354576,6.12756097773287e-05,2.4819346729116028e-05,0.8263399275028923,0.0012481685236034347,0.8249860824497658,0.8274449298612719,0.003100622500103024,0.0015104782935701313,38.44180893044025,0.1398910533073239,38.347383047707275,38.60252218589444,0.34750864105719903,0.0036390340933345304,10.56788683905818,0.018909883814404258,10.546797983928126,10.583333189496118,0.0469747555081788,0.001789372284392243,7.740376911711429,0.010787708932060238,7.728101296639135,7.748346827309482,0.026798154581516718,0.001393692975821126,28.671287536621094,0.03439114672971559,28.63709259033203,28.70587158203125,0.08543234454162553,0.0011994978141734538,0.009835861408600278,6.615980120769275e-05,0.009785286730108412,0.009910734741003803,0.0001643500571819346,0.006726386074314137,3.2968315655986467,0.004114276092873568,3.2942781979218125,3.3015777599066496,0.010220428398860035,0.0012479485260347197,0.09273084677766757,9.326630565857417e-05,0.09262884933435934,0.09281177867389669,0.0002316863471220973,0.0010057743339947107,98.16089157573879,0.09518677251030404,98.05896505713463,98.24747449625283,0.2364570512526459,0.0009697015887112233,0.07097233333333497,0.00012504532511614986,0.07082800000000133,0.0710480000000025,0.0003106298077991086,0.0017618883196195744,18.47901153564453,463.07375159175064,458.9311489672158,502.3193224888629,0.4861091261549542,0.4441211193795728,2636.76048745301,0.009681624832348945,5.948837660253045,30,3.295105962548405,3.303553979145363,3.397435318538919,3.2990797623681525,0.09274183411264059,0.0928459585409881,0.09285677908197817,0.09274431806447336,98.1715724519454,98.28839534814469,98.29663900309242,98.1765171423244,False
main,primary,llama31_8b,vllm_bf16,vllm,bf16,none,vllm-bf16,vllm-bf16,,kvdecode,4096,1024,16,3,cresco8-hbm03,0,True,True,495.0147923259962,115.49277956385635,0.3816538541221011,115.26106046381254,115.93327638587951,0.9480807318595706,0.0033045689571535807,454.8812927677597,1.736829244146801,452.9035649466414,456.1582891521995,4.314523024255889,0.0038182032801985146,570.374072331616,1.3597246418410498,568.8368413325209,571.419349616012,3.3777432603935624,0.002383917340917461,0.11105500311712883,0.0004240305771842776,0.11057215941080112,0.1113667698125487,0.001053350347718723,0.0038182032801985146,190.18021543116666,0.5181569858577522,189.84837130290467,190.77729439005492,1.2871733091761246,0.0027245577815916007,6.211352154660244,0.016146658315735248,6.1951080401577965,6.227399559398401,0.040110522840865,0.0025995399896334578,196.39156758582692,0.5036575684684647,196.07577086230307,196.97240243021272,1.2511547596409869,0.002564558013665004,0.0738708390700317,0.00018957197498769272,0.07367873787651136,0.07405777631205276,0.0004709228921579178,0.0025662626467254958,0.37677909601000775,0.00025449301108547363,0.3766099016773494,0.3770717716496074,0.00063219568621432,0.0006754435524170215,2.081130927819135,0.0004737393483588396,2.080763157621071,2.08166550905622,0.00117683378079822,0.0002276355331739181,0.9914434863254918,6.592686987659875e-05,0.9913975787646676,0.9915190302577016,0.00016377142367811579,6.649584246192213e-05,0.7621769003101688,0.0012050312690044555,0.7612793440031368,0.7635464905324908,0.002993463619172324,0.0015810388225017927,77.51386086658634,0.4656749943143123,76.9771986970684,77.81132075471699,1.1568008147953037,0.006007635139163212,7.205117065343532,0.02669324845461997,7.186440657955481,7.235690225321164,0.06630970513524269,0.003704762630854946,15.63836722224695,0.0081085249689911,15.629022843694951,15.643549430425,0.020142692662139965,0.0005185020183856542,34.764207204182945,0.012571978466944233,34.75066375732422,34.77550506591797,0.031230525821049265,0.00036163570171770035,0.012254985942779947,3.4958064068445515e-05,0.012223057798076569,0.012292339531845758,8.684064528220968e-05,0.0028525584795991658,3.3252013198410473,0.0015883881916992366,3.3237470854073763,3.3268963620066643,0.0039457750078989865,0.0004776818119918121,0.1377375034634212,9.167873425902144e-05,0.1376522799657033,0.13783450001615846,0.0002277426011383721,0.0006656047333061213,144.2361146491021,0.09824143693789024,144.14533793646842,144.3404188035056,0.24404525835395502,0.000681115386232444,0.0913640000000014,5.0566787524096035e-05,0.09131499999999869,0.09141600000000835,0.00012561486385067306,0.0005534651232881141,22.97901153564453,431.24972047617774,428.2668847929195,502.3193224888629,0.45857285388943486,0.39096956615715533,1700.4689654273618,0.002490851056980362,61.76865641027689,54,3.324598108883947,3.3435437984298915,3.3857231774833054,3.326157004572451,0.13773925447261154,0.1378901640793995,0.13793371504394816,0.1377270584261429,144.2312532281503,144.39677964542062,144.4271147259511,144.22093777451664,False
main,primary,llama31_8b,vllm_bf16,vllm,bf16,none,vllm-bf16,vllm-bf16,,kvdecode,4096,1024,32,3,cresco8-hbm03,0,True,True,495.0147923259962,147.4018635887553,0.4812090521654776,147.09667995747847,147.9565864343908,1.1953895537198946,0.0032646062977061785,473.1942196294383,3.498619566101804,469.16124762240804,475.4148905030914,8.691052803221067,0.007393622789478699,620.5960832181936,3.017410596851513,617.1178340567989,622.5115704605698,7.495663455473916,0.0048621167268801955,0.11552593252671833,0.0008541551675053232,0.11454132022031446,0.1160680885017313,0.0021218390632863934,0.007393622789478699,171.28206121814162,0.4333645488468835,171.01254632192385,171.78195716426848,1.0765372187262114,0.0025301222192495604,6.4810171786077015,0.05035060352379651,6.425635302788304,6.524031926365287,0.12507783302285194,0.007768935359404985,177.76307839674936,0.38498386074806745,177.53657824828915,178.20759246705677,0.956352926899512,0.002165713286584867,0.08211985276231301,0.00040985015203441995,0.08164687799429966,0.08237042200485031,0.0010181242188353088,0.004990877823669347,0.31852226010187024,0.0013072699013947566,0.31729037950209854,0.3198937182612553,0.0032474384614908504,0.004104171246859367,2.0718423791557012,0.0013202748961873702,2.07035515652574,2.0728762531761773,0.0032797446594962985,0.0006372467855037297,0.9909962273410494,0.00010413330648919705,0.9909202882284298,0.9911149352643311,0.00025868147369906974,0.00010507941767709654,0.7476648402382392,0.002958693078541743,0.7458908327933446,0.7510803885859808,0.007349801053900225,0.003957245170976573,133.44464895194866,1.0590205756111828,132.22179732313575,134.05607476635515,2.6307529493952813,0.007936028787430207,4.60265891951891,0.015140223722916502,4.593917705826517,4.620141344002944,0.03761040071443386,0.0032894515947531964,31.617100533609307,0.004367680965611936,31.612228292104604,31.620664743036034,0.010849920999570706,0.0001381429951481176,46.7380002339681,0.016039425446498504,46.725406646728516,46.75605773925781,0.03984414162645481,0.0003431774009629411,0.01463685001922316,4.507135834158295e-05,0.014608954548180073,0.01468884784494458,0.00011196346097613901,0.0030793072472826417,3.384964833036065,0.0035937676902150534,3.3809796487912536,3.3879593713209033,0.008927413846533092,0.0010616853844805552,0.23465859039078785,0.0002401493940306734,0.23440827877112352,0.23488708932447963,0.0005965641661655854,0.0010233991162681983,243.44274741970003,0.23830249642552725,243.19758439995348,243.67353891115636,0.5919762181749004,0.0009788851750620819,0.14077916666666868,0.0004056884067003573,0.14031600000000344,0.1410714999999909,0.0010077858703042629,0.0028817360999225843,31.97901153564453,382.9909259056763,381.76679119796285,502.3193224888629,0.46563263881318423,0.35388461171666474,1205.9786718977432,0.005392877460593964,8.29518940299749,102,3.3854686310514808,3.4005493809469045,3.4262953462824224,3.386422010202545,0.23466743416501573,0.23491809069067932,0.23492985743931874,0.23462508320528333,243.45570439612493,243.7043574594427,243.71603912070393,243.4078821292074,True
main,primary,llama31_8b,vllm_bf16,vllm,bf16,none,vllm-bf16,vllm-bf16,,kvdecode,4096,1024,64,3,cresco8-hbm03,0,True,True,495.0147923259962,157.6144954488736,1.3323227228742727,156.82395176169103,159.15273026075346,3.309673120113865,0.008453046904600513,473.7208386483985,4.511383444179876,468.5278055250698,476.6735655628447,11.20689774585332,0.009523295316819029,631.335334097272,3.1875966574183083,627.6805357858233,633.5403698870211,7.918429066542117,0.005048975536869261,0.11565450162314417,0.0011014119736767276,0.114386671270769,0.11637538221749139,0.0027360590199837207,0.009523295316819029,146.86505380409872,0.983646236334956,146.27284534721417,148.00051896560362,2.4435127107009422,0.00669761941902822,7.403672639476462,0.03928928670896976,7.35839136573375,7.428732519261989,0.0975999987815228,0.005306729325048606,154.2687264435752,0.9443845492812273,153.70157786647616,155.35891033133737,2.3459812732638348,0.006121685004164744,0.0862481006250675,0.00046449628559250034,0.08574672568492418,0.08666378559929132,0.0011538727400082817,0.005385582780677459,0.28413355209399543,0.0010978745317092818,0.2828932555529409,0.2849808057476866,0.0027272715269892607,0.003863938361443809,2.022394307002101,0.0026806370002135714,2.019353337896842,2.024414986419317,0.006659071463743811,0.0013254769314433137,0.9907213008668215,0.0001408429979292654,0.99061798019186,0.9908817287484496,0.0003498734025920618,0.00014216207707055077,0.7321576876217377,0.003847177033321164,0.7298743409441173,0.7365994393062942,0.00955691755225286,0.005254574387954486,255.01244019138758,3.3016700561504555,251.2,256.91866028708137,8.201803098240177,0.012947094085576934,2.4629331587764973,0.020593769978909566,2.449954911450656,2.48667850404805,0.051157760631721054,0.008361481474040432,63.57943251083376,0.005421329185991655,63.573246178227855,63.58335500024002,0.01346732827873459,8.526859979550581e-05,71.31823984781902,0.0008115299613252785,71.31733703613281,71.31890869140625,0.002015952181143411,1.1378995935078394e-05,0.015239790229920523,0.00024052629073548345,0.01496492040470592,0.01541169006563582,0.0005975004294834386,0.015782782250063677,3.6197450819114843,0.004268864906899502,3.6161819864064455,3.6244764551520348,0.010604448301596615,0.0011793274969090464,0.4529237440687417,0.0009197477639936094,0.45207511994965877,0.45390106044811646,0.002284780105834568,0.002030690101894981,466.9565837898602,0.9458597250556745,466.08456147275865,467.9620977388695,2.3496458130365996,0.002025583872014385,0.2635078333333198,0.0006061003079856891,0.2630189999999857,0.26418599999999426,0.0015056366321707399,0.002300122544057401,49.97901153564453,294.52139807687286,294.0247871508169,502.3193224888629,0.5246793235988116,0.307112865336761,978.7852519080334,0.003941003755081091,11.263958923518654,198,3.6187992063350976,3.6504065743647516,3.659461704464629,3.620410400466297,0.45279264211188547,0.4539884877504047,0.4540403546117618,0.45291476776924355,466.821964382194,468.04810702078976,468.0920731220022,466.9522178284024,True
main,primary,llama31_8b,vllm_bf16,vllm,bf16,none,vllm-bf16,vllm-bf16,,longctx,8192,256,1,3,cresco8-hbm02,0,True,True,504.2999102682491,12.237228071442908,0.005154474018932273,12.231277004268263,12.240288469769563,0.012804423294666946,0.0004212125482045136,391.59129828617307,0.16494316860583275,391.4008641365844,391.689231032626,0.40974154542934227,0.0004212125482045136,403.828526357616,0.17009764262477178,403.63214114085264,403.9295195023956,0.42254596872402594,0.00042121254820453035,0.04780167215407386,2.0134664136454193e-05,0.0477784257979229,0.04781362683503736,5.001727849479276e-05,0.0004212125482045136,208.3956329434916,0.3266181772638532,208.12477697654273,208.7583431691129,0.811364531484292,0.0015672985688352634,5.287960738705898,0.01153574819030112,5.279612582449611,5.3011239603778115,0.02865638711278264,0.002181511694265003,213.68359368219748,0.3257577070597325,213.40438955899234,214.04148884240317,0.8092270050003982,0.0015244862810769558,0.0535918232177952,0.0001627624403426446,0.05349086488892736,0.053779587391827595,0.0004043243161116767,0.0030370760046954178,0.4747828504366069,0.0004176612065888567,0.4743009377959115,0.4750399634441994,0.0010375279540225243,0.0008796889066333767,2.1623334064620594,0.0017241639469905074,2.16034313474133,2.163371614057359,0.004283060681959417,0.0007973626739696582,0.9892448779010272,0.0008284747635675616,0.988372058263995,0.99002041873372,0.002058045403411618,0.0008374819845672726,0.7393433766254845,0.001057294735437924,0.7382334385760225,0.7403386867706575,0.002626465724736435,0.0014300455902690776,33.08897376990641,0.09475315043172934,33.0,33.18860510805501,0.23537987429461094,0.002863586857985452,12.278587535253543,0.024817068151832797,12.26347306866461,12.307229159609923,0.06164901489104592,0.0020211663662925007,0.6951179473954108,0.009353302827316183,0.6868148708451417,0.705250995816801,0.023234892282757116,0.013455706132121563,24.615997314453125,0.022756442810668347,24.58972930908203,24.629722595214844,0.05653013777127092,0.0009244574786050633,0.003389643201900575,4.519912830019326e-06,0.0033854986059781533,0.00339446256292456,1.1228085914875168e-05,0.0013334479651088372,6.4117382052354515,0.004630543593799832,6.40654305787757,6.415431117638946,0.011502907967262065,0.0007221978573639829,0.05687818275825455,2.9287570903409785e-05,0.056848745844235604,0.056907318665773844,7.275435936672193e-05,0.0005149174865147985,20.916123831489433,0.004623772313439806,20.91308697219938,20.921445205342025,0.01148608717436289,0.00022106258074828717,0.0568179999999999,2.4062418831361955e-05,0.05679299999999966,0.05684100000000035,5.977436205491754e-05,0.0004234999266317363,14.994636535644531,486.02763650328825,480.7802944254571,502.3193224888629,0.44445164695768996,0.4253939359199847,17461.76084979362,0.006288981440292723,9.368492104113098,24,6.4083692552521825,6.433658566651866,6.44215340337716,6.406329198779228,0.05687522584316777,0.056966056758172665,0.05698776268542689,0.05688063441897481,20.915602994151413,20.94500053105876,20.95108052178286,20.910890975617804,False
main,primary,llama31_8b,vllm_bf16,vllm,bf16,none,vllm-bf16,vllm-bf16,,longctx,8192,256,2,3,cresco8-hbm02,0,True,True,504.2999102682491,19.77373241527895,0.03443471447589495,19.737501745249187,19.806034133657192,0.08554057282292564,0.0017414372639779233,621.2045584636488,0.304467613473871,620.8610723142472,621.4412128357593,0.7563394806370659,0.0004901245641642979,640.9782908789276,0.33273362337506723,640.5985740594964,641.2188742026898,0.8265561417933357,0.0005191027966310895,0.07583063457808213,3.7166456722884646e-05,0.07578870511648525,0.07585952305124015,9.232659675745433e-05,0.0004901245641642979,186.5837292483353,0.34356490192224576,186.30124465138465,186.96619484833238,0.8534625292988541,0.0018413443835982879,6.853381292214479,0.008316025139206693,6.845200854129836,6.86182657712007,0.020658151660167136,0.0012134193013095293,193.43711054054972,0.3379463108812826,193.15436109677816,193.8113957024622,0.8395051754070949,0.001747060375007203,0.0773140368331396,8.997089983526126e-05,0.0772555563557642,0.07741763961711473,0.00022350010524088405,0.0011637071807469826,0.4420031284363584,0.0011172582543547195,0.44132256318513635,0.44329256289968855,0.002775423363406901,0.002527715716192238,2.064639759259531,0.0024772908047301727,2.0620745105006835,2.067018555995441,0.006153931511002545,0.0011998658815030455,0.9884545187525031,7.464435952363097e-05,0.9883753508627351,0.9885236173434285,0.00018542686846210161,7.55162307496325e-05,0.6542475356833861,0.0014168333246726596,0.6526269011275025,0.6552516941259704,0.0035196090930839532,0.00216559214578122,55.82260602511813,0.05895141107290471,55.7636761487965,55.88157894736842,0.14644342340709857,0.0010560490681208745,9.923912941405206,0.010869557935325524,9.913043349009495,9.934782464879818,0.02700147877719719,0.0010952895293926687,1.5976019079225672,0.017896752166040208,1.576963848170764,1.6088410493968182,0.04445799697350988,0.011202260135825795,25.428011576334637,0.0049404458323874245,25.425094604492188,25.4337158203125,0.012272747805093352,0.00019429147330518769,0.004444763253819959,1.8629906795503165e-05,0.004431656528186864,0.00446608935282833,4.627925403710316e-05,0.004191428368989525,6.5048632668331265,0.01153726703531772,6.4930675169453025,6.516123393550515,0.028660160132966676,0.001773637133026872,0.08394482196278237,4.1621037828822126e-05,0.08391938033495464,0.08399285358906376,0.00010339238967276412,0.0004958142367289212,27.91554801973204,0.016503200088960068,27.905568040907383,27.934597014449537,0.040996221705547106,0.0005911830954310773,0.05909166666666654,2.2810816148786486e-05,0.0590669999999991,0.05911200000000099,5.666520863100394e-05,0.00038602424733526783,16.01026153564453,484.0135925601938,479.1078768271217,502.3193224888629,0.40374437552891324,0.3850879348660503,9782.530037969302,0.005872194819519408,5.532434955239293,18,6.5066438731737435,6.528243941022083,6.557320642611012,6.506914958513032,0.08392928721675394,0.08408401511226068,0.08412879366044174,0.08395608644810765,27.90938447462395,27.97047450793907,27.980308888163417,27.915717002780486,False
main,primary,llama31_8b,vllm_bf16,vllm,bf16,none,vllm-bf16,vllm-bf16,,longctx,8192,256,4,3,cresco8-hbm02,0,True,True,504.2999102682491,26.202934405420887,0.06084744419460623,26.134122272038585,26.249631899594153,0.151153430787445,0.002322161451582234,819.6787309397096,0.5970288313112116,819.0335465120512,820.2116709991354,1.4831018348624072,0.0007283693095546789,845.8816653451305,0.6571997891056865,845.1676687840898,846.4613028987296,1.6325747802717998,0.0007769405769511988,0.10005843883541377,7.287949600966939e-05,0.09997968097070938,0.10012349499501165,0.00018104270445097744,0.0007283693095546789,149.85873463721728,0.2801841516352067,149.5565172380474,150.10985154424935,0.6960160173117899,0.0018696551276339366,8.987553606450456,0.010742949788508678,8.976012896590252,8.997263502229483,0.026686966705074644,0.0011953141265047206,158.84628824366771,0.2882053121276063,158.53253013463762,159.099235964781,0.7159416845829616,0.0018143660472916049,0.11083627487036625,0.00037798075559313833,0.11040717560322448,0.11111992454592379,0.0009389562492847994,0.0034102621730586254,0.39982657291843754,0.0011037901723649636,0.39855202590755734,0.40046427350908076,0.002741966793031203,0.0027606723692928004,1.963324593673583,0.005203686406443517,1.9595768479318354,1.9692659170491358,0.012926673642368896,0.0026504463007346545,0.9841231054246932,7.78784195766718e-05,0.9840333255895622,0.9841724376545685,0.0001934607190019256,7.913483500934955e-05,0.5252988768221899,0.0020081320310104964,0.5230780322062274,0.5269867773962411,0.0049884765084069575,0.003822837092587646,118.22895217460041,1.7064888128649804,116.96551724137932,120.17021276595744,4.23915321471795,0.01443376416247722,6.469696929281412,0.055126001289947296,6.40909088494387,6.516853929038166,0.1369405787023554,0.008520646622634012,3.414352263470308,0.005589787968861884,3.4110058020715632,3.420805308665753,0.013885803094138085,0.0016371444823272243,27.59337870279948,0.024200160544873985,27.576759338378906,27.621143341064453,0.060116531439933875,0.0008770278118358432,0.005159616607877174,1.3586771678845225e-05,0.0051497975706823644,0.005175122835684436,3.375141190836077e-05,0.0026332909422189113,6.565923742329081,0.01932972560828709,6.549053414724767,6.587015221826732,0.04801770034133205,0.0029439461021565872,0.14057418734103053,8.12827087658702e-05,0.14051041952608262,0.14066571291243912,0.0002019174421585173,0.0005782193040083509,42.40686291580399,0.017682145301991695,42.39330976828933,42.42686417885125,0.043924883969326506,0.0004169642384794749,0.06561066666666769,6.1101009273513084e-06,0.06560400000000027,0.0656160000000018,1.517833213623405e-05,9.312663988606344e-05,18.04151153564453,466.5723876176745,462.3022837853985,502.3193224888629,0.34359832043876387,0.31622571765032903,6062.16368450173,0.001545825252410516,6.0910152271389935,18,6.556334025692195,6.593285127962008,6.598523528771475,6.562195364334103,0.14056823457244272,0.14118266692056378,0.14119468695217488,0.14062721995162028,42.411802012939006,42.555000708578156,42.58402556574904,42.422136451997275,False
main,primary,llama31_8b,vllm_bf16,vllm,bf16,none,vllm-bf16,vllm-bf16,,longctx,8192,256,8,3,cresco8-hbm02,0,True,True,504.2999102682491,35.38081726199069,0.04187624333570986,35.34594498111977,35.42726310383889,0.10402635529667031,0.0011835860948496842,885.0744878172449,0.31591161967100784,884.7272436103891,885.3448892937179,0.7847679680048779,0.0003569322401893015,920.4553050792355,0.3540235146108205,920.0731885915088,920.7721523975567,0.8794431634911332,0.0003846178219162365,0.10804131931362852,3.8563430135621074e-05,0.10799893110478383,0.10807432730636204,9.579687109434545e-05,0.0003569322401893015,130.96010397870532,0.24043289299275025,130.68250493258347,131.1023752775428,0.5972684166285226,0.0018359247258374633,10.194574656390987,0.0039364982842876785,10.190029457073972,10.196890743043559,0.009778803840239493,0.0003861365890159904,141.1546786350963,0.2385772276936879,140.8793087016389,141.29926602058634,0.5926586884787354,0.0016901829255723212,0.13280304884298966,0.0001680016197866917,0.13260932186412347,0.1329086837345619,0.0004173391593472613,0.001265043395090399,0.3724926927646713,0.000970725563365333,0.37188905514955517,0.37361245065405857,0.0024114159797159083,0.00260602578848065,1.8881594057759241,0.0023388881524311978,1.8865075249752021,1.89083571510024,0.005810120263020393,0.001238713291513674,0.9822326327021668,5.4059250013407484e-05,0.9821702173379973,0.9822646430353003,0.00013429062162724506,5.5037114644305823e-05,0.46359873414612407,0.001702495745109716,0.46184830287366174,0.46524885915280195,0.0042292338845215235,0.0036723477000976832,197.55775108047374,1.7713058913176656,196.27586206896552,199.57894736842104,4.400167763667745,0.008966015666963818,4.412706182517635,0.025147331566676874,4.384615402860215,4.433120980372456,0.06246943469467153,0.0056988456803007135,7.336940488168537,0.007468801834513798,7.329480454429986,7.344418027327006,0.018553532298705776,0.0010179722524065581,32.59396107991537,0.0016019927029525408,32.59266662597656,32.59575271606445,0.003979570487353251,4.914998514677924e-05,0.005791799074868184,2.6473354578656366e-05,0.005776225722916821,0.005822366039129935,6.576345846537855e-05,0.004570834422335149,6.539730107101302,0.0027735029581850723,6.537633342668414,6.542874915525317,0.006889763292078637,0.00042410052292118396,0.25382966193936624,0.00035775063950556997,0.2535584727813508,0.25423512287510963,0.0008887018549985839,0.001409412267944587,71.27126776520163,0.08946855113146854,71.2037001317367,71.37273158505559,0.22225220188134365,0.0012553242552976135,0.08061933333333339,6.850060827103738e-05,0.08055099999999947,0.08068800000000192,0.00017016494428392055,0.0008496796666354307,22.10401153564453,436.91845975480356,433.7290375335234,502.3193224888629,0.3254443821372838,0.2810058707988998,3989.5819781800433,0.0012899638406777168,43.41824147850275,30,6.538157702889293,6.561966702248901,6.642971678888426,6.543918294801066,0.2537316545186674,0.2542968389990867,0.2543520695153332,0.2538157341108213,71.24003729922697,71.3949694130104,71.421497547552,71.2669304930605,False
main,primary,llama31_8b,vllm_bf16,vllm,bf16,none,vllm-bf16,vllm-bf16,,longctx,8192,256,16,3,cresco8-hbm02,0,True,True,504.2999102682491,41.939999861308515,0.030105410898185286,41.91932780345088,41.974539924679895,0.07478598653992145,0.0007178209584582961,943.1032797731905,0.27928340405635416,942.791458087228,943.3304271721239,0.6937784362823944,0.0002961323643403295,985.0432796344991,0.29887320756491537,984.7175899430229,985.3049670968038,0.7424422059437903,0.00030341124470775787,0.11512491208168829,3.409221240922292e-05,0.11508684791103857,0.11515264003565966,8.468975052275323e-05,0.0002961323643403295,113.73864599826292,0.07909485448688394,113.66768698102577,113.82392118350964,0.1964825108362732,0.0006954087926111932,11.082063230103254,0.004741893043654637,11.076635358244973,11.08540102896206,0.011779515334829037,0.00042788900813828473,124.82070922836618,0.08057611166717077,124.7518402841285,124.90932221247171,0.20016215765862466,0.0006455348007977783,0.1493668907743306,0.00011352563430758453,0.14929912686570637,0.14949795353518863,0.0002820133094338478,0.0007600455075355591,0.33953889884576416,0.0005828308178543181,0.3390010486171929,0.34015815182214487,0.0014478320142021993,0.0017165362196661584,1.8496765289697887,0.0014695985642899422,1.8482383899636483,1.8511756863457465,0.003650685214686787,0.0007945165229016892,0.9802948012731892,0.000252457270047033,0.9800033082784356,0.9804434715877273,0.0006271386251293717,0.0002575319890701716,0.4068633676593149,0.0016728478573666747,0.40582776872304277,0.4087932829464581,0.004155584448505294,0.004111571574975081,368.5843049148509,2.3312914634238178,365.9065420560748,370.1621621621622,5.791249041372721,0.00632498842825764,2.605124120276512,0.012042383702702988,2.596491242664049,2.6188811137983996,0.029914939495252067,0.004622575795515183,14.648187264822157,0.0036313604598009496,14.644691051080638,14.651940152452555,0.009020799463150557,0.000247905108949673,42.65991465250651,0.012544864586456766,42.64772033691406,42.67278289794922,0.03116317120801846,0.0002940667999137613,0.005745944672553496,2.3653007824795982e-05,0.005719229344399234,0.00576421997939596,5.875732873390135e-05,0.0041164698187538575,19.18704037554562,0.009026991305416404,19.176690536551178,19.193286367692053,0.02242428952542723,0.0004704733574710948,0.4346865934898066,0.0004273418450551492,0.43435966241739543,0.43517014980681384,0.0010615759931104625,0.000983103347228422,130.0345479628692,0.09608435106276769,129.97153115272522,130.14513774216175,0.23868675998407915,0.0007389140237577798,0.11260400000000177,0.00023154049322047414,0.112375,0.11283800000000338,0.0005751784710062514,0.002056236840791362,30.22901153564453,391.2084913347693,389.6848829152615,502.3193224888629,0.3203119102146668,0.24848876728434754,2976.1734548916206,0.001347692866190018,11.34998798370361,54,19.18534716544673,19.22658284017816,19.23458151264116,17.096654582044316,0.4350298369832921,0.48352064011180224,0.4838627250685046,0.4439911865471668,129.99409499950707,131.97115993457842,135.3428258878365,130.31440715157186,False
main,primary,llama31_8b,vllm_bf16,vllm,bf16,none,vllm-bf16,vllm-bf16,,longctx,8192,256,32,3,cresco8-hbm02,0,True,True,504.2999102682491,42.79186315185577,0.05367295992146897,42.7321387175746,42.836061707060075,0.1333310238421851,0.0012542795748574764,968.7706727023902,0.7244654329169268,967.940252797912,969.273359795507,1.7996719027684667,0.000747819327453449,1011.5625358542461,0.7743495883032806,1010.6723915154865,1012.0807488264395,1.9235910143825217,0.0007654984846283937,0.118258138757616,8.843572179161704e-05,0.11815676914037011,0.11831950192816247,0.00021968651156841634,0.000747819327453449,96.49569681660255,0.06792190641249989,96.42250733075252,96.55670179798328,0.16872736917326753,0.0007038853405203205,11.490105647198234,0.01502991280849775,11.474949624412893,11.505006192921908,0.03733637321190858,0.001308074378947305,107.98580246380078,0.08282913461315879,107.89745695516541,108.06170799090518,0.20575897692419234,0.0007670372653009171,0.15687264184260186,8.753258644594262e-05,0.15678414684994416,0.15695917918281552,0.00021744299899741185,0.0005579850343424982,0.30818849556312894,0.0005736570967974595,0.3078552285267352,0.30885089341701977,0.0014250432277677786,0.0018613838772575217,1.834783483142716,0.00172510672684536,1.8330785504407552,1.8365280798543195,0.004285402676950735,0.0009402235973317703,0.9793969922548179,4.719723560482923e-05,0.9793425466988753,0.9794262983300118,0.00011724443285632167,4.8190096537022575e-05,0.3742951980194615,0.0013091580890159094,0.3731896618492921,0.37574084752689246,0.0032521289795674163,0.003497661994979267,744.1774189664656,1.9352718706743879,742.2439024390244,746.1144414168938,4.807481836431855,0.002600551725100914,1.3406193089608334,0.0036429858001413946,1.3369763242729857,1.3442622958732675,0.00904967840950219,0.002717390220916045,30.53847282497993,0.0016197148822997636,30.536757388113127,30.539975860054177,0.00402359482140409,5.303850299203127e-05,61.75582377115885,0.004745131251607463,61.7503776550293,61.75906753540039,0.011787559489323142,7.683698413919514e-05,0.005601065101357522,3.389943827196774e-05,0.005571811419095239,0.005638216117739446,8.42108730185475e-05,0.0060523199888806115,19.373759138397872,0.026417548406333348,19.34390762448311,19.39412108901888,0.0656248282481625,0.0013635736987136905,0.914816102801877,0.0004406814191277384,0.9144461971360679,0.9153036733176194,0.0010947133321228682,0.0004817158528124175,252.65608308029672,0.14376067787748226,252.52270393259823,252.8083567339927,0.35712132138224506,0.0005689974930538032,0.19893799999998496,0.0009633384659516708,0.19789699999999721,0.19979799999998069,0.002393065412450257,0.004842405502979539,46.47901153564453,307.99047355819874,307.37997110239695,502.3193224888629,0.3513104711296484,0.21497441493741257,2523.513892818321,0.001221302604379537,13.523918390274044,102,19.363107544369996,19.426522377552466,79.96831948962993,20.08668800651589,0.9147422915927189,0.9612559739805244,0.9639527151862561,0.9196220848450467,252.63818776607513,252.92107165721245,318.43169871314427,254.59031964200275,True
main,primary,llama31_8b,vllm_bf16,vllm,bf16,none,vllm-bf16,vllm-bf16,,longctx,8192,256,64,3,cresco8-hbm02,0,True,True,504.2999102682491,41.27266249726159,0.11353725678414699,41.14199890714399,41.34726674298103,0.2820421812661805,0.0027509070148231916,971.4314587119103,0.2664135749910762,971.2099352766278,971.7270763698267,0.6618080085575571,0.0002742484532509713,1012.7041212091721,0.1567168618531762,1012.5572020196089,1012.8690752769708,0.38930626659664175,0.00015475088781712051,0.11858294173729374,3.252118835340286e-05,0.11855590030232273,0.11861902787717611,8.078711041962366e-05,0.0002742484532509713,85.20448782170938,0.03528113457525188,85.17553600008489,85.24378514415321,0.08764319691172166,0.00041407601262832247,11.863784539866922,0.004206768809141827,11.859086315692634,11.867202259000493,0.01045019304340424,0.00035458911066746455,97.06827236157629,0.031074604901357314,97.04273825908537,97.10287145984586,0.07719359791320335,0.00032013143064507605,0.16125804276998068,0.0002623709035783845,0.1609793707619999,0.16150031042615107,0.0006517654560450745,0.0016270252265968013,0.2904430895924984,0.0009072922672526446,0.2896962882826769,0.29145280393652256,0.0022538389366617536,0.0031238211538295044,1.7998402631540553,0.003276857547983266,1.7968256847038646,1.8033279647012466,0.008140165410978948,0.001820637983862453,0.9791807878705403,0.00015041358831847904,0.9790100768947306,0.9792938484049966,0.00037364806710162273,0.00015361166209724037,0.3550443286964248,0.0006554461545582786,0.3542990199063337,0.35553098206990863,0.0016282185105599555,0.0018460966746456826,1553.0929121119489,2.1151909295136493,1550.9787234042553,1555.2091038406827,5.2544255555570905,0.0013619216938137591,0.6478525955725667,0.0006455081069034314,0.647329650357989,0.6485740431172062,0.0016035310315993775,0.0009963811387263745,62.24789379266529,0.40545554861536404,61.77971556941305,62.483015065745505,1.0072074187538451,0.006513562530578973,100.85260009765625,0.033591526673176934,100.81391906738281,100.87443542480469,0.08344597820410592,0.00033307546499197874,0.005520281463089778,4.725152098006911e-05,0.005465969518313041,0.00555195027558793,0.0001173792852041516,0.008559621696104927,19.610203301223617,0.011744408492517408,19.601577600464225,19.62357866205275,0.02917472803846334,0.0005988927453793706,1.898329578509274,0.0007553849728379652,1.8974821939078323,1.8989323265558364,0.001876480297916288,0.00039792087811809594,503.6746018162618,0.2139889777282112,503.43662563245744,503.85118144005537,0.531578089473551,0.00042485560510012254,0.4239486666666538,0.001008400879276716,0.4232519999999786,0.42510499999998136,0.0025050066527734817,0.0023785919347391426,78.97901153564453,220.42924282903726,220.11990064272655,502.3193224888629,0.44097908493574334,0.19324017216902586,2351.891374077013,0.0011507323388332549,15.726703032851216,198,19.610983782913536,19.658482889877632,164.8792869907152,21.311965364798187,1.8985913886122552,1.9102865519202954,1.946106766494685,1.9004115022435393,503.73619478708133,503.89526025312955,651.859959388934,505.9168984369008,True
main,primary,llama31_8b,vllm_bf16,vllm,bf16,none,vllm-bf16,vllm-bf16,,prefill,4096,128,1,3,cresco8-hbm03,0,True,True,510.51565748512223,12.839882672498412,0.0177677393086027,12.819370757244299,12.850510866064834,0.044137511269048704,0.0013837929646085634,410.8762455199492,0.5685676578752864,410.21986423181755,411.2163477140747,1.4124003606095585,0.0013837929646085634,423.71612819244757,0.5863353971838904,423.03923498906187,424.0668585801395,1.4565378718786104,0.0013837929646085664,0.10031158337889384,0.0001388104633484586,0.10015133404097108,0.10039461614113152,0.000344824306789443,0.0013837929646085634,209.41011228139664,0.6098516443724576,208.73830376454032,209.9288389007473,1.514955468358573,0.002912235888365144,5.307571871505156,0.004857845585662629,5.30214822516967,5.311523335368753,0.012067557417204406,0.0009152670379732435,214.7176841529018,0.6139664782632682,214.04045198971,215.23788295472437,1.525177282404324,0.002859412724599148,0.05207083873988803,4.653511925877111e-05,0.05203001632449504,0.052121509906697845,0.00011559964467151238,0.0008936886822820397,0.4498916932855903,0.0008435212728484559,0.4489371296247895,0.45053670794180833,0.002095423004546489,0.0018749429816944639,2.159933658109246,0.0011626816376461438,2.1587413326440257,2.1610642350812435,0.0028882613028364183,0.000538295069055004,0.9871518587585192,0.0012750583906059219,0.9858581111028145,0.9884073676592794,0.003167420632787853,0.0012916537402963362,0.7694162457428627,0.008637499208990124,0.7598368711872572,0.7766107365319461,0.021456737520266014,0.011226042154400725,33.09408710047262,0.05449861713780308,33.06262230919765,33.15701668302257,0.13538207007025946,0.0016467780776773498,12.924050984463227,0.02192434069572867,12.89873493645981,12.936709251336286,0.05446308152752206,0.0016963984993625628,0.7021810836522567,0.0009716732434392292,0.7010593382867976,0.7027623129879206,0.002413770147526148,0.0013837929646085907,23.3243408203125,0.012002196137805794,23.313819885253906,23.337413787841797,0.029815108049747536,0.0005145781495078062,0.0036311316582094723,1.8990302211630164e-05,0.003615032161410319,0.0036520746695862627,4.717452588144619e-05,0.0052298577961765146,3.185142682865262,0.0046588394146912715,3.180395823903382,3.189708207733929,0.01157319868302342,0.0014626784036250188,0.053398669432125144,2.8365201578006898e-05,0.053381534029297004,0.053431410841115815,7.04630669413269e-05,0.0005311967859810028,9.967933174067488,0.0056731523496714635,9.961716698948294,9.972830611281097,0.014092891696323879,0.0005691402872192904,0.053343666666666956,2.309401076703925e-05,0.05331700000000092,0.053356999999999974,5.7368703061970374e-05,0.0004329288219227361,14.486824035644531,487.0471804359794,481.62028200526544,502.3193224888629,0.4458235921022826,0.42745256759989037,16722.692805964412,0.001233327525728843,5.371935479342935,24,3.1884544594213367,3.208825532626361,3.216860701208934,3.1806354835474244,0.05339067824932886,0.05352222597827827,0.05359729785032159,0.05341355894689798,9.967966030817479,9.997526563564316,10.021962249083444,9.964157469803467,False
main,primary,llama31_8b,vllm_bf16,vllm,bf16,none,vllm-bf16,vllm-bf16,,prefill,4096,128,2,3,cresco8-hbm03,0,True,True,510.51565748512223,20.546972079548144,0.023559715036330767,20.528252278522935,20.5734269196563,0.058525576599840555,0.0011466271013129677,649.290879405945,0.6150782532356512,648.9343197363976,650.0011086360023,1.5279390845402008,0.0009473077055978425,669.837851485493,0.6087450711736366,669.465462123958,670.5403456764675,1.5122065881445694,0.0009087946729549972,0.15851828110496705,0.00015016558916886017,0.15843123040439394,0.1586916769130865,0.00037303200306157246,0.0009473077055978425,180.20049967082628,0.17966968353782595,179.99747246640962,180.33897488667162,0.4463242365345609,0.0009970543026574844,7.10934352354593,0.01597379941257704,7.091282360201557,7.1216157177272175,0.03968111752071789,0.0022468740411364704,187.3098431943722,0.1670851105045043,187.1190881841368,187.4302572468732,0.4150624240762104,0.0008920252542794528,0.07440542416769379,0.00030273026025033704,0.07406236839650605,0.07463509122994443,0.0007520236559758541,0.004068658483392935,0.4076245348684793,0.001039275478884286,0.40646755610941654,0.4084789656083,0.002581703409993839,0.0025495901006538035,2.0882983136865754,0.0038332407205262133,2.083893104554212,2.0908741926780907,0.009522297832076173,0.0018355810065082156,0.9892902182412738,8.684910984693666e-05,0.9892042731353086,0.9893779439723746,0.00021574514900272229,8.778931424322989e-05,0.7045303384837815,0.001649223246325088,0.7028349353871659,0.7061291349470027,0.004096897661291455,0.002340883218562849,58.4829576185568,0.12984622268260954,58.35321100917431,58.61290322580645,0.3225558984942014,0.0022202403566780105,10.11627906561066,0.023255627456344016,10.093023472666552,10.139534727579086,0.057770181174720575,0.0022988321403073324,1.5550294445886188,0.014993338353408995,1.5377232011450985,1.5640956624069617,0.03724551722873588,0.009641835661430492,24.336788177490234,0.028361408859218406,24.31888198852539,24.369487762451172,0.07045364530555435,0.0011653718909979524,0.004778878153060853,1.3208886801627004e-05,0.004765050580547311,0.004791366288546479,3.281269383416284e-05,0.002764014142768374,3.2572791619847217,0.0009099121874861302,3.2562309773638844,3.2578658796846867,0.0022603471793155327,0.00027934731480973323,0.08010787651519685,4.018371738858456e-05,0.08007430742810091,0.0801524021552773,9.98218877633004e-05,0.0005016200545643164,13.431802704309424,0.012679555037606954,13.42083377763629,13.445685566402972,0.031497760837133314,0.0009439950330374403,0.05523599999999957,2.0999999999987795e-05,0.05521199999999954,0.055250999999999294,5.216689194672661e-05,0.00038018683467282133,14.994636535644531,486.02763650328825,480.7802944254571,502.3193224888629,0.3895955083146898,0.3728899821458194,9116.191610066833,0.001631604212734659,5.6986099109053585,18,3.25760390330106,3.271785707958043,3.2728956993296743,3.2556115093951425,0.08012621011218335,0.08026293123940255,0.08028466733473198,0.080132034846377,13.431327490601689,13.453205451369286,13.455448167026043,13.432379934885022,False
main,primary,llama31_8b,vllm_bf16,vllm,bf16,none,vllm-bf16,vllm-bf16,,prefill,4096,128,4,3,cresco8-hbm03,0,True,True,510.51565748512223,28.108729475380713,0.2422028550543011,27.914418515071013,28.380082145593544,0.6016652461339884,0.00861664186090078,865.2130478400363,3.6047089582608156,861.0727145803789,867.6535616691212,8.954593463099938,0.004166267449687452,893.3217773154171,3.365103687844807,889.4527967259725,895.5679801841923,8.359380974925395,0.0037669558420007536,0.21123365425782137,0.0008800558980128944,0.21022283070810033,0.2118294828293753,0.0021861800447021333,0.004166267449687452,140.62314025546573,1.2495604340985622,139.54436604875335,141.99233814247302,3.104080197455352,0.008885880601361371,9.440043080784099,0.05503572154411327,9.37854497717237,9.484663617189742,0.1367163113811219,0.005830028642151277,150.06318333624984,1.1946505793092044,149.0290296659431,151.37088311964538,2.9676765564263734,0.007960983851930722,0.10702906040965639,0.0008145266743577615,0.10610723916488572,0.10765164322432416,0.0020233964289986957,0.0076103319158380015,0.3611623309536929,0.0011597743432680315,0.36019026767100876,0.36244610707677444,0.0028810391832325894,0.0032112273176593664,2.0063535037432967,0.003234667076020717,2.0043343118909434,2.010084352926749,0.008035358468500235,0.0016122119407102136,0.9853332682260829,0.0001280909797860924,0.9852273710811001,0.9854756407613356,0.0003181956334216814,0.00012999762001002707,0.5931397302570081,0.006253451391349089,0.5891623142497181,0.6003477079157562,0.015534434429847843,0.010542964958087467,119.03496020820954,3.9253711557186786,116.57731958762886,123.56204379562044,9.751162520537745,0.03297662425267863,6.838753347771198,0.13547366112615747,6.682927002021155,6.928571365734081,0.33653523055237244,0.01980970130620508,3.3698433930024603,0.019188128586760358,3.34784367914455,3.383122223667465,0.04766595384028597,0.005694071311030313,25.648034413655598,0.007949756187548783,25.641094207763672,25.656707763671875,0.019748289144710458,0.00030995576734395487,0.005716906421221878,3.868586803102533e-05,0.005692858413897726,0.005761532056639389,9.61010236876665e-05,0.006766923433872996,3.245937528088689,0.006361249101798966,3.239520330913365,3.2522413125261664,0.015802218787616725,0.001959757095369815,0.1323728672377863,9.876789006434665e-05,0.13227685633313468,0.1324741786536504,0.0002453530404188542,0.0007461339481823432,20.057959547887247,0.016420517545014283,20.044595669955015,20.076290026307106,0.04079082688002793,0.0008186534380933028,0.058152333333333445,6.822817111185287e-05,0.058095499999999446,0.058227999999999155,0.00016948817286270817,0.0011732662681093807,16.01026153564453,484.0135925601938,479.1078768271217,502.3193224888629,0.31321376790972216,0.29874061501899907,5338.727046133361,0.0034749530324631192,2.461415529251096,18,3.2486349469982088,3.260609629470855,3.262562019173056,3.2467952585365207,0.13232414207355242,0.13251809462332936,0.13255986839488854,0.13231770011652602,20.054097773507237,20.077567640924826,20.082579872803763,20.051143173335326,False
main,primary,llama31_8b,vllm_bf16,vllm,bf16,none,vllm-bf16,vllm-bf16,,prefill,4096,128,8,3,cresco8-hbm03,0,True,True,510.51565748512223,38.93179402750322,0.766997997008339,38.37433884985823,39.806523899125374,1.905328649205382,0.01970106993955881,940.8148225091754,3.290409640400321,937.067195589308,943.2301753986551,8.17383067482528,0.0034974041242512746,979.7466165366786,2.5234445714510914,976.8737194884333,981.6045142485134,6.268583823453307,0.0025756093757907062,0.22969111877665416,0.0008033226661133597,0.2287761707981709,0.23028080454068728,0.001995564129596016,0.0034974041242512746,117.3977869544787,1.4649771903576845,116.38353664668266,119.07735844110161,3.639205085421566,0.012478746221389447,10.746828329896054,0.021336861509263713,10.723660305768426,10.765671381330318,0.053003702325556054,0.001985410100011348,128.14461528437477,1.444199435865224,127.14920802801298,129.80101874687003,3.5875902819213548,0.011270075084000205,0.1275689476980318,0.00041976418771465056,0.12710767330407785,0.1279285089943834,0.0010427520487442082,0.003290488753644606,0.3263113476072516,0.0018998136197995613,0.32504276914543884,0.32849557983860816,0.004719398658240994,0.005822088731300197,1.9527062265924504,0.003084274255578419,1.9502080281970067,1.9561535071444685,0.007661761991663026,0.0015794870798156871,0.9827629731328879,0.00014286441450427873,0.9826672334912698,0.9829271859023392,0.0003548948797372096,0.00014537016392553975,0.5252392464916426,0.004213265482845669,0.5223815488260792,0.5300779016338961,0.010466331675552889,0.008021612076759974,197.37674418604652,1.8851157626563706,195.2,198.46511627906978,4.6828871570296755,0.009550850432913555,4.739725957556282,0.047453455247481485,4.712328649890942,4.794520487878483,0.11788091773312535,0.010011856312458123,7.150357853541666,0.1950011191453085,6.92525379678251,7.26755306949563,0.4844096339023801,0.02727151887212496,27.647549947102863,0.016511635133294143,27.63525390625,27.666316986083984,0.04101717551727767,0.0005972187468649232,0.006487664255993327,3.579758873676328e-05,0.006458595673333331,0.006527649097139992,8.892614017072253e-05,0.005517793049122933,3.2957797329872847,0.009210708390395585,3.2894532615318894,3.306346951983869,0.022880668064516857,0.002794697806472348,0.23875407151525885,0.0009846367063496596,0.23763130999016246,0.23947057919943426,0.0024459731746168255,0.004124062471901055,33.6213562162593,0.11356435734627236,33.492243925109506,33.70577125065029,0.2821095027945658,0.003377744687507656,0.06454466666666668,3.481857741739167e-05,0.06451499999999942,0.06458300000000054,8.649414123204105e-05,0.0005394493335476981,18.04151153564453,466.5723876176745,462.3022837853985,502.3193224888629,0.2771879347752903,0.25510588493679914,3291.8953093770338,0.0016540426917705609,5.12252543121576,30,3.2914878712035716,6.401206666603684,6.421370929554104,3.7037251555981734,0.23918288869885948,0.23954221767879377,0.2397104531886628,0.23478079536548396,33.66303442651406,33.72133820191957,33.743098404239866,33.52088616701464,False
main,primary,llama31_8b,vllm_bf16,vllm,bf16,none,vllm-bf16,vllm-bf16,,prefill,4096,128,16,3,cresco8-hbm03,0,True,True,510.51565748512223,45.61881176196073,0.08457204590211899,45.52267139895036,45.68172121225671,0.21008860858533374,0.0018538853301005844,1034.2129401318625,0.8403232187766281,1033.6336633875053,1035.1767238534283,2.087478597822445,0.0008125243711120908,1079.8317518938234,0.8897434419711131,1079.2857060621805,1080.858445065685,2.2102452379829836,0.0008239648819463487,0.2524933935868805,0.00020515703583413771,0.25235196860046516,0.2527286923470284,0.0005096383295464953,0.0008125243711120908,96.58924712146263,0.26929197698094565,96.29494830643144,96.82334090470047,0.6689583554901689,0.002788011968271234,12.079360863398891,0.005748471616880341,12.075247876118308,12.085929277655994,0.014279995128418849,0.0004758920345114051,108.66860798486152,0.27306381205708036,108.37185374285382,108.90927018235647,0.6783281132452977,0.00251281227505114,0.15263013793815192,0.00036080851447585017,0.15225077546682228,0.15296896967039075,0.0008962980375300743,0.0023639401716458864,0.30600498835980133,0.0011284641951560634,0.3047879628492887,0.30701669848585805,0.0028032604635471613,0.0036877313706703786,1.8479380149839226,0.005128573859610018,1.8427931535765325,1.8530501446181085,0.012740083732154187,0.0027752953930408955,0.9752525774010999,0.0019622336655274715,0.9730987298928636,0.9769386535512385,0.004874458647802876,0.0020120261263564423,0.3964206790164225,0.006181311509023529,0.38948012407207455,0.40133322372109964,0.015355229027641689,0.015592807934137707,377.70502321763,6.405457653697612,374.0054644808743,385.10140845070424,15.912038918570024,0.016958889238830294,2.7942357327912024,0.03663090212701529,2.751938010383825,2.8153846110280094,0.09099620538915407,0.013109453041896415,13.632875419103998,0.0561911756096636,13.571390321830322,13.681566096510458,0.1395866183995507,0.004121740563323998,32.67891184488932,0.027717069083171602,32.65422821044922,32.70889663696289,0.06885301656869572,0.0008481637704073765,0.006493568070259721,7.238155335424419e-05,0.006423186514924168,0.006567796224470814,0.0001798057463223466,0.011146653514844755,12.50212267289559,0.012635559176404725,12.49087306112051,12.515793722122908,0.03138846905915992,0.0010106731078393931,0.3939606458843341,0.01285680163557018,0.3791176526198589,0.4016301576561463,0.03193806579541321,0.03263473590543586,60.589089386475585,0.17923249579631437,60.44571171980351,60.79003154113889,0.445238201978757,0.002958164541029095,0.07996799999999954,0.0005433258690693478,0.07956999999999971,0.08058699999999953,0.0013496962811246891,0.0067942910797988065,22.10401153564453,436.91845975480356,433.7290375335234,502.3193224888629,0.2505449222464438,0.2163337206429499,2382.098963459324,0.0021867983083711006,11.505053192377087,54,12.201951057650149,18.786352646676825,18.797648890018465,11.00388182916989,0.37913914120162096,0.45062487212589053,0.452852391035802,0.3932146549743069,60.53592989221215,63.908152198372406,63.998114068293944,60.942143010906875,False
main,primary,llama31_8b,vllm_bf16,vllm,bf16,none,vllm-bf16,vllm-bf16,,prefill,4096,128,32,3,cresco8-hbm03,0,True,True,510.51565748512223,48.32071313716808,0.0831269200800038,48.228665531901264,48.39030627614069,0.2064987170323932,0.0017203164995522996,1101.5857580127542,1.9224762859490492,1099.4582630573632,1103.1983579124412,4.775695841871745,0.0017451898519613854,1149.906471149922,1.9926613370065567,1147.6869285892644,1151.5415255159035,4.950045174004821,0.0017328899236595029,0.2689418354523326,0.0004693545619992796,0.26842242750423906,0.2693355365997171,0.0011659413676444689,0.0017451898519613854,82.04490441759799,0.16760616842527742,81.85492681793599,82.17188089340273,0.4163568037072091,0.002042858963820393,12.985201295723721,0.013860432712854327,12.97410659631206,13.000738256468589,0.034431223603179364,0.0010674022217444436,95.0301057133217,0.17912187112697572,94.82903341424804,95.17261914987131,0.44496339506580296,0.001884896052492402,0.17030165556747903,0.0002587960350497277,0.17013978356823767,0.17060013117189313,0.0006428849903184888,0.001519633113297506,0.26958539539446713,0.0017599735211259546,0.26826912264667724,0.27158445545565146,0.004372016595511,0.0065284453505008964,1.7890448860956099,0.0019948537460045012,1.7873300896685163,1.7912342176326261,0.0049554914198761965,0.001115038399264563,0.9748735422512422,0.0013898116300508562,0.9732688543991039,0.9756934657087123,0.00345248348243853,0.001425632730622078,0.33326421232461595,0.0015975023330861895,0.33147636759066207,0.3345514820058978,0.003968415790228541,0.004793500994130575,753.9540028951874,7.198569815748428,747.9890710382514,761.949860724234,17.882238749968295,0.009547757274456906,1.5062240706066248,0.01496079729895495,1.4896265568282676,1.5186722079439365,0.037164680768186464,0.009932650520536136,28.968208439706455,0.009949007565525789,28.95672032206475,28.97396328401111,0.024714704888011953,0.00034344573245643925,42.743550618489586,0.018234194804674874,42.722591400146484,42.755767822265625,0.0452962509576948,0.00042659522994300115,0.006433270810699734,2.499573311073937e-05,0.006406270236060924,0.006455603617513815,6.209284325323405e-05,0.0038853848759431643,12.380366602602104,0.0001488816296602361,12.380245612934232,12.380532865412533,0.000369842470825839,1.2025623670057087e-05,0.7764066779286921,0.0006782054640055602,0.7756236438074802,0.7768084821254602,0.0016847557694513432,0.0008735183290989789,113.94744448581089,0.12288898596633203,113.82572546694428,114.07147094234824,0.3052731643977225,0.00107847075044877,0.12507333333333373,0.0012583359381882877,0.12366599999999744,0.1260899999999965,0.003125879758104258,0.010060785178201725,30.22901153564453,391.2084913347693,389.6848829152615,502.3193224888629,0.24386397799779772,0.1891826602298952,1966.6538240385962,0.001289445220124667,28.422899357974526,102,12.38098418014124,18.592539263144136,40.20959341103211,14.549476073570915,0.7767134296605144,0.8679095064902193,0.8707137389705465,0.7910318165079022,113.9505244451575,117.2678078402765,144.20975824543274,115.01051677007447,True
main,primary,llama31_8b,vllm_bf16,vllm,bf16,none,vllm-bf16,vllm-bf16,,prefill,4096,128,64,3,cresco8-hbm03,0,True,True,510.51565748512223,47.65883793873766,0.02294303148635335,47.634801591641775,47.68050355793191,0.05699364973712558,0.0004814014037825497,1127.7986681368047,1.2544134373620657,1126.9655247146445,1129.2413768272486,3.116135725877468,0.0011122671739224844,1175.4575060755424,1.2720114770050905,1174.6267333812839,1176.9218803851804,3.1598516798075833,0.0010821416090590202,0.2753414717130871,0.00030625328060597307,0.27513806755728626,0.275693695514465,0.0007607753237005537,0.0011122671739224844,72.02917475242545,0.09930018817221163,71.93175477625527,72.13025399249382,0.24667534222249501,0.0013786106603819986,13.668472539741735,0.017509358597264015,13.654325006770295,13.688054828186667,0.0434956580000234,0.0012810033122834113,85.69764729216719,0.11638130165014351,85.58607978302557,85.81830882068049,0.28910718037171246,0.0013580454694790767,0.17771153220922842,0.001045124401889628,0.17650486470306387,0.17833068249164413,0.002596232940204533,0.005881016211481157,0.25784750763562975,0.0018809125583472178,0.2557780484397019,0.25945305772152355,0.004672445818695118,0.007294670309573745,1.7648161281200376,0.009640194867402594,1.7575558090133707,1.7757537620615247,0.023947571618736754,0.005462435838951544,0.9743008026448775,0.0006902665461306864,0.9735072790063604,0.9747624341877608,0.0017147171584028869,0.0007084737529281102,0.3013741024374574,0.0011732990282716685,0.3001094268916395,0.3024272459049582,0.0029146363632896683,0.003893164737056852,1567.1576260580312,2.491430985758026,1565.7191977077364,1570.0344827586207,6.1890576679448115,0.0015897768956559125,0.7455450020027365,0.0003143574277889835,0.7451820133116264,0.7457264971704276,0.0007809071413394452,0.00042164782400060894,60.734619698486284,0.00645708946702988,60.72876014709458,60.74154237381789,0.016040299453194764,0.0001063164550809036,62.7902946472168,0.03023502702042298,62.755393981933594,62.808528900146484,0.07510797083722294,0.0004815238913959,0.0064934812612547415,4.329388973581482e-05,0.006456686458719587,0.006541186814430212,0.00010754798418109814,0.006667284926829696,12.412532951372365,0.024584253428665565,12.394094760529697,12.440444568172097,0.061070671057375486,0.001980599247951842,1.6359856054700146,0.0024264032478620618,1.6336340719584639,1.6384805198025516,0.006027519811927631,0.0014831446192125645,223.06968977985284,0.31367811784981875,222.70751642249525,223.25487597472966,0.7792196419015991,0.0014061888827629932,0.23621799999999835,0.0018725415883155637,0.2341200000000099,0.23772000000000115,0.004651651176355553,0.007927175694974883,46.47901153564453,307.99047355819874,307.37997110239695,502.3193224888629,0.2788003622513806,0.1706039235511734,1798.1479675986054,0.0011714813346142747,17.806127481162545,198,12.430831337813288,18.643268674286084,85.64004285994918,15.753064379505249,1.6360413700811507,1.701411853783478,1.7297764696812212,1.6430927120528909,223.2530347541906,226.74666476454587,297.73350840598346,224.4258388102224,True
main,primary,llama32_1b,llama_cpp_bf16,llama_cpp,bf16,none,llamacpp-bf16,llamacpp-bf16,,balanced,512,512,1,3,cresco8-hbm01,0,True,True,503.26385492550713,98.83147876789417,0.09569102135755982,98.77553879131652,98.94197033417215,0.2377096748302206,0.0009682241179684287,98.83147876789417,0.09569102135755982,98.77553879131652,98.94197033417215,0.2377096748302206,0.0009682241179684287,197.66295753578834,0.19138204271511963,197.55107758263304,197.8839406683443,0.4754193496604412,0.0009682241179684287,0.1930302319685433,0.00018689652608898402,0.19292097420179008,0.19324603580893,0.0004642767086527746,0.0009682241179684287,238.0150651714796,1.168300448715046,236.9908612903293,239.2875490857004,2.902219203307878,0.004908514710500933,1.1954622343950543,0.003975214491177403,1.1909871913298191,1.1985845284544179,0.009874980229830186,0.003325253091904656,239.21052740587461,1.1698890472272108,238.18767627373023,240.4861336141548,2.906165500780777,0.004890625257651098,0.0,0.0,0.0,0.0,0.0,,0.30138104246962455,0.00080505412553468,0.3006116703738968,0.30221757149771167,0.001999865313240883,0.0026712168719630713,2.4484807185443636,0.012371250780597885,2.440538202203118,2.4627347376041264,0.030731890605603916,0.005052623321433656,0.9895393758426141,0.003328178485004498,0.9875785304075881,0.9933821552662349,0.008267653686035754,0.0033633613439288178,0.013647115687258677,0.00011741802711330426,0.013513574437649075,0.013734185181014982,0.00029168254919148187,0.008603871309080274,1.8237250067805455,0.04639223128653553,1.7964912280701755,1.8772916157418724,0.11524469127112645,0.025438172484366254,99.74350103025859,0.04063459260862007,99.70001053183684,99.78049759176511,0.10094192390068434,0.00040739087949492566,0.9864044685917861,0.00944183278156791,0.978118264368103,0.9966837194100764,0.023454812880733363,0.009571968783806596,2.5069096883138022,0.004494034497154495,2.5018997192382812,2.5105857849121094,0.011163800572288413,0.0017926591125734857,0.014663465960755852,3.954740677313934e-05,0.014639036676056602,0.01470909324920381,9.824120456708586e-05,0.0026970026649211663,0.36557165812700987,0.008645863241527255,0.3556965817697346,0.3717792755924165,0.021477514928913807,0.023650255837183744,0.009406000857811911,1.8940459381661947e-05,0.009388259443438043,0.009425947334209126,4.705070942786178e-05,0.002013656990678609,5.178813257099439,0.008950591421495036,5.168639778159559,5.185477441176772,0.02223450169260481,0.0017283093591422723,0.009371999999999997,6.082762530079861e-06,0.009365000000000236,0.009375999999999749,1.5110419792593234e-05,0.0006490356946308005,2.3253211975097656,518.8438536218082,502.3193224888629,502.3193224888629,0.47621207605681587,0.47621207605681587,2420.3823047731453,0.007592768772096843,2.024226635694501,24,0.3627999401651323,0.4804375220555812,0.4850114801339805,0.3783812734376018,0.009403795795788563,0.009469957547462791,0.009473545955012893,0.00939489961817462,5.177513028960675,5.2080066032707695,5.233762782765552,5.179174978324833,False
main,primary,llama32_1b,llama_cpp_bf16,llama_cpp,bf16,none,llamacpp-bf16,llamacpp-bf16,,balanced,512,512,2,3,cresco8-hbm01,0,True,True,503.26385492550713,155.29536679559064,0.24352419647421977,155.11141031643007,155.57152984616127,0.6049476401853061,0.001568135621166093,129.6104180599959,0.19425345309670677,129.38619393906473,129.7277322098955,0.48255232847525326,0.0014987487580418726,284.90578485558655,0.4010311082332323,284.4976042554948,285.29926205605676,0.9962164995472007,0.0014075920165556046,0.2531453477734295,0.0003794012755795054,0.2527074100372358,0.25337447697245213,0.000942485016553229,0.0014987487580418726,189.52362051471982,0.36174047630875494,189.1068880721589,189.7566185383703,0.8986131590651051,0.0019086828086457934,1.3625551274156615,0.0013392600604042227,1.3612465335907804,1.3639230798195727,0.003326906421891155,0.0009829033948478678,190.8861756421355,0.360601763048095,190.4708111519785,191.11911430720693,0.8957844385114295,0.0018890931301601137,0.0,0.0,0.0,0.0,0.0,,0.2895396875064901,0.0007008856736631495,0.2888745480321216,0.290271547660882,0.0017410965335721647,0.002420689473347031,2.530890978935559,0.0036604408281555876,2.5266831694077463,2.5333406889765553,0.009093039102851905,0.0014463052176570221,0.9975997119132884,0.0004764293717227472,0.9972181327353195,0.9981336967010236,0.0011835161692819928,0.0004775756909642718,0.013161260924591816,0.001877549809836249,0.011002458341845515,0.0144134969490543,0.004664092288303887,0.1426572894948118,3.0702367979143617,0.36743056220055365,2.778833107191316,3.4829931972789114,0.9127481160120208,0.11967499133947987,77.37134584141869,0.2061580131691783,77.1666656964614,77.57895060450657,0.512124895093077,0.002664526652951371,1.938088504142879,0.0237352083239674,1.9110524151864412,1.9554985320019485,0.058961526093817766,0.012246710237035491,2.546736399332682,0.004709420034128751,2.542003631591797,2.551422119140625,0.011698847907251756,0.001849198069875922,0.01935022443289691,0.00014762395678537228,0.019213186047666975,0.019506539942901323,0.0003667182382083443,0.007629056567137273,0.3693382441997528,0.007039329841293406,0.36499366723001003,0.37745995726436377,0.017486664724206416,0.01905930390865847,0.012589134760103773,1.099172157348803e-05,0.01257708692584194,0.012598616307976778,2.730495007776129e-05,0.0008731117573164674,6.8019143001486855,0.009555622635290481,6.791885086335242,6.810912759043276,0.023737482547580156,0.0014048431388030869,0.011871333333333345,9.865765724552744e-06,0.011860000000000127,0.011878000000000156,2.450792069165529e-05,0.0008310579315341777,2.3487586975097656,518.8438536218082,502.3193224888629,502.3193224888629,0.3800096215617262,0.3800096215617262,1229.1816965673086,0.003865329520605195,2.1169900894165012,12,0.3732290039770305,0.7043288663960994,0.7053854423947632,0.4330880270184328,0.012590410769233614,0.012682547217413579,0.01270539811267399,0.012410336456869698,6.80530676105991,6.849663115432486,6.854897228507325,6.774769956478849,False
main,primary,llama32_1b,llama_cpp_bf16,llama_cpp,bf16,none,llamacpp-bf16,llamacpp-bf16,,balanced,512,512,4,3,cresco8-hbm01,0,True,True,503.26385492550713,232.50316787039446,0.587534806168516,231.93043025004903,233.10445867430573,1.4595173689691314,0.0025269969934174352,233.02113261533668,3.3791106506629855,229.1510070551895,235.38629410611003,8.394176199489117,0.014501305580044132,465.52430048573115,2.9166817787646475,462.25546572949526,467.86090879293874,7.245439199804293,0.006265369553686805,0.45511939963932946,0.006599825489576144,0.447560560654667,0.45973885567599615,0.01639487538962718,0.014501305580044132,146.74564457769233,0.8275855477901598,145.98524057992375,147.62708220883385,2.055836468965091,0.005639591895022184,1.8889319432925504,0.018271354704180825,1.868068507087797,1.90208030914972,0.045388561265422386,0.009672849659333136,148.6345765209849,0.809882714082878,147.8873208890735,149.49515071592165,2.0118601921479873,0.005448817718187768,0.0,0.0,0.0,0.0,0.0,,0.41026213552381713,0.0028092360504642813,0.40711342377789483,0.41251178240297226,0.006978529214166875,0.006847417314974697,2.4472132421573387,0.0004030364198282541,2.4468892076551914,2.447664550933991,0.0010011979697042046,0.00016469199041803061,0.9969859649290478,0.0002190586254437163,0.9967413189142625,0.9971639469605835,0.000544171792548926,0.00021972087185731444,0.013511798030377229,0.000976613471473077,0.012667460811961982,0.014581342008950877,0.002426042354289676,0.07227857234673389,7.438260145587921,0.006235936346598547,7.431059506531205,7.441860465116279,0.015490924646660027,0.0008383595389974974,57.36111231450718,0.04811504222696449,57.33333242115462,57.41667077966555,0.11952439089846209,0.0008388094352695412,3.8995117784892774,0.05094075913827558,3.8568511157127925,3.9559136343694363,0.1265438608405806,0.013063368450193708,2.6330235799153647,0.007317037174229046,2.6254959106445312,2.6401100158691406,0.018176527982781444,0.0027789485935649097,0.024515247353386588,0.00016014394892648273,0.024345168188160786,0.024663143061753774,0.0003978196228368945,0.006532422317344479,0.3840104538636903,0.0024601202082887618,0.38193830102682114,0.3867293340153992,0.006111277384849191,0.006406388637435413,0.016932425296951065,1.2124532956576269e-05,0.01692023757506169,0.016944485637240856,3.0119009554790838e-05,0.0007160541236085932,9.040248689552149,0.004752110945466192,9.034770246595144,9.043257272336632,0.011804898010054082,0.0005256615286433685,0.014573833333333465,9.25112605751282e-06,0.014568000000000211,0.014584500000000049,2.298107111562375e-05,0.000634776441168263,2.3956336975097656,518.8438536218082,502.3193224888629,502.3193224888629,0.29589659379324457,0.29589659379324457,639.2766638035387,0.008290151673220338,2.1573266014456722,9,0.39117810875177383,0.40746216252446177,0.40754062190651896,0.38789549997697276,0.016953568632209603,0.016985335720086984,0.016987244200741474,0.016944618652845873,9.039542538113892,9.075205254368484,9.078162523917854,9.046595631581214,False
main,primary,llama32_1b,llama_cpp_bf16,llama_cpp,bf16,none,llamacpp-bf16,llamacpp-bf16,,balanced,512,512,8,3,cresco8-hbm01,0,True,True,503.26385492550713,282.0013261284583,0.4451507157179148,281.4919803570892,282.31586823491165,1.1058156803275225,0.0015785412140761994,272.07415947946885,1.1644997703270998,271.1738534837418,273.38926712969015,2.8927777947941467,0.004280082211978587,554.0754856079272,0.7606042733132687,553.3699832771159,554.8812474867793,1.8894457590559461,0.0013727448570996419,0.5313948427333376,0.002274413613920117,0.5296364325854332,0.5339634123626761,0.005649956630457318,0.004280082211978587,99.41896759949668,0.2102232086320101,99.17654323149388,99.55097870920257,0.5222234004479338,0.002114518121721819,2.036971591705605,0.004898795737732148,2.0323055526124953,2.04207395396591,0.01216928323426221,0.0024049406273900314,101.45593919120228,0.21090743690008756,101.21307850003228,101.59305266316848,0.5239231176921106,0.002078808185912258,0.0,0.0,0.0,0.0,0.0,,0.48654651677284,0.00011671240710804986,0.4864118352413332,0.48661803483151994,0.0002899296919262639,0.0002398792367935928,2.4193216861849574,0.0018677147524142235,2.4173529077906877,2.421068500540438,0.004639660651264604,0.0007719993430718318,0.99305358059335,0.0005842519233879511,0.9925029820015498,0.9936664909124903,0.001451362236050674,0.0005883387712462204,0.014833450254371312,0.0001812831994567136,0.014657404614538723,0.015019552368367516,0.0004503324322771792,0.01222124295750348,14.628959039745695,0.02145219081404554,14.607703281027105,14.650602409638553,0.053290196200834535,0.0014664195009201732,34.99912112802675,0.05132128582506758,34.94736879620278,35.05000022360357,0.12748914153356802,0.0014663592733467324,7.952463130396112,0.026423194975318115,7.9221686597689445,7.970751865314727,0.06563885510311956,0.0033226428770631693,2.7955042521158853,0.008085511897718195,2.787456512451172,2.8036270141601562,0.02008552502392775,0.0028923268106633582,0.034426365011050286,0.0006004287503618607,0.03373307292964982,0.03477793564936488,0.0014915477019930227,0.017440956957527558,0.39465495850890875,0.0012996489302394246,0.39324662182480097,0.3958080457523465,0.0032285069196437283,0.00329312707776377,0.028283583020350358,0.0001194075106562423,0.028205035339107776,0.02842099375479696,0.0002966247002874009,0.004221795752338989,14.845828188428035,0.057057870661036396,14.806295132730156,14.91123958164826,0.14173960826125323,0.0038433605681568936,0.022901999999999968,5.4580216196120965e-05,0.022869000000000368,0.022965000000000145,0.00013558477336827023,0.002383207414030261,2.4893836975097656,518.8438536218082,502.3193224888629,502.3193224888629,0.20197498811814407,0.20197498811814407,359.77096972972276,0.004839653210705926,2.1670114248990986,12,0.39860397577285767,0.40727334283292294,0.4092894535511732,0.3902491842551778,0.028315283424620117,0.028431610174754127,0.028440593319658897,0.028328696889887862,14.866278667002916,14.920052771549672,14.93314799984917,14.866213294987878,False
main,primary,llama32_1b,llama_cpp_bf16,llama_cpp,bf16,none,llamacpp-bf16,llamacpp-bf16,,balanced,512,512,16,3,cresco8-hbm01,0,True,True,503.26385492550713,320.1035937349254,0.08359879875821304,320.0134994803452,320.1786579927004,0.20767092865230366,0.00026116170013211525,275.0378295764153,2.3254878293536754,273.65051233965596,277.72257001328325,5.7768320151138814,0.00845515627044887,595.1414233113406,2.392049225579857,593.6640118200012,597.9012280059836,5.942179689626095,0.0040192954680764795,0.5371832608914361,0.004541968416706397,0.5344736569133905,0.5424268945571938,0.0112828750295193,0.00845515627044887,62.30006080159703,0.11383830464365119,62.1934262518799,62.419943564579015,0.28279002560701666,0.0018272583233294856,2.290617677997868,0.009872114879898081,2.284800878626968,2.3020162064226795,0.024523692867886405,0.004309804719802424,64.5906784795949,0.12295253172034118,64.47822713050687,64.72195977100169,0.3054310208016782,0.0019035646414394549,0.0,0.0,0.0,0.0,0.0,,0.6088316228420934,0.0011216711407194923,0.6075743132367414,0.6097295833542153,0.002786385580843302,0.0018423339042137913,2.025197850312745,0.0034824814074777173,2.0214766167584735,2.0283783126790884,0.008650963394784765,0.0017195758957278809,0.8476823210894557,0.0011818365238847651,0.8465408028740279,0.8489007218357885,0.0029358446781060643,0.001394197442227943,0.012878854610316159,0.00035083126450069155,0.012485597718092347,0.013159710953766213,0.0008715131746072228,0.02724087468303822,27.02048175506421,0.5409643095792649,26.406876790830946,27.428571428571427,1.3438298421368324,0.0200205279270373,19.873108791239957,0.09515997178958664,19.764703829395945,19.942857764264474,0.23639047457160975,0.00478837874784508,15.966183585668047,0.022446049885056427,15.940359699748585,15.981011342412154,0.055759078999297836,0.0014058494169643017,3.130041758219401,0.000351539065763253,3.1297607421875,3.1304359436035156,0.0008732714504159761,0.0001123113021863435,0.04032101485948653,0.00036511519545649827,0.04006132237706057,0.04073848753703981,0.0009069964261665802,0.009055208474510797,0.402616947889328,0.004906566794992997,0.39703341852873564,0.40624090703204274,0.012188587610664053,0.012186687174285872,0.050980595844771666,7.557329513867896e-05,0.050907238336451305,0.051058205393181275,0.00018773447245523032,0.0014823933280181426,26.443119610815,0.03932036728751586,26.40924576111138,26.48623883910477,0.09767720721879218,0.0014869791411235072,0.039998833333333095,3.376512006948527e-05,0.03996450000000004,0.04003199999999924,8.387720810638629e-05,0.0008441526228553034,2.6768836975097656,518.8438536218082,502.3193224888629,502.3193224888629,0.1285848972712511,0.1285848972712511,201.7804928257573,0.003867502478587362,2.1947992965579006,12,0.40608628327026963,0.4293336611241102,0.4300896071642637,0.4086778251609455,0.05141668162379713,0.0515629480027005,0.05157803026571097,0.051393341657323476,26.69153700582683,26.743475521402434,26.751243651369588,26.670675412053242,False
main,primary,llama32_1b,llama_cpp_bf16,llama_cpp,bf16,none,llamacpp-bf16,llamacpp-bf16,,balanced,512,512,32,3,cresco8-hbm01,0,True,True,503.26385492550713,326.12931347211685,0.5169901640163794,325.53395498124365,326.464940447374,1.2842747630370765,0.0015852305900143522,311.827158409516,0.3937972284012358,311.3931793238413,312.161718662967,0.9782465458542681,0.0012628702080018004,637.956471881633,0.5517300016430347,637.4605322229835,638.5507636507002,1.3705733037855339,0.0008648395712888122,0.609037418768586,0.0007691352117211637,0.6081898033668776,0.6096908567636075,0.0019106377848716173,0.0012628702080018004,39.35331512571747,0.05844529312382757,39.28957862544917,39.404395252087205,0.14518615672320231,0.0014851428129274286,2.4077285466913563,0.003243349621342635,2.405723297052208,2.411470431845361,0.008056927106768393,0.0013470578424630009,41.761043672408825,0.05926913476083257,41.69530192250137,41.810387163263705,0.14723269280219656,0.0014192445769738078,0.0,0.0,0.0,0.0,0.0,,0.7360315799101341,0.0007150626542643814,0.7352159540994312,0.7365506605206386,0.0017763141057224377,0.0009715108342928534,1.7256928566076493,0.0034830549846543747,1.7228802698524037,1.7295888666025376,0.0086523882394799,0.002018351626894563,0.7299244838088171,0.0003652227606278851,0.729540387140772,0.7302673299448068,0.0009072636328652931,0.0005003569118850722,0.009940887723552594,0.0002560509087123678,0.00964555052165865,0.010100557188448543,0.000636065718460334,0.025757348421279865,60.775421596573864,0.11742158700917811,60.681481481481484,60.90706319702602,0.291691392463072,0.001932057136330875,10.172955966984768,0.019638456845186014,10.15094330052896,10.188679383409863,0.048784631249707985,0.0019304572740627707,31.967778740749992,0.023052914772160343,31.941350094247895,31.983746582212863,0.057266614951289777,0.0007211297024767728,3.803155263264974,0.005432927594421938,3.797191619873047,3.8078231811523438,0.013496140322512538,0.0014285316318529207,0.04424455612034237,0.00032300083206370227,0.043871765291412616,0.04444094082473406,0.000802378547856178,0.007300351961609934,0.4306233301758766,0.000290050749000697,0.43032835330814123,0.43090819008648396,0.0007205260039140607,0.0006735602292663371,0.09888732342677653,0.0002370325640234721,0.0986136469129772,0.09902737271988403,0.0005888215312035816,0.0023969964582870778,50.969999687435724,0.11630485719258794,50.83691733144224,51.05214966740459,0.28891728181184434,0.0022818296626605137,0.07606633333333108,7.854510381645301e-05,0.07598299999999654,0.07613899999999921,0.0001951168544637957,0.0010325869589672436,3.0518836975097656,518.8438536218082,502.3193224888629,502.3193224888629,0.08313644688301779,0.08313644688301779,128.05059415255576,0.004345704150840177,2.153417840600011,102,0.43131730519235134,0.48893051780760277,0.5212431647907941,0.44401180419121306,0.09886523470402843,0.09920506637867853,0.09921527571813978,0.09885180551767576,50.96322159701958,51.12919344711118,51.18251640668139,50.95728442372352,True
main,primary,llama32_1b,llama_cpp_bf16,llama_cpp,bf16,none,llamacpp-bf16,llamacpp-bf16,,balanced,512,512,64,3,cresco8-hbm01,0,True,True,503.26385492550713,295.4520175871267,5.1114215193489265,292.3709186696796,301.3522404331745,12.697474956866838,0.01730034393094508,275.4813096713282,20.499882286109486,251.84343471868092,288.38805436246696,50.924530673367144,0.07441478447509753,570.9333272584548,15.409532349631217,553.1956751518554,581.0209480209929,38.27940043015558,0.026990073295643333,0.5397397481010737,0.037115570837759126,0.4969526538827064,0.5632579186766933,0.09220018921121824,0.0687656800677365,24.08206074887787,0.07928091499789276,24.00605945055304,24.164257726763473,0.19694471076833775,0.0032921150654263236,2.2262730296479565,0.03817784024018161,2.1823974992580517,2.251919010068356,0.09483901269381442,0.017148768247090843,26.308333778525824,0.05091376262724179,26.250562030170503,26.346655226021525,0.12647679778943588,0.0019352712739565492,0.0,0.0,0.0,0.0,0.0,,0.8450328961734493,0.004309788911728443,0.8422955720763584,0.8500008044006093,0.01070610916530804,0.005100143356837822,1.3353615236815317,0.017982108051059056,1.3146690281398823,1.3471983019465366,0.04467003274640503,0.013466097182044898,0.57960046788099,0.0066469428310674435,0.5720203525618683,0.5844337119146431,0.01651192135450314,0.011468146075465674,0.00842100322416962,0.00048702012241497855,0.008037261176263244,0.008968887071120191,0.0012098250524723104,0.057833978856242835,119.35932846175065,11.033727052602138,106.62039045553145,125.90970220941402,27.40929747252879,0.09244126282210072,4.6096076963001,0.08188821106547527,4.558951989261313,4.704081617095979,0.20342159325551779,0.017764681174756543,63.944550221144624,0.012177253903881293,63.93146611016237,63.95555210202388,0.03024997564819045,0.0001904345853050449,5.123746236165364,0.0008468312896275904,5.1228485107421875,5.124530792236328,0.0021036455420540634,0.00016527580613776903,0.04223942078601941,0.0004418826047810106,0.04174086894352553,0.042582743406663605,0.001097697242702975,0.010461379359805683,0.532482048496604,0.0019474041640887957,0.5311276987195015,0.5347137926146388,0.004837620124032605,0.003657220313035991,0.21903580275715973,0.0006402600176991109,0.21855092386910127,0.21976156635556204,0.001590494055292295,0.0029230838504011756,112.47852563066408,0.34171642000829766,112.22145682573318,112.86630284180865,0.8488706456669273,0.0030380592036773494,0.17103199999999985,0.0001804355840743231,0.1709080000000049,0.1712390000000014,0.00044822683894072323,0.0010549814308101599,3.8018836975097656,518.8438536218082,502.3193224888629,502.3193224888629,0.05237372444319841,0.05237372444319841,89.06062684298693,0.008089027284022615,2.312298677861688,167,0.5318767828866839,0.6367094657383857,0.7846888823434714,0.5518201851637331,0.21893988809969328,0.22092817856250385,0.2213605499478994,0.2190626085444107,112.41094299405813,113.43532760506496,113.73235899211839,112.49281315135764,True
main,primary,llama32_1b,llama_cpp_bf16,llama_cpp,bf16,none,llamacpp-bf16,llamacpp-bf16,,decode,128,512,1,3,cresco8-hbm03,0,True,True,495.10253293849786,108.7403383523695,0.16820784610523645,108.62330765433782,108.93309878055037,0.41785145392231376,0.0015468762434798064,27.185084588092376,0.04205196152630911,27.155826913584455,27.23327469513759,0.10446286348057844,0.0015468762434798064,135.92542294046186,0.21025980763154448,135.77913456792226,136.16637347568795,0.5223143174028895,0.0015468762434797986,0.2123834733444717,0.00032853094942428995,0.21215489776237856,0.21275995855576244,0.0008161161209420191,0.0015468762434798064,259.5039866101608,0.3558707927950155,259.2773554906535,259.9141569709834,0.8840320568925856,0.0013713500029177645,1.2160571013834376,0.0008328355617998139,1.2151124842097063,1.2166855793313105,0.00206887822675369,0.000684865505782866,260.7200437115442,0.35506374562920284,260.49372873126276,261.12926945519314,0.8820272405928292,0.001361858262121338,0.0,0.0,0.0,0.0,0.0,,0.2528029775318341,0.00034659074902896545,0.25240540411925183,0.25304147171246216,0.0008609791502066472,0.0013709915619380755,2.434779655288891,0.002624546593985437,2.4319508909669856,2.4371357455427987,0.006519735170365106,0.0010779400872207591,0.9895920904763077,0.0002907872395737019,0.9893076940479298,0.9898888727205364,0.0007223555479208109,0.0002938455575506277,0.014330997759745882,0.0006738107176501954,0.013698021999457992,0.015039311045378352,0.001673838614296404,0.047017711463388255,1.1421946830154166,0.0014511426597836393,1.1405940594059405,1.143424317617866,0.0036048382062982176,0.0012704862676760093,109.00824924608605,0.1566926402455629,108.91665193019203,109.18917759099297,0.3892460967877303,0.0014374383712174787,0.9824820315606875,0.001719236613209109,0.9810926338085092,0.9844047186072734,0.004270820506294663,0.0017498911511674934,2.45587158203125,0.0030677922534845256,2.452556610107422,2.4586105346679688,0.007620818428696438,0.0012491663961301904,0.01596927394722279,6.318139353027116e-05,0.015915635699957575,0.016038919374818775,0.0001569512823494849,0.003956434947454766,0.11952982392782967,0.0013683091343550818,0.1181782865896821,0.1209143097512424,0.003399068321983908,0.011447428678396168,0.008980902798524868,2.8497997788025104e-06,0.00897763424084582,0.008982866860328356,7.079295101461065e-06,0.00031731773995712277,4.708942161872983,0.00417021884220694,4.704791035503149,4.713131214492023,0.01035939789217806,0.0008855956813341352,0.008991666666666561,2.0816659995086313e-06,0.008989999999999781,0.008993999999999915,5.171145012647835e-06,0.00023151058381931297,2.3136024475097656,518.8438536218082,502.3193224888629,502.3193224888629,0.5190324800163839,0.5190324800163839,2397.639165689807,0.006569701179179341,1.7060849815607044,24,0.11991808377206326,0.1700440600514411,0.19795412676408886,0.12546114778767029,0.00897763424084582,0.00903126791141446,0.009051692893750483,0.00896691468049786,4.707983781583607,4.736252310639247,4.741725416146219,4.707554549522077,False
main,primary,llama32_1b,llama_cpp_bf16,llama_cpp,bf16,none,llamacpp-bf16,llamacpp-bf16,,decode,128,512,2,3,cresco8-hbm03,0,True,True,495.10253293849786,169.43628751727456,0.65144860891249,168.74103935969117,170.03262385870462,1.6182880566668087,0.003844799826873407,37.509174470531924,0.08229633903701121,37.446000412691525,37.60223886301692,0.2044354393408304,0.002194032265403898,206.9454619878065,0.726375107530743,206.18703977238272,207.63486272172156,1.8044157974938198,0.003509983261065864,0.29304042555103066,0.0006429401487266501,0.29254687822415254,0.2937674911173197,0.0015971518698502374,0.002194032265403898,206.67918771568802,0.8449135680975259,205.7055175136109,207.2194427638032,2.0988816576805944,0.004088043781456146,1.1637323632245977,0.002807199845488058,1.1611452540449985,1.166717225161432,0.006973471000596585,0.002412238358405329,207.84292007891258,0.8454379884649839,206.86885212407827,208.38615998896464,2.100184390092207,0.004067677591057675,0.0,0.0,0.0,0.0,0.0,,0.2331653573554893,0.0010082858492374536,0.23205153491180583,0.23401584995741623,0.0025047209023149664,0.004324338146426262,2.5061964318280774,0.007113256484029147,2.500595735067664,2.5141999104830326,0.017670308685329365,0.00283826774058591,0.9965085660784446,0.0008670746594742893,0.995695938533045,0.9974213833747707,0.0021539328605031578,0.0008701126001219278,0.015534903380654335,0.0007338503391788786,0.014694018827796505,0.016046016473153082,0.0018229853023350232,0.04723880935704723,1.8888632448042575,0.009064435849023694,1.8795888399412628,1.8977020014825796,0.02251730692830138,0.0047988841298900065,84.7083307356081,0.40665170055257077,84.31249859150924,85.12500075810385,1.0101788248900436,0.004800610483304332,1.9418255504600392,0.019715072035914667,1.9218396076714426,1.961258099891491,0.04897495393428999,0.010152854375226424,2.4938316345214844,0.0017464315687151268,2.4919471740722656,2.4953956604003906,0.004338376520836534,0.0007003005112854107,0.020677439473803197,0.00010751208997195102,0.020591068135365303,0.020797851067506555,0.00026707483716841804,0.005199487591689531,0.13364699420829615,0.0017928837302684886,0.13157697953283787,0.13470867555588484,0.004453770087143559,0.013415069608480542,0.011687799811300038,2.7579861473358457e-05,0.011660129688461467,0.01171528851638918,6.851217397081976e-05,0.0023597137116169293,6.110089881966512,0.014404031697103054,6.094035187736154,6.121880369260907,0.0357815983400208,0.0023574173171519966,0.01141366666666651,3.214550253635604e-06,0.011409999999999854,0.011415999999999713,7.985385511372793e-06,0.00028164045328427746,2.3253211975097656,518.8438536218082,502.3193224888629,502.3193224888629,0.4137665241486321,0.4137665241486321,1226.6729668249716,0.00727905930931005,2.1127246320247624,12,0.12754889018833637,0.1384479606989771,0.14112613682635128,0.12713948575158915,0.011681048410038834,0.011795275139124834,0.011813815696212352,0.01170019294358231,6.095740159507841,6.152876968495548,6.1533387189731,6.10593807992215,False
main,primary,llama32_1b,llama_cpp_bf16,llama_cpp,bf16,none,llamacpp-bf16,llamacpp-bf16,,decode,128,512,4,3,cresco8-hbm03,0,True,True,495.10253293849786,275.3457270751035,0.5225825010380829,274.7438157718017,275.6836902612486,1.2981668983295078,0.0018979139665223238,74.61556882330841,0.9733218509183468,73.52654944687225,75.40066742187996,2.4178655155368975,0.013044487447696044,349.9612958984119,1.0076727416255225,349.1362246391325,351.08435768312853,2.503197858574807,0.00287938338735045,0.5829341314320969,0.007604076960299584,0.5744261675536895,0.5890677142334372,0.018889574340132012,0.013044487447696044,172.6652675487326,0.9326272989994581,171.95132508122063,173.72045672385877,2.3167746444524044,0.005401360170691165,1.4701822484437466,0.004739861605991003,1.4647299964231646,1.4733218946736066,0.011774468963919734,0.003223995944045956,174.13544979717634,0.9279182571360005,173.42464697589426,175.18518672028193,2.305076735973179,0.005328715423635969,0.0,0.0,0.0,0.0,0.0,,0.32339024073647,0.0016345413635832791,0.3215888418476584,0.3247787382967044,0.004060425842693031,0.005054392983105707,2.4180268010516945,0.0036837648958969755,2.4148362838810487,2.422058362973243,0.009150979299119706,0.001523459084198224,0.9966779793357178,0.0002953906532237085,0.9963459038584628,0.996911471103627,0.0007337910613715784,0.00029637521782169333,0.014352527377519228,0.001038217336162746,0.013183610143032988,0.015167462916165879,0.002579074837754847,0.0723368998960375,5.147339607259288,0.419583337654361,4.6630236794171225,5.40084388185654,1.0423027922892705,0.08151460165220555,68.11309594290935,0.46577329185943717,67.71427944393848,68.62500028760405,1.1570449994341208,0.006838234048997514,3.9156516821609,0.02511093220936336,3.889484492614412,3.939552742434522,0.06237901367848555,0.006412963728046818,2.566748301188151,0.0036311316265409156,2.563274383544922,2.5705184936523438,0.009020231009819605,0.0014146816128640508,0.02720395706753728,0.00018501173348917538,0.026999786060816006,0.02736049430677003,0.0004595946242767621,0.006800912566868866,0.1317579559981823,0.004702705635178654,0.12876578187569976,0.13717840425670147,0.011682168415608086,0.035692005082740744,0.014663448679672198,4.1498737849724876e-05,0.014618700590720965,0.014700666970323677,0.00010308857968254236,0.0028300803416903,7.631491951023539,0.01976555190482771,7.611377818044275,7.650889428798109,0.049100352880341085,0.0025899983950290017,0.013335999999999994,1.4857657958170413e-05,0.01332549999999992,0.013353000000000066,3.6908468442178534e-05,0.00111410152655747,2.3487586975097656,518.8438536218082,502.3193224888629,502.3193224888629,0.3466628536891236,0.3466628536891236,632.423660896216,0.0038954224944487193,2.142918109893796,6,0.13617294281721115,0.1550456378608942,0.15518495701253415,0.1398846972733736,0.014373753874138027,0.014427340466897285,0.014433869183584755,0.01438458412047293,7.482922308612615,7.521038108505309,7.529059131629765,7.4904071828350425,False
main,primary,llama32_1b,llama_cpp_bf16,llama_cpp,bf16,none,llamacpp-bf16,llamacpp-bf16,,decode,128,512,8,3,cresco8-hbm03,0,True,True,495.10253293849786,341.65631939140303,1.9569301146528093,339.4115900973957,343.0033354819897,4.861283897068941,0.005727773799526715,80.33677191995972,13.15260471043487,66.74095810746596,92.99611173556899,32.672881368936295,0.1637183620414688,421.9930913113628,11.442495371085366,409.7442935894557,432.4077018329647,28.424734267841746,0.027115361854686507,0.6276310306246853,0.10275472430027242,0.5214137352145778,0.7265321229341327,0.2552568856948148,0.1637183620414688,113.2175365646981,0.5947831886688529,112.53236600433797,113.60102439901534,1.4775233492874091,0.005253454603553968,1.653933723124687,0.012735636304288938,1.640171732585156,1.6653038323791398,0.031637074426620754,0.007700209582901661,114.87147028782277,0.6069929460588428,114.17253773692313,115.26632823139448,1.5078540680712054,0.005284105309507721,0.0,0.0,0.0,0.0,0.0,,0.3939437176055322,0.0031085839314838157,0.3915028162771057,0.39744337747202235,0.00772215057434005,0.007890934142517625,2.3862086697564586,0.008004315604641838,2.37812616295013,2.3941324327981106,0.019883822250242433,0.0033544072260280468,0.9898293648850328,0.002569127366968872,0.9868669773861652,0.9914469795185831,0.006382066178577205,0.00259552550986126,0.014431468985893335,0.0017562569553880372,0.013185317806621884,0.016440101836038036,0.00436278413440324,0.12169633992941167,7.625713557513028,0.9234767987478452,6.794055201698514,8.61952861952862,2.2940435416959923,0.12110037857873833,42.707247723129306,0.24300823151642348,42.42857000604277,42.874995173406745,0.6036659121757028,0.005690093472935639,7.9421889302498165,0.020755706324361075,7.920420405306943,7.961756385474022,0.051560032814360175,0.002613348348502233,2.6668306986490884,0.0035238106399883657,2.6628341674804688,2.6694908142089844,0.008753630899862166,0.001321347711263932,0.034522534405356235,0.001659362446554433,0.03341576189383121,0.03643045921163496,0.004122084830948158,0.04806606684985966,0.13329806985954443,0.0016065538035972353,0.13146372325718403,0.13445481471717358,0.0039909008894718255,0.01205234108258322,0.024003985808130693,0.0002397040317108279,0.023757832718980288,0.02423667309736494,0.0005954578248314646,0.009986009558030763,12.39450429767991,0.11843441096846272,12.272426986135542,12.508924197405577,0.2942073866556952,0.00955539714409007,0.022249833333333583,0.00021358975474816021,0.022005000000000167,0.02239800000000059,0.0005305863646134089,0.009599611446444894,2.3956336975097656,518.8438536218082,502.3193224888629,502.3193224888629,0.2286821651985518,0.2286821651985518,336.2311886969435,0.004505101113063555,2.1868532523512814,72,0.13358650775626302,0.21202789195813238,0.23906264684163048,0.1410645950301033,0.023393650685023304,0.026786930931261842,0.027064856285896378,0.021834059169155103,12.086687790695578,13.825309018418194,14.057783263977617,11.298268830468361,False
main,primary,llama32_1b,llama_cpp_bf16,llama_cpp,bf16,none,llamacpp-bf16,llamacpp-bf16,,decode,128,512,16,3,cresco8-hbm03,0,True,True,495.10253293849786,383.73584143358585,1.2711525944902373,382.43061328228066,384.96993080816316,3.157718097362473,0.0033125719759232834,93.21149366033369,0.6246676610575758,92.54440313457776,93.78263597623663,1.551760494143997,0.006701616254899734,476.94733509391955,1.7423498417126924,474.9750164168584,478.2773726783498,4.3282369488607175,0.0036531283718559664,0.7282147942213569,0.004880216102012311,0.7230031494888888,0.7326768435643487,0.012123128860499977,0.006701616254899734,69.22682380920354,0.2835175260415029,69.00636485020117,69.54664950317289,0.7042965783818536,0.004095486553346825,1.9592025070396044,0.007580343993083079,1.950746802288547,1.9653892897165168,0.01883061838125776,0.003869096719632692,71.18602631624313,0.28767751532794655,70.96783627931492,71.5120387928894,0.7146305646487856,0.004041207666936519,0.0,0.0,0.0,0.0,0.0,,0.50171722303435,0.0011530525352952562,0.501002932016706,0.5030474417191128,0.0028643412865562742,0.002298211985471969,1.9270197990057099,0.006241677217152601,1.920621143232984,1.9330916584775812,0.01550518575970163,0.00323903118191787,0.812737753548487,0.001114820026950961,0.8116382658605816,0.8138672980569782,0.002769366470763402,0.0013716848049491431,0.010765753395116541,0.00037575800773516235,0.010393080363239516,0.011144522207878605,0.000933434637507089,0.034903085176148485,18.803737622171173,0.5204867286743067,18.224455611390283,19.23205342237062,1.2929607111654071,0.02767996124667308,23.91888854560923,0.04004792875644049,23.879997749313926,23.96000110947644,0.09948457010136433,0.001674322311426634,15.968237606313364,0.0037184371797274224,15.963952648225048,15.97061699398043,0.009237110026935431,0.00023286459479142916,2.880931854248047,0.004105310841839191,2.87640380859375,2.884410858154297,0.010198157480670229,0.00142499408161486,0.04829092319197013,6.865860784466087e-05,0.048216324552121784,0.048351466578465147,0.00017055743698319914,0.0014217704551168636,0.14683402500425777,0.0025621425147981857,0.14480543183162808,0.14971330994740129,0.006364714843889001,0.017449242535739866,0.041771484431686136,0.0001421758884942113,0.04162891315653512,0.04191326160701958,0.00035318448631008014,0.0034036589895848303,21.500326151959598,0.07147218351210619,21.432259409222752,21.574775632936507,0.17754674640356313,0.00332423717700636,0.03818100000000004,4.624121538121673e-05,0.038129000000000815,0.038217499999999294,0.0001148695469656499,0.0012111054027190665,2.4893836975097656,518.8438536218082,502.3193224888629,502.3193224888629,0.14171468850438543,0.14171468850438543,185.50805524928649,0.005143374459615965,2.2065805271267864,12,0.15184787288308144,0.170672546653077,0.17419880992732942,0.15277468878775835,0.04176393426397046,0.04197953493460109,0.041980542754371686,0.04176889940721468,21.493943413719535,21.592847922444342,21.59553189083934,21.49668228587446,False
main,primary,llama32_1b,llama_cpp_bf16,llama_cpp,bf16,none,llamacpp-bf16,llamacpp-bf16,,decode,128,512,32,3,cresco8-hbm03,0,True,True,495.10253293849786,396.7362447461487,0.27305151087841895,396.5234639978927,397.04413051097265,0.678297555423486,0.0006882444306371118,88.56950308981281,0.46729812970087486,88.0301778347094,88.85378570121094,1.1608329066203402,0.00527606132358016,485.30574783596165,0.2134695152165294,485.0743083456821,485.49492543079185,0.5302876730584416,0.00043986603531570844,0.6919492428891626,0.003650766638288085,0.6877357643336672,0.6941702007907105,0.009069007082971408,0.00527606132358016,40.71171254040875,0.038826063787239,40.68258127214259,40.7557907165556,0.09644928925270424,0.0009536828928211228,1.8587599189222654,0.0011505284570042763,1.857573748966577,1.8598711412926447,0.002858071128486241,0.0006189763644523648,42.57047245933102,0.039889873412385944,42.54015502110917,42.61566185784825,0.09909193886065475,0.0009370314940829952,0.0,0.0,0.0,0.0,0.0,,0.6397429099577624,0.0010040196201741096,0.6385982718819182,0.6404746283501069,0.0024941230018117482,0.0015694110939664776,1.5026986430757054,0.0017995049518401912,1.5016280981085934,1.5047762087145147,0.004470218113347681,0.0011975155232435601,0.6724707851923433,0.0006343370218276298,0.6717508881452344,0.6729477578092893,0.0015757805178814074,0.0009432930556919193,0.008938608371210582,0.0002466415439944654,0.008722119571165251,0.00920710725889326,0.0006126915607209796,0.02759283478498141,35.39049630301303,0.6633552664299672,34.84816753926702,36.130115424973766,1.6478658336268694,0.018743881429362473,12.391319105563214,0.013319677066908567,12.376623767331195,12.402597305540523,0.033087912110243596,0.0010749200269508478,31.97230155850795,0.012002854253273106,31.964120659663926,31.986080825236694,0.02981674289919857,0.00037541414500011496,3.293623606363932,0.0028101772923481974,3.2916717529296875,3.296844482421875,0.006980867388626589,0.0008532174978702421,0.05240515318784334,0.0003325777774416001,0.05216803332049896,0.052785320851582766,0.0008261689990327871,0.006346280035657823,0.18169480469077826,0.00031785964068483573,0.18132955161854625,0.18190869456157088,0.00078960712046861,0.0017494151317413447,0.08139946353205632,0.00012567395644779277,0.08125449431086881,0.0814775950011092,0.0003121914145968306,0.001543916274071026,41.78051811798165,0.06546546563385822,41.70508314995095,41.822466605342925,0.16262523199836243,0.0015668897510795338,0.07361233333333439,4.452340208804556e-05,0.07356699999999909,0.07365600000000268,0.00011060226218233736,0.0006048361744822415,2.6768836975097656,518.8438536218082,502.3193224888629,502.3193224888629,0.08474782982347821,0.08474782982347821,107.30168511151818,0.004130323061524381,2.160986699163911,68,0.18182716565206647,0.21824023285880684,0.23283519378863274,0.18844938434331732,0.08138281800246519,0.08164240747768571,0.08167013873275071,0.08134443454747378,41.77581473253667,41.90364291886799,41.91286383622326,41.75545543810243,False
main,primary,llama32_1b,llama_cpp_bf16,llama_cpp,bf16,none,llamacpp-bf16,llamacpp-bf16,,decode,128,512,64,3,cresco8-hbm03,0,True,True,495.10253293849786,356.42147592729447,1.0757915116059715,355.5722847312322,357.6312359099236,2.672414263961287,0.003018312824184084,73.04695475099676,0.5431934180882779,72.45535143712836,73.52320925140916,1.3493672546476552,0.0074362226315925345,429.4684306782912,1.3865758770612937,428.0276361683605,430.79353947437636,3.444445426411249,0.003228586266216057,0.5731297990705283,0.001430347773036024,0.5715804965972875,0.574400072276634,0.0035531808439168895,0.0024956785973363916,22.591458694024173,0.021288718942476133,22.56765118692617,22.60866447629298,0.05288410955985857,0.0009423348545486956,1.696770847971494,0.004428825722602603,1.6927826176001413,1.7015371484251407,0.01100181299628703,0.0026101495837798643,24.288229541995673,0.025389864072488843,24.26043380452631,24.310201624718122,0.06307191883868435,0.0010453567242761925,0.0,0.0,0.0,0.0,0.0,,0.766618431472604,0.0008180741687656649,0.7657528012363256,0.7673787501268037,0.002032208893639592,0.0010671204019895779,1.084269754655774,0.002048025482232591,1.082257850602515,1.0863520848391095,0.005087577335039634,0.0018888523574862447,0.4833819949074325,0.001359748819505881,0.48231106114778316,0.4849118171130739,0.003377803321042552,0.002812990210291702,0.006863539946604976,0.0001074991348450179,0.006779106685786551,0.00698455589390909,0.00026704265484904293,0.015662345623586257,65.14624002453832,0.434505320282482,64.85333333333334,65.64546684709066,1.0793710520698692,0.00666969145293449,5.56716607674305,0.01939119183561022,5.555555518800891,5.589551902418304,0.04817039091462445,0.003483135147811975,63.93332544088523,0.01516324857536531,63.92095418946544,63.95024131408013,0.037667597618709435,0.0002371728432832065,4.112298329671224,0.002278605032169536,4.109977722167969,4.114532470703125,0.005660368690596419,0.000554095264861708,0.05100079092061757,5.722026549002363e-05,0.05093692119901644,0.05104737681481834,0.00014214301938013369,0.0011219485905441474,0.2791181607171893,0.0010471258175873436,0.2784798564389348,0.28032663743942976,0.0026012047324161175,0.0037515502928823115,0.18061482505593388,0.00046867426323759316,0.18010532431698126,0.18102757008600462,0.0011642514118353064,0.0025948825800564896,92.59964205076297,0.22152037854379325,92.35511866677552,92.78692307928577,0.5502871262618455,0.0023922379572737028,0.1637608333333313,0.00027139009439154367,0.1635534999999982,0.1640679999999993,0.0006741703680735154,0.0016572344489670222,3.0518836975097656,518.8438536218082,502.3193224888629,502.3193224888629,0.04835217053099559,0.04835217053099559,68.14497319101677,0.004471977627769408,2.1872742101550076,44,0.2869793358258903,0.3657671098597348,0.40904913665726783,0.3034000791905617,0.18190907397983622,0.18248686060635647,0.18263906298748375,0.18186004607795078,93.26047317497432,93.53142400439829,93.7277437802963,93.23388362502341,False
main,primary,llama32_1b,llama_cpp_bf16,llama_cpp,bf16,none,llamacpp-bf16,llamacpp-bf16,,prefill,4096,128,1,3,cresco8-hbm05,0,True,True,517.1420678398251,24.476009530865046,0.03848294007180981,24.449713225413944,24.52017888466804,0.09559692269141071,0.0015722718208326224,783.2323049876815,1.2314540822979139,782.3908232132462,784.6457243093773,3.0591015261251426,0.0015722718208326224,807.7083145185464,1.269937022369762,806.8405364386601,809.1659031940454,3.154698448816648,0.00157227182083267,0.19121882445988317,0.00030064796931101413,0.19101338457354644,0.19156389753646907,0.0007468509585266462,0.0015722718208326224,67.02217512533542,0.2677175705881253,66.74592311424276,67.28045235799597,0.6650473131961431,0.00399446258029492,2.4323466317057036,0.0044486058150493045,2.4294220607677013,2.437466137064065,0.01105094946987579,0.0018289357927285563,69.45452175704114,0.2712351855955936,69.17607481152811,69.71791849506005,0.6737855532916139,0.003905219973213572,0.0,0.0,0.0,0.0,0.0,,0.9317595874367091,0.0008647990921952536,0.9307684313461132,0.9323604492552947,0.00214828003800968,0.000928135437354967,2.2626617306884333,0.004410525683085216,2.258015342448746,2.2667907609153826,0.01095635317799537,0.00194926427722949,0.9868133807500484,0.0025490291510918955,0.9849472729024428,0.9897176730508479,0.006332139442578308,0.002583091393789626,0.015564760188667967,0.0005157831739057719,0.015005036635728232,0.01602087303803585,0.0012812764333856067,0.03313788119146811,34.73458283101277,0.5385182076956259,34.21138211382114,35.287211740041926,1.337753388200901,0.015503805251255526,23.83618003925565,0.17114778928923158,23.6585412194362,23.99999880281896,0.4251546776560794,0.007180168508853742,0.9824414618139888,0.0038197434436462456,0.9785391725315087,0.9861729277021276,0.00948876873757271,0.0038880112374262347,2.605393727620443,0.0035300696788162804,2.601348876953125,2.6078529357910156,0.008769179214253898,0.0013549083355015067,0.005985566289187456,5.5465419994691476e-05,0.005930494483061965,0.006041417116631961,0.00013778374150688388,0.009266528397636531,3.896870659198612,0.005652290901503367,3.8908665436320007,3.9020888712257147,0.014041068986207784,0.0014504692087126533,0.010414164883678589,2.733277967891023e-05,0.010384248521941619,0.010437831641944843,6.789838876734398e-05,0.002624577196943274,5.22323260254537,0.0016612936103645374,5.221407973207533,5.224657696206123,0.0041268821077964065,0.000318058516014577,0.010327333333333322,1.1898879499001493e-05,0.010314499999999952,0.010337999999999738,2.9558455291042484e-05,0.0011521734715965568,2.4288368225097656,518.8438536218082,502.3193224888629,502.3193224888629,0.13826766888622133,0.13826766888622133,2837.6624711373465,0.007661653565857315,2.098179236054418,24,3.895215393509716,3.976861279690638,3.9953191772382706,3.9005707419710234,0.010420414487149303,0.010589411240217722,0.01064064929921796,0.010427535693662294,5.222934647928923,5.297737792041152,5.314899784997106,5.2248677750661345,False
main,primary,llama32_1b,llama_cpp_bf16,llama_cpp,bf16,none,llamacpp-bf16,llamacpp-bf16,,prefill,4096,128,2,3,cresco8-hbm05,0,True,True,517.1420678398251,27.63940936834882,0.3569159921963567,27.24194819162711,27.932519431357267,0.8866284761417563,0.012913300260499702,907.7726402256475,12.213037378875006,893.6855132154834,915.384465525528,30.338866727879807,0.013453850488200634,935.4120495939964,12.55296919701094,920.9274614071105,943.1282260075901,31.183304176735135,0.013419721503971855,0.22162417974258972,0.0029816985788269058,0.21818493974987388,0.22348253552869335,0.007406949884736281,0.013453850488200634,45.864960815675204,0.5259116571546758,45.281489957751866,46.302485097423464,1.3064369805870406,0.011466523633765664,2.3640468442091827,0.03258138567195196,2.3264280667875625,2.38326535549505,0.08093664884877771,0.013782038943839555,48.22900765988439,0.5573940252187343,47.60791802453943,48.68575045291851,1.3846435183501724,0.011557236034162898,0.0,0.0,0.0,0.0,0.0,,0.9088348442131947,0.0007655322974540453,0.907955649518038,0.9093538280486119,0.0019016876496684653,0.0008423227854085957,2.295714500269705,0.02880896158328057,2.262458288348531,2.3130314777694125,0.07156542790539376,0.012549017562896447,0.9901803399138341,0.010759582886371672,0.9777562438342129,0.9963935463823613,0.02672828561073934,0.01086628612249358,0.015104492345108378,0.0008702429034433395,0.014546441282813844,0.016107228432968378,0.002161803214826701,0.057614839582819176,67.31002427156655,1.5802667682042093,65.48837209302326,68.31266846361186,3.925600273521894,0.023477435720844837,12.416846156729754,0.06038860575458826,12.36666847143659,12.483868680695155,0.15001361291499568,0.0048634415690057085,1.9698174312562318,0.01774662161033953,1.949332213801447,1.9805177275989339,0.044085051998407794,0.009009272295362821,2.740586598714193,0.005329729145511149,2.7348175048828125,2.7453269958496094,0.013239781163779107,0.0019447402786001034,0.006195866962929783,4.730706274351535e-05,0.006166257437428085,0.006250426161723571,0.00011751725859330552,0.0076352612195445995,3.9647120886171856,0.004924235243588691,3.9592022532597184,3.968683303333819,0.01223247847012874,0.001242015847185052,0.048650476360434465,0.00018911490592867004,0.04845156731069323,0.04882797471973605,0.0004697874696715253,0.0038872159139323416,10.123814044209817,0.0003288732846850491,10.123444478027523,10.124074479565024,0.0008169665288733327,3.2485117096075456e-05,0.01801500000000063,7.846018098490263e-05,0.01792499999999927,0.018069000000001324,0.0001949058944553528,0.004355269552311956,2.5557899475097656,518.8438536218082,502.3193224888629,502.3193224888629,0.09601264673817855,0.09601264673817855,1744.956739723657,0.005503137488891017,5.312658660113809,18,3.946128416340798,3.985444105230272,3.9934684133157132,3.945603860542178,0.04879014309877017,0.049730271450793874,0.05319625326336955,0.04896381168038775,10.123998827300966,10.25414336225949,10.718550584716722,10.164007943951422,False
main,primary,llama32_1b,llama_cpp_bf16,llama_cpp,bf16,none,llamacpp-bf16,llamacpp-bf16,,prefill,4096,128,4,3,cresco8-hbm05,0,True,True,517.1420678398251,36.443907661491885,0.1877607111771294,36.22817418886602,36.5704395057159,0.4664234634201688,0.005152046616985724,898.0552344477015,2.886092191823574,895.4498277012245,901.1574988517929,7.169450453297108,0.0032137134567212927,934.4991421091935,2.7203391537267634,931.9829369911182,937.3856730406588,6.757697080523631,0.0029110130027373525,0.21925176622258338,0.0007046123515194272,0.21861568059111927,0.2200091549931135,0.0017503541145744892,0.0032137134567212927,34.83077841489228,0.21090363122519107,34.688005985598174,35.073022367845404,0.5239136638715816,0.006055093822853437,2.3612949850582106,0.00938163540864777,2.3553513998455493,2.372110273636088,0.023305274316514142,0.0039730891176294495,37.192073399950495,0.20510736189385365,37.06011625923426,37.42837376769096,0.5095149326381444,0.005514813860690183,0.0,0.0,0.0,0.0,0.0,,0.9568386232317597,0.0013201557347610842,0.9556025202836894,0.958229234276541,0.0032794486461034753,0.0013797057337654355,2.290023005482436,0.0018160026154912796,2.2884983600701188,2.292032107148353,0.004511200581779121,0.0007930062759822384,0.9941979185825444,0.00027954233135280763,0.993970181005931,0.9945098924242113,0.0006944216473441161,0.0002811737241930248,0.015648617254002618,0.0008767112984833991,0.015093284153888562,0.016659309425594616,0.0021778715988802115,0.056024841316836035,99.39226292334966,0.7763756548614519,98.80701754385964,100.27299703264094,1.9286240427261911,0.007811228279007845,8.499999628399019,0.06614480903935205,8.424998735161688,8.550001485860234,0.16431281457117855,0.007781742580124144,3.7609718742976916,0.07383094059490311,3.7139223997095376,3.8460658246358066,0.18340622382579716,0.019630814338033303,3.0163612365722656,0.0038149776355708067,3.012218475341797,3.0197296142578125,0.009476929814005549,0.0012647615243544482,0.006646383785128947,4.691695917508668e-05,0.006592532037297839,0.006678427568763115,0.00011654818760748349,0.007059020467650657,5.117785086855292,0.9621326989435635,4.0072461208328605,5.7000125758349895,2.3900701211538333,0.1879978706833041,0.10926370411436621,0.007318573094886821,0.10503134720291443,0.11771446056517325,0.018180343421209676,0.06698082546447882,18.989546080119908,0.037810117298813076,18.955658187158406,19.03032934293151,0.09392553826768509,0.0019911016903345763,0.025847999999999958,1.9999999994971956e-06,0.02584600000000046,0.025849999999999453,4.968275422251625e-06,7.737542554538838e-05,2.8096961975097656,518.8438536218082,502.3193224888629,502.3193224888629,0.07404069828664632,0.07404069828664632,1020.5350161889428,0.003534974138023729,5.7041419669985745,18,4.084882571361959,7.903226752765477,7.922450503893197,5.0902463795306785,0.10503666249551172,0.11826353781585267,0.11836989814796903,0.1064920467181964,18.970870207529515,19.03899780539796,19.03901654979214,18.61473631274162,False
main,primary,llama32_1b,llama_cpp_bf16,llama_cpp,bf16,none,llamacpp-bf16,llamacpp-bf16,,prefill,4096,128,8,3,cresco8-hbm05,0,True,True,517.1420678398251,37.14555997137248,0.0844611347649105,37.07397536616315,37.2387144262079,0.20981309004674104,0.00227378816822262,880.2670655848109,1.543963776191486,878.9700553955302,881.9748853488804,3.8354186420137166,0.001753971989359552,917.4126255561832,1.6284212930509303,916.0440307616933,919.2135997750884,4.045222744685052,0.001775015132436941,0.21490895155879172,0.0003769442812967495,0.21459229868054935,0.215325899743379,0.00093638150439788,0.001753971989359552,26.252239131976562,0.041736794713688595,26.214618492601524,26.297135379915392,0.10367994571585566,0.001589837518387186,2.4599415326929086,0.007861256061933247,2.4548802294845813,2.4689980370571574,0.019528442645174268,0.00319570849853797,28.71218066466947,0.04181994404874162,28.669498722086104,28.75308171145238,0.10388650011476784,0.001456522739848922,0.0,0.0,0.0,0.0,0.0,,1.0039200267008062,0.0009648250828398539,1.0032741356825325,1.005029105808552,0.0023967583735251172,0.0009610577109519068,2.280118629194217,0.0013232272575371365,2.278600424315659,2.2810267981794787,0.003287078731663967,0.0005803326373438556,0.9926051791865328,0.0009176650678101748,0.9916574582567473,0.9934895003147223,0.0022796064017031794,0.0009245015914204946,0.014660950658386449,0.0002582674002473978,0.014434246655198575,0.014942100220256136,0.0006415717886702775,0.017616006374024735,190.3003525264395,6.611067734416346,183.0054054054054,195.89565217391305,16.42280267399946,0.03474017597260012,4.539813972154288,0.13231503406731723,4.42307709957358,4.683544256920949,0.3286887659581524,0.029145474876039794,7.67637703005154,0.019066711958275497,7.655911621236828,7.693639299625738,0.047364338214633143,0.002483816504013936,3.5590489705403647,0.0045393556420101665,3.5542449951171875,3.5632667541503906,0.011276384537364086,0.0012754406246118506,0.006572994598245293,2.3819975236459538e-05,0.006549192214530709,0.006596832126114667,5.9172098777848126e-05,0.0036239152307866564,7.247693348055084,1.2336204387551963,5.823369578458369,7.977052222006023,3.0644830538977716,0.17020869668640684,0.2338459874011987,0.006298250254434132,0.23008578390205706,0.24111715662403135,0.015645720975080938,0.026933326179458948,37.1585448741292,0.08736358514062646,37.06878504343331,37.24329677969217,0.21702317648154096,0.0023511035062476677,0.0424326666666675,0.00014948690020713076,0.04226900000000023,0.042562000000001717,0.00037134604621719174,0.003522920239291925,3.3175086975097656,518.8438536218082,502.3193224888629,502.3193224888629,0.05715922000055266,0.05715922000055266,772.9660970446674,0.003088136894096468,5.384418927133081,30,7.959855232853442,9.608989177877083,9.637182297538965,6.920728762106349,0.24067530889929398,0.26067840965266714,0.26107664153331844,0.23934271377939098,37.18067510891706,40.199274273822084,40.275425057793036,37.317253412089,False
main,primary,llama32_1b,llama_cpp_int8,llama_cpp,int8,q8_0,llamacpp-q8_0,llamacpp-q8_0,,balanced,512,512,1,3,cresco8-hbm04,0,True,True,522.395169819123,149.61145376512084,0.2934386055468075,149.36049805910972,149.93409180792293,0.7289419061222541,0.0019613378398654216,149.61145376512084,0.2934386055468075,149.36049805910972,149.93409180792293,0.7289419061222541,0.0019613378398654216,299.2229075302417,0.586877211093615,298.72099611821943,299.86818361584585,1.4578838122445081,0.0019613378398654216,0.29220987063500165,0.0005731222764586084,0.29171972277169866,0.29284002306234946,0.0014237146603950275,0.0019613378398654216,207.79028230173137,1.363059235771298,206.79302110533962,209.34344268132267,3.386026850929066,0.006559783357876215,1.4804514868567713,0.007876085232411014,1.4753471730734826,1.4895222482148256,0.019565280346792065,0.005320056281704419,209.27073378858813,1.3608379363317038,208.2683682784131,210.81992772060468,3.3805088372220804,0.0065027627690476065,0.0019620114812051166,8.61606952060375e-05,0.0018717205590389279,0.0020433415720247736,0.00021403503223194363,0.043914470445970806,0.2828668574028044,0.0004965720254185406,0.28244653154544036,0.28341477528208175,0.0012335532949424401,0.0017554973741989806,2.496646451797932,0.009222705764990595,2.487957302786128,2.5063232227289096,0.022910471195190314,0.0036940375592022516,0.9843969903915788,0.0030441502552267688,0.9811374157025159,0.9871661768809284,0.007562088449243209,0.0030924010180240903,0.014946557974031896,0.00018834518464708405,0.014748068895478993,0.01512277960633711,0.0004678753760084008,0.012601241367699132,1.842325849247697,0.031107645542557395,1.8229908443540184,1.8782098312545854,0.07727567541602888,0.016884985658351382,151.2250615000952,0.22227783777050406,150.99999158385327,151.4444378676325,0.552168759292031,0.0014698478913851467,0.9731428638895049,0.011092028667572253,0.9623368660573086,0.9845003491898491,0.027554126712932,0.011398150342734973,1.8574015299479167,0.001091525701962953,1.8561973571777344,1.8583259582519531,0.002711500159590923,0.000587662755932779,0.021751827682158085,0.00018767265267091482,0.021546016288423606,0.021913489461411247,0.00046620471396404084,0.008627902694579229,0.2424696416904529,0.003071555732987366,0.2390785776078701,0.2450651559047401,0.007630167430056843,0.01266779507559402,0.006208806602735089,6.571829100761251e-06,0.006201227363235446,0.006212920697730348,1.6325328504379285e-05,0.001058468965334859,3.421498008693258,0.01107529426063956,3.4143647612072527,3.4342570058070123,0.027512556141586722,0.0032369722947374877,0.006155666666666699,5.773502694383354e-07,0.006154999999999746,0.006156000000000404,1.434217577200983e-06,9.379167208073846e-05,1.2464982271194458,518.8438536218082,502.3193224888629,502.3193224888629,0.4166089664871053,0.4166089664871053,1398.75448842739,0.002067770273829465,1.8466085195541355,24,0.2427367316558957,0.34531224598176774,0.3837446913961321,0.2564700551641484,0.006212920697730348,0.006242540522903175,0.006260390021107406,0.00619243817699773,3.4173126835376024,3.454373808251694,3.459453537352383,3.4208059636099883,False
main,primary,llama32_1b,llama_cpp_int8,llama_cpp,int8,q8_0,llamacpp-q8_0,llamacpp-q8_0,,balanced,512,512,2,3,cresco8-hbm04,0,True,True,522.395169819123,198.21824552290505,0.23253368054955662,197.98362101968402,198.4486304036357,0.5776456851052578,0.0011731194569709086,188.80148951149704,1.5786036835706216,187.00892110617895,189.98415366103472,3.9214689422657663,0.008361182359604704,387.0197350344022,1.800470959720149,384.992542125863,388.43278406467044,4.472617809952132,0.0046521425052397005,0.36875290920214265,0.0030832103194738704,0.36525179903550575,0.37106280011920845,0.007659119027862825,0.008361182359604704,143.08634464931907,1.1422681589384778,141.87822173735267,144.1487791183725,2.8375514105506925,0.007983068976553896,1.1044464167389825,0.018342309685144123,1.0844899890618143,1.1205684136434144,0.045564823209469835,0.016607695409345532,144.19079106605807,1.1247185732474552,142.99879015099606,145.23326910743432,2.7939558229100294,0.007800210852107666,0.029291053663040394,0.0001575469787376223,0.029137733034632504,0.029452511613931986,0.00039136839125445495,0.005378672291888766,0.3856010251488289,0.0010886116739753193,0.38489502128959346,0.3868547180852707,0.002704261312773746,0.002823155549327578,2.493582509321804,0.001750698616147957,2.4922088585074977,2.495553763872526,0.004348976454282256,0.0007020816875332135,0.9981622029812757,0.000163627831493097,0.9980470992026346,0.9983495139062972,0.0004064740669039305,0.00016392909990418307,0.011928571995862898,0.0005968765086234009,0.011499092585107694,0.012610133019679882,0.0014827234443292613,0.05003754924146925,3.3758159505705074,0.16521704272814444,3.1850699844479005,3.474130619168787,0.4104218864648493,0.04894136562753755,98.5299103584337,0.3505378185925892,98.24999344995057,98.92307160792559,0.8707842145605469,0.0035576792602103977,1.958666423312917,0.022926438592624283,1.9340922494075357,1.9794801783834852,0.056952430704066144,0.011705126671771995,1.959197998046875,0.002129431531786291,1.9570350646972656,1.9612922668457031,0.005289801172700597,0.0010868893975540612,0.025410347806414862,0.00028282003476402123,0.02513185774393603,0.02569730754880156,0.0007025639139958445,0.011130112697340691,0.25376944864789647,0.005868780831279651,0.24806032422930002,0.25978581607341766,0.01457885978497923,0.023126427797155943,0.00983486197881561,1.3539805368758888e-05,0.009820447943069464,0.00984731332787154,3.363474112629354e-05,0.0013767153416004985,5.279529213594894,0.0013161607139517896,5.278034714981914,5.28051549103111,0.0032695244642518798,0.00024929509066123727,0.009311333333333624,1.950213663537876e-05,0.009288999999999987,0.009325000000000727,4.844599307565207e-05,0.0020944515610415424,1.2699357271194458,518.8438536218082,502.3193224888629,502.3193224888629,0.28705005881842216,0.28705005881842216,727.4334768225021,0.002396619033468639,2.034476771950719,12,0.25203040475025773,0.266666142642498,0.2669933338463306,0.2523690002659957,0.009836767314442975,0.009874994764942859,0.009881177648570235,0.009838927640328737,5.280297550372779,5.29054196770303,5.292420638790354,5.28006102447398,False
main,primary,llama32_1b,llama_cpp_int8,llama_cpp,int8,q8_0,llamacpp-q8_0,llamacpp-q8_0,,balanced,512,512,4,3,cresco8-hbm04,0,True,True,522.395169819123,270.89452363774257,1.1825067427244436,269.5515432555844,271.77961384390244,2.9375095940008356,0.004365192499445899,327.78066976985474,2.7534599148314687,324.86383406697325,330.33480364946183,6.839973612225703,0.00840031206466434,598.6751934075972,1.7703465461741905,596.6434479108757,599.8863469050463,4.397784618218253,0.0029571069014861983,0.6401966206442475,0.005377851396155212,0.6344996759120571,0.6451851633778551,0.013359323461378326,0.00840031206466434,106.83292577678147,1.158124052947321,105.51266329847763,107.67726223654996,2.876939634811576,0.010840516109866026,1.6079094720762763,0.01685108728963977,1.5913587061191297,1.6250456254794163,0.041860421420190815,0.010480121911266647,108.44083524885774,1.142216286237486,107.13770892395705,109.26862094266909,2.8374225516179483,0.01053308270464947,0.022684030405911076,0.00011481613605106585,0.02256542144693449,0.022794634799975955,0.0002852190934819093,0.005061540387511855,0.4280506894182254,0.0018911466019155738,0.42619517770348697,0.4299755624589227,0.0046978685922669655,0.004418043583777145,2.486254831672085,0.002579267767331683,2.483506242114738,2.488622385631198,0.00640725632953071,0.0010374108617003848,0.9964358479645674,0.0005747647008870301,0.996070885633117,0.9970983878078024,0.00142779466885637,0.0005768205771210555,0.015445858776779802,0.002923890926506827,0.013616586220733855,0.018818026252342655,0.007263347715580222,0.1892993435173961,5.019580756681308,1.3893353734879625,3.5391705069124426,6.295081967213115,3.4513003955501773,0.27678314999488535,70.68241249659945,1.4366699749283445,69.71426708038862,72.33312201908332,3.5688860640589013,0.020325706553910607,3.912242888668923,0.04558322745610978,3.876766701539908,3.9636545733012953,0.11323501434701537,0.011651430842428787,2.156452178955078,0.0031942412597948853,2.1533126831054688,2.159698486328125,0.007934935173885358,0.001481248362921117,0.030286559581331345,0.0002799242273022203,0.029984045027484117,0.03053641341784861,0.0006953703294740168,0.009242523124837388,0.26135752179349464,0.0023679340498777364,0.25944383535534143,0.264005655888468,0.0058822742722389725,0.009060133542851323,0.014358186216469651,3.312875071958027e-05,0.014337632753166376,0.014396403608169342,8.229637900568523e-05,0.002307307498323132,7.602460765745491,0.016846389367281948,7.591734979767352,7.621877803001553,0.04184875113409487,0.0022159127006859346,0.012175000000000031,4.250882261357698e-05,0.012148000000000138,0.012223999999999933,0.00010559776933649181,0.003491484403579209,1.3168107271194458,518.8438536218082,502.3193224888629,502.3193224888629,0.21588027852793182,0.21588027852793182,400.3174596129368,0.003903727655216259,2.170166745781896,6,0.2648266479372978,0.27705940208397806,0.2800446770619601,0.2662601984726886,0.014303125431961626,0.01436992610965121,0.01437314209772489,0.01431910253530253,7.581850007176399,7.601786219980568,7.601869850140065,7.58332159401228,False
main,primary,llama32_1b,llama_cpp_int8,llama_cpp,int8,q8_0,llamacpp-q8_0,llamacpp-q8_0,,balanced,512,512,8,3,cresco8-hbm04,0,True,True,522.395169819123,334.6791293328984,2.7864283331276014,332.8343415833367,337.88444928509756,6.921871703411886,0.00832567103506475,296.1021498161146,30.82280477399853,260.51438469938324,314.31855412930173,76.56809172100785,0.10409517388894378,630.7812791490129,28.04460033792528,598.3988339844808,647.1528957126384,69.66664931040624,0.04446010251883229,0.5783245113595988,0.06020079057421588,0.5088171576159829,0.6139034260337924,0.14954705414259345,0.10409517388894378,72.42174953590033,0.7777358864686211,71.5374369812788,72.99942920014189,1.932003045358275,0.01073898230093279,1.7267815852296564,0.016350839128686043,1.7088843270584684,1.7409375219379624,0.04061773609833191,0.009468967742386154,74.14853112112998,0.7676559019582608,73.27837450321677,74.72995210683443,1.90696297570223,0.01035294820209194,0.015297574933864633,0.00012816231153228204,0.015210586087811022,0.015444752931260736,0.00031837283130243605,0.008377949582620827,0.456511951044243,0.0005204063213966593,0.4560273065371104,0.45706194603893086,0.0012927609684147043,0.0011399620978295572,2.4935342662176314,0.000909454039426102,2.492521328460453,2.494280681913016,0.0022592090764420513,0.00036472490141698595,0.9947902281787792,9.526516350160055e-05,0.9946973224053676,0.9948876892935181,0.00023665178527038707,9.57640724678288e-05,0.012367576417431228,0.0006891586498719754,0.011675869437036218,0.01305415814926417,0.001711964991525916,0.055723015295111075,11.806919340087314,1.1479845345846267,10.484641638225256,12.549019607843137,2.851751674867822,0.0972298108861424,41.33016549524587,0.5285720094143995,40.80001486480778,41.85714461135552,1.3130456619619604,0.01278901265167206,7.944246935208766,0.03553332205830621,7.909820960793499,7.980792697454372,0.08826966534880833,0.004472837054047645,2.3268661499023438,0.004646810181156201,2.321613311767578,2.3304405212402344,0.011543316410355501,0.001997025132430253,0.036504942727399854,0.00027633351938858517,0.03626743732361544,0.03680823160817735,0.0006864505165338755,0.0075697562779950605,0.2660067615409692,0.004751720195694581,0.26052012341097,0.2687881113961339,0.011803927333810568,0.017863155688855457,0.024257391534468667,0.0002447298284628739,0.024104682058861404,0.024539665069336296,0.0006079425960748143,0.010088876543676337,12.662182333258292,0.11537091557152457,12.595548270270228,12.795401188544929,0.28659724221038757,0.009111455871907098,0.021402833333333583,0.00020933366507438467,0.021248000000000048,0.021641000000000646,0.000520013651750192,0.009780652019952913,1.4105607271194458,518.8438536218082,502.3193224888629,502.3193224888629,0.14761234099803908,0.14761234099803908,221.5734759985592,0.0050083908001577904,2.176104858517644,72,0.2633850867860019,0.29932628381066023,0.3722885245457292,0.26994064460612005,0.02392293232604278,0.02690284014670379,0.027147937353951913,0.021032428196720472,12.47772774938494,14.024134221859276,14.137324362341316,11.017511453130282,False
main,primary,llama32_1b,llama_cpp_int8,llama_cpp,int8,q8_0,llamacpp-q8_0,llamacpp-q8_0,,balanced,512,512,16,3,cresco8-hbm04,0,True,True,522.395169819123,484.29461056326244,2.0437244602909725,482.0691225257224,486.087216270662,5.076893004235395,0.004220002485499485,427.7758766117556,6.538236743125561,420.8870147826413,433.8954199975345,16.24188046194986,0.015284257716709883,912.0704871750181,4.614151071053526,906.9742310533034,915.9645425232569,11.46218668331724,0.005058985172675708,0.8354997590073352,0.01276999363891711,0.8220449507473463,0.8474519921826845,0.03172242277724582,0.015284257716709883,61.341560603910835,0.2686654501841241,61.03746626105288,61.54676882408773,0.6674019766467623,0.004379827437370338,4.444671422639038,0.015782045748409506,4.4271283578673115,4.457715381363196,0.039204775012193015,0.0035507789547779135,65.78623202654988,0.25555531903772905,65.49518164241607,65.97389718195504,0.6348346054600098,0.003884632257621815,0.018874449704086596,7.731006485905334e-05,0.018788580615996704,0.01893852002139558,0.00019204884761423837,0.0040960168943264385,0.6925755692029861,0.0008939822765481159,0.6915587505868327,0.69323813504568,0.002220775086809587,0.0012908082760945611,1.9202402318978162,0.0001466699210634507,1.920083534883245,1.920374227507121,0.000364348282093162,7.638102703352567e-05,0.8068777877533885,0.0004387772294977413,0.80646787803951,0.8073406301380928,0.0010899830628526685,0.0005437963916684837,0.013191062504359736,0.0008264036526793106,0.01234869986509903,0.014000524502295114,0.002052900478748897,0.06264875573185849,27.491533422508635,0.32164561939829844,27.125827814569536,27.730515191545575,0.7990120129666067,0.011699806426037762,30.20166498364384,0.07751285540788172,30.125000448897488,30.27999918331506,0.1925526072641695,0.00256650934476162,15.956606962934858,0.015802166195855186,15.939892800359704,15.971303289724853,0.03925475697447012,0.0009903212025314393,2.6649958292643228,0.006305363795071186,2.6581039428710938,2.6704750061035156,0.015663391989641517,0.002365993869795959,0.05951554491545586,0.00033027497027207365,0.059134177746053396,0.059707159931680576,0.0008204485089000773,0.005549390007959132,0.2333348683702449,0.0009829021605851599,0.23221517773345113,0.23405538825318217,0.0024416643240704745,0.004212410118772033,0.033668546276124506,9.593996707481283e-05,0.03356855558395502,0.0337598438423907,0.00023832809027462753,0.002849542902386821,17.446820671514917,0.0424369597757864,17.404836278408766,17.48969616321847,0.10541925215106282,0.0024323606331938972,0.026941666666666603,5.1733290378200544e-05,0.02690599999999995,0.027001000000000205,0.00012851261758141847,0.0019201963641769502,1.5980607271194458,518.8438536218082,502.3193224888629,502.3193224888629,0.13096496408021105,0.13096496408021105,135.842168034089,0.0034655789823404455,2.1968677639961216,19,0.23278882820159197,0.25602984316647054,0.25657309643924237,0.2380794066151506,0.03377552010089801,0.033906498990967544,0.033909253475279955,0.03377269317525194,17.489969957619905,17.56945366896689,17.570248033329843,17.495925619168894,False
main,primary,llama32_1b,llama_cpp_int8,llama_cpp,int8,q8_0,llamacpp-q8_0,llamacpp-q8_0,,balanced,512,512,32,3,cresco8-hbm04,0,True,True,522.395169819123,434.6804531529828,0.6487794837822868,434.2074982613142,435.42007080930705,1.6116575822734902,0.0014925434973583993,422.9126080751651,3.8261104396427497,418.5924371777553,425.87345170161365,9.50458523243819,0.009047047466985727,857.593061228148,3.977071988780174,853.0062275660824,860.0809499629279,9.879594509674716,0.00463748153825389,0.8260011876468069,0.007472871952427245,0.8175633538628033,0.8317840853547142,0.01856364303210584,0.009047047466985727,35.685305616663015,0.05183532027520985,35.65422394120333,35.74514484619208,0.1287660738963053,0.0014525676431647455,3.7087491424909156,0.010609983752855087,3.696531188137722,3.715641030137048,0.026356660761525617,0.0028607984377528105,39.39405475915393,0.05863844532980974,39.350755129341046,39.46078587632913,0.1456659734021904,0.0014885100223450346,0.02676256565440681,5.8851130869654085e-05,0.026720825742196506,0.02682987686804386,0.00014619431357246171,0.002199009303876793,0.8022126669125109,0.001176900745625144,0.8009380311684445,0.8032581185310221,0.002923583525194502,0.0014670682652702322,1.322489247492783,0.005252517575381138,1.3167860423824367,1.327128034840214,0.013047976990635693,0.003971690193579288,0.6781718610485797,0.0004971816816776424,0.6777349610463568,0.6787128454131922,0.0012350677650468796,0.0007331204820396221,0.010855529732077804,0.00032234672854851714,0.010494203122804647,0.01111358634701511,0.0008007536646467182,0.02969424215162813,62.30665866304155,0.9663042605548972,61.19140989729225,62.89443378119002,2.400432854669437,0.015508844179572094,13.54496159676583,0.012254650928848938,13.532467706455682,13.556962105866532,0.030442240516689856,0.0009047386986888923,31.9642271462729,0.02432994827138186,31.945264525356897,31.991660076125402,0.06043894202587442,0.000761161787520922,3.301410675048828,0.0014014846805670209,3.300342559814453,3.302997589111328,0.0034814809474369014,0.00042451085869415285,0.06040903056940907,0.0004693887482936391,0.06007769519045424,0.060946166221185136,0.0011660262911075121,0.007770175152112703,0.2755702060336868,0.0026734119225081446,0.2736508762463927,0.2786237336695194,0.0066411233757454335,0.00970138231192285,0.07383417136194421,0.0002655348466633854,0.07363477855038678,0.07413558696566146,0.000659625126380357,0.0035963679386567613,38.005174748289086,0.13115439538937063,37.9119174759835,38.15514159761369,0.3258055796485492,0.0034509615140047457,0.060266333333333026,1.8823743871876547e-05,0.060254000000000814,0.060288000000000466,4.67607720284577e-05,0.00031234261038849735,1.9730607271194458,518.8438536218082,502.3193224888629,502.3193224888629,0.07842432690816378,0.07842432690816378,90.62762722084413,0.0022802694608375527,2.5512443855404827,102,0.2754337638616562,0.3265272755641489,0.34605154392309484,0.2819437050790179,0.07376509060930103,0.07420961459599246,0.07422708713218074,0.07382794839697493,37.9898714418523,38.20605755965225,38.221077010268345,38.00802533593321,True
main,primary,llama32_1b,llama_cpp_int8,llama_cpp,int8,q8_0,llamacpp-q8_0,llamacpp-q8_0,,balanced,512,512,64,3,cresco8-hbm04,0,True,True,522.395169819123,372.09875098118476,1.9329321847093344,370.3933361795258,374.1984135120799,4.801669734292412,0.005194675283409036,293.13854235365164,2.658577980587788,290.2368233259667,295.4571903740697,6.604273821207162,0.009069356623123257,665.2372933348364,4.515684027899677,660.6301595054925,669.6556038861496,11.217580988054218,0.006788080092838061,0.5725362155344759,0.0051925351183355235,0.5668687955585288,0.5770648249493548,0.012898972307045238,0.009069356623123257,23.071595617035925,0.13863808660562477,22.952833547071442,23.223940070151226,0.34439609922194075,0.0060090376455478114,2.8903837392080995,0.01788456539624032,2.8720835696542686,2.907821497068467,0.04442772335906556,0.006187609331465548,25.96197935624402,0.15601707149817196,25.82491711672571,26.13176156721969,0.3875678909854565,0.006009444401651481,0.02869119685441816,3.8374176163258225e-05,0.028646995483330724,0.02871599132757453,9.532673816450035e-05,0.0013374895567435689,0.8740860340275914,0.0008967770208236599,0.8731016722206485,0.8748565724347365,0.0022277176164591647,0.0010259596720605562,0.9679800363458352,0.0054998199395961045,0.9622377817331046,0.973200185435818,0.013662310119787106,0.005681749347185044,0.48652956623055205,0.0024747270395869946,0.4837192582637354,0.48838293976864106,0.0061475627653263054,0.005086488491871621,0.007406268839161886,0.00025984153227699285,0.00722429828351705,0.007703851937773362,0.0006454821494082686,0.03508399950364173,100.20336011350412,0.8244164505220805,99.50307503075031,101.1119496855346,2.0479639949292503,0.008227433187751718,5.810137368930554,0.035725728304541106,5.778571534975605,5.848920856725647,0.08874762896105674,0.0061488612120571915,63.92069327204077,0.04102284471231846,63.87588167231343,63.95639622143728,0.1019063955931479,0.0006417772181807992,4.627073923746745,0.0011756778974722775,4.625843048095703,4.628185272216797,0.0029205458019822225,0.0002540866899572418,0.053246925807696945,0.0011159888560499389,0.051998081650980084,0.05414652479461286,0.0027722700032067637,0.020958747178764274,0.36027606669813395,0.002299697297541724,0.35857245046645403,0.3628919259645045,0.005712764782433717,0.006383153115381881,0.17626368958261218,0.0015629510452582248,0.17467213739001297,0.17779637624577066,0.003882585633145553,0.008867118627547467,90.43102469605704,0.8025959392769956,89.61671413341537,91.2213691896759,1.9937588400556625,0.008875227743736827,0.1473383333333364,0.0010547295071896465,0.14614100000000146,0.14813000000000465,0.002620093344505642,0.007158554622736499,2.723060727119446,518.8438536218082,502.3193224888629,502.3193224888629,0.051684213992822546,0.051684213992822546,69.77154896655385,0.008975532611487034,37.23113965243101,51,0.3798619043081999,0.4269780623726547,0.43089961213991046,0.39125990697785334,0.17743674782150354,0.17877916743935118,0.1788223698970346,0.1773809123931037,91.06424452643842,91.72710647014901,91.74669057969004,91.03290613985384,False
main,primary,llama32_1b,llama_cpp_int8,llama_cpp,int8,q8_0,llamacpp-q8_0,llamacpp-q8_0,,decode,128,512,1,3,cresco8-hbm04,0,True,True,523.7604053362184,162.26917395987152,0.0894274836750253,162.17647839771388,162.35492890278238,0.22215018466406733,0.0005511058045882476,40.56729348996788,0.022356870918756325,40.54411959942847,40.588732225695594,0.05553754616601683,0.0005511058045882476,202.83646744983938,0.11178435459377398,202.72059799714236,202.94366112847797,0.27768773083006515,0.0005511058045882099,0.31693198039037407,0.0001746630540527838,0.3167509343705349,0.31709947051324683,0.0004338870794220065,0.0005511058045882476,222.1761122051689,1.2349012145680505,221.0060695244817,223.46698841995155,3.06766467739478,0.005558208766510771,1.2621530040715419,0.0060635902880704275,1.255241886556155,1.2665804003660524,0.015062793303198797,0.004804164208705341,223.43826520924043,1.2392640065942924,222.26131141103784,224.73162514524395,3.0785024535956915,0.00554633739853724,0.0005435494247572565,2.0142593085001532e-05,0.0005253688570565312,0.000565202521777744,5.0036975094893725e-05,0.03705751890731372,0.22307593601405698,0.000334502573467278,0.22270022310545054,0.22334139291543423,0.0008309504574276007,0.0014995009297919051,2.5134375494476036,0.01488745186406239,2.4987311636938845,2.5284996907969775,0.03698248060738513,0.005923143730917171,0.9852774259645439,0.005475881834251123,0.9794818605587637,0.9903646944708075,0.013602844569551785,0.005557705565912537,0.012444062324396557,0.0010306720802738616,0.011450388230517698,0.013508124003577544,0.0025603313830564627,0.08282440680590543,1.137584980274301,0.0063734295083863,1.130242825607064,1.1416921508664628,0.015832476594964773,0.005602596394028956,163.4016659507751,0.2854665658306774,163.08003297621082,163.62497509732097,0.7091382616238441,0.0017470235947084803,0.9829821938761775,0.011354586595917182,0.9702765045109566,0.992136953989358,0.028206356764252677,0.011551162031880585,1.7997016906738281,0.00317107594812344,1.7963447570800781,1.8026466369628906,0.00787738934955787,0.0017620008718979168,0.023301458085628817,2.4601970544099926e-06,0.023298780629956235,0.023303619001331443,6.1114682811969405e-06,0.00010558124926642767,0.07771102556337912,0.005746409928484685,0.0729463342577219,0.08409268548712134,0.014274873610525323,0.07394587687944049,0.005990638261246607,9.009474929581302e-06,0.005980295288593394,0.0059967781617552215,2.238077643564206e-05,0.0015039257148714061,3.148256170873841,0.004780319300299573,3.142786634620279,3.151634819805622,0.011874971448082122,0.0015184022648870824,0.006027666666666619,5.773502693073837e-07,0.006026999999999816,0.00602800000000002,1.4342175768756809e-06,9.578337709020433e-05,1.2347794771194458,518.8438536218082,502.3193224888629,502.3193224888629,0.444813199902726,0.444813199902726,1376.9595470217664,0.002129429949181642,2.1001145243644688,24,0.0741366920992732,0.18950332677923135,0.19987417007796465,0.09114639049706359,0.005993452799778046,0.006066219240642078,0.006084421697143764,0.005994334699530143,3.1487983968108892,3.1908419162966313,3.201561462506652,3.154251421956966,False
main,primary,llama32_1b,llama_cpp_int8,llama_cpp,int8,q8_0,llamacpp-q8_0,llamacpp-q8_0,,decode,128,512,2,3,cresco8-hbm04,0,True,True,523.7604053362184,214.1629435662004,0.40837570585892685,213.75693766520442,214.5736485229552,1.0144614914868204,0.001906845783209423,51.97100769837621,0.09303593632153587,51.89989986949786,52.076300002181505,0.23111407796432953,0.001790150709824368,266.1339512645766,0.3219214234529023,265.8332376673859,266.47354839245304,0.7996971482197018,0.001209621778518836,0.40602349764356416,0.000726843252511999,0.405467967730452,0.406846093767043,0.0018055787340963245,0.001790150709824368,152.2667097910008,0.45347566336446493,151.7431087669801,152.53316358112286,1.126495996724665,0.002978166823115173,1.091437020123147,0.006783067529575858,1.0838940128577352,1.0970353478186035,0.016850073851568538,0.006214804340071335,153.358146811124,0.45999290790255654,152.82700277983784,153.62654528081598,1.1426857296584372,0.0029994683521383718,0.029896042381934187,0.00021634659048798822,0.02965655768587371,0.030077357105916573,0.0005374347242398168,0.007236629776077781,0.33605513559283934,0.0007796898727667343,0.33519354674320506,0.3367121263667305,0.0019368570164096611,0.0023201248550815123,2.4904175566131364,0.0028189473914530905,2.4886010917331323,2.4936649782076454,0.007002653522548842,0.0011319175709983112,0.9960684930309961,0.0008784781085852783,0.9955447327249816,0.997082689702263,0.0021822605984837913,0.0008819454833995451,0.01331714717182081,0.000680120343778535,0.012674950122166632,0.01402971842121889,0.001689512594508858,0.05107102407170772,2.2444362202231454,0.1234725635401506,2.169491525423729,2.386946386946387,0.3067228514565769,0.05501272989074947,107.14393496429811,0.20370134542680046,106.909087197963,107.27272252267447,0.5060221941089956,0.0019011934319443902,1.9257132610848855,0.011772126082752618,1.9160075721025909,1.938808232336915,0.029243582349645466,0.0061131251057182714,1.8430417378743489,0.0014076715338761112,1.8414382934570312,1.8440742492675781,0.00349684994305908,0.0007637762645026331,0.027360776666560716,0.00020550185502752968,0.027134413219862596,0.027535608247322152,0.0005104949079085357,0.007510819503844205,0.10138573218137026,0.0034148219675798406,0.0982428677380085,0.1050193989649415,0.008482888028578545,0.03368148450583777,0.009245827342082845,9.762787950222221e-06,0.009237692549226918,0.009256653502262735,2.4252109718968724e-05,0.0010559128554982209,4.822016463615,0.004149402010852594,4.819471423514187,4.826804608106613,0.010307686016371581,0.0008605117884109926,0.008996333333333344,2.516611478243778e-06,0.008994000000000143,0.008998999999999797,6.251609478929114e-06,0.00027973746469788896,1.2464982271194458,518.8438536218082,502.3193224888629,502.3193224888629,0.3053001147781332,0.3053001147781332,716.0809913712328,0.0037676124656501725,2.1140852943062756,12,0.09173167450353503,0.1059018624946475,0.10676471572369337,0.09220623015426099,0.009240414261992897,0.00928315763879356,0.009289557710053024,0.009237431373388857,4.817662636283785,4.832308373181149,4.832863338803873,4.8125336619559675,False
main,primary,llama32_1b,llama_cpp_int8,llama_cpp,int8,q8_0,llamacpp-q8_0,llamacpp-q8_0,,decode,128,512,4,3,cresco8-hbm04,0,True,True,523.7604053362184,328.6595692840353,5.043126333868988,323.00621395774095,332.6957110373305,12.527820311085138,0.015344529127373741,74.49303662365135,19.22586675985958,63.08896446337527,96.69035403786445,47.759700659254314,0.258089448776148,403.15260590768656,14.355985467013147,393.97657422674854,419.6965679956054,35.66224488794703,0.03560930837763297,0.5819768486222762,0.15020208406140298,0.4928825348701193,0.755393390920816,0.3731226614004243,0.258089448776148,121.02007685929361,1.2226548463168871,119.6092163935047,121.77011015012782,3.0372430121900837,0.010102909187030438,1.3495494406873771,0.041612551026309015,1.3076596747085218,1.390879122733816,0.10337130728658912,0.030834402780467347,122.369626299981,1.18787383549171,121.00009551623852,123.12021967474762,2.950842191546464,0.009707260464943452,0.023701179970368292,0.00022075000464203965,0.02347357967018775,0.023914373993850015,0.0005483734114003511,0.009313882469903435,0.371901792113211,0.0020246909239996277,0.3698984808628875,0.3739472060262306,0.005029611078946097,0.005444154792841895,2.493766741853047,0.004322854644232331,2.4892687269178473,2.497890040788696,0.01073856624415259,0.0017334639089059873,0.9962677340417749,0.0010631978365551126,0.9950571795117463,0.9970499517968582,0.002641129840837919,0.0010671808392728006,0.012189598225881332,0.002522764526387823,0.010048097192562468,0.014970559504061535,0.006266894497865952,0.2069604329559781,3.205546241196027,1.7308750650739984,1.5384615384615385,4.993839835728953,4.299732023478626,0.539962594465082,82.45553940323255,1.1206666240638472,81.16666567136741,83.1999615669428,2.783890223136933,0.013591162366708296,3.9048660926091117,0.0642462169830489,3.846748955313214,3.973854288866523,0.1595964504448863,0.01645286047187384,1.9198252360026042,0.0029081540025653386,1.9165267944335938,1.9220199584960938,0.007224255029350224,0.0015148014246445679,0.033456057103827395,0.000619441042654999,0.033076242660886504,0.03417085759733096,0.0015387768542652277,0.01851506412523831,0.09710497362539172,0.0027937246456595714,0.09427700378000736,0.09986314503476024,0.006939996748529269,0.028770149883744447,0.012379617076087682,7.208089072778442e-05,0.012324544849920354,0.012461198931250087,0.00017905885895344397,0.005822546067843649,6.421776044648141,0.0341483865338427,6.396302591077983,6.460578835103661,0.0848292947841458,0.005317592251181308,0.011222666666666518,9.291573243288612e-06,0.01121499999999969,0.011232999999999948,2.3081547495143566e-05,0.0008279291828996734,1.2699357271194458,518.8438536218082,502.3193224888629,502.3193224888629,0.24360923584159777,0.24360923584159777,372.35260992752416,0.0033664014555697228,2.1458256989717457,36,0.09795651072636247,0.16840143385343254,0.2013518778607249,0.10493686145895885,0.012050035984643576,0.013982925435105327,0.014313370816194526,0.01117162033394068,6.253629460465163,7.2338016394060105,7.419848357141018,5.8136348521026475,False
main,primary,llama32_1b,llama_cpp_int8,llama_cpp,int8,q8_0,llamacpp-q8_0,llamacpp-q8_0,,decode,128,512,8,3,cresco8-hbm04,0,True,True,523.7604053362184,412.76193475036854,0.8268370160020275,411.95205985385047,413.60474939605115,2.053977012921748,0.002003181365311907,99.99556732869654,12.886142154395708,85.3807052285319,109.72312522838247,32.01095168471002,0.12886713380041664,512.757502079065,13.094203001593689,498.1097002297359,523.3278746244337,32.52780348157325,0.02553683358800398,0.7812153697554417,0.10067298558121647,0.6670367595979054,0.8572119158467381,0.25008556003679705,0.12886713380041664,82.09802084190109,1.5207284191516572,80.67059857522591,83.69743179982115,3.7776988153450946,0.01852332618444207,1.636163399257671,0.030774245590396904,1.601432118497601,1.660037326219592,0.07644746402177126,0.018808784993209853,83.73418424115874,1.4906598776945688,82.33063590144549,85.29886391831876,3.703004417574213,0.017802285783323473,0.015864567950227837,0.00016274208151362987,0.015770058433739718,0.01605248524280594,0.0004042737419767542,0.010258210751418079,0.40423404273607666,0.00046000625752331414,0.4039145880055481,0.4047612850851413,0.0011427188919547987,0.0011379701086275185,2.497001684150177,0.00764773338229674,2.488213915527188,2.502150000604611,0.018998022904375238,0.0030627666095866288,0.9954120698375509,0.002118222851633018,0.9929762906334634,0.9968225803130253,0.005261957267632904,0.002127985902339628,0.012492432644586571,0.0022601389353589687,0.010447826657863637,0.014919341552935629,0.005614496363120456,0.18092064209274483,6.574497228959472,1.897919068244734,4.942084942084942,8.657004830917874,4.714692331276792,0.2886789669459048,51.93332423151281,0.2753795991100702,51.74997014263039,52.249989902719015,0.6840808471960131,0.005302560604101896,7.883197926955809,0.08542219498032931,7.791036272489359,7.959719244982751,0.21220049597112578,0.01083598252534503,2.080549875895182,0.0033143777903824213,2.076740264892578,2.0827713012695312,0.008233370860076703,0.0015930297219894185,0.04264122658789465,0.000285648343379227,0.04233164885234983,0.04289458621865743,0.0007095898220873455,0.0066988772658880145,0.09848128026351333,0.002622620234342915,0.0968697895295918,0.10150748956948519,0.006514949827730722,0.026630647239002016,0.019867728051194276,0.00021002496236206697,0.019697479643984724,0.020102425296143894,0.0005217309294125543,0.010571161524905314,10.25348637610053,0.11321351140904386,10.161361168138683,10.379873376805335,0.28123795317088207,0.01104146504479969,0.018402500000000144,0.00017611288993124732,0.01824300000000039,0.018591499999999997,0.00043748867140354646,0.009570052434791247,1.3168107271194458,518.8438536218082,502.3193224888629,502.3193224888629,0.16669512895955788,0.16669512895955788,202.85887412877196,0.003978938222429545,2.19047702848911,72,0.09933535940945148,0.13257070276886226,0.18015777828171856,0.10616480757016689,0.01944101821638483,0.02274488059570557,0.022937424325032447,0.017459957865928483,10.051812797784805,11.708547983597963,11.822728997785598,9.028203277059625,False
main,primary,llama32_1b,llama_cpp_int8,llama_cpp,int8,q8_0,llamacpp-q8_0,llamacpp-q8_0,,decode,128,512,16,3,cresco8-hbm04,0,True,True,523.7604053362184,608.4077644851519,1.8305393380178558,606.3030946672496,609.6293565541848,4.54731180241264,0.0030087376343181592,117.32270035567721,7.618357438136709,112.11792381534613,126.06692026869388,18.925049013669028,0.06493506725502213,725.7304648408293,5.836657458490036,721.4087660493678,732.3700149359435,14.499060903203935,0.008042458931044268,0.9165835965287282,0.05951841748544304,0.8759212798073917,0.9848978145991709,0.14785194541928928,0.06493506725502213,68.07566139186343,0.7534522714123612,67.52802129842954,68.93493687782767,1.8716792014193915,0.011067865607287593,4.4690481524806955,0.023861988244651983,4.443180816828723,4.490201016903007,0.059276464875883055,0.005339389380131557,72.54470954434413,0.7300542443035428,72.01822231533255,73.37811769465638,1.8135552798978192,0.010063507716676228,0.017282285229140413,0.00028781788370538236,0.017081087985908797,0.017611966556711177,0.0007149792590287112,0.016653925096669513,0.5749737030056333,0.004234620655443268,0.5702135991727236,0.5783222954325705,0.010519380865143523,0.007364894487012355,1.8399005821736722,0.012882839704515725,1.828637923263268,1.8539480832379354,0.03200274794442199,0.007001921641492087,0.7775099622121955,0.003651258795263215,0.7748022428334729,0.7816625506512849,0.00907022966867343,0.00469609261966823,0.01240561034266363,0.0009423197704253261,0.0117600847559924,0.013486950150842834,0.002340852078241466,0.07595916237870479,16.65938278704236,0.5524501713234845,16.340425531914892,17.2972972972973,1.3723623044475985,0.03316150294314501,37.40000066274562,0.3464239710858256,36.99998471746852,37.60002828033905,0.8605648508286053,0.00926267285954625,15.848150472176,0.05031794557030613,15.81697238045682,15.906199388430812,0.12499670616899793,0.0031750042794361053,2.4015121459960938,0.00535944195002119,2.3956832885742188,2.4062271118164062,0.013313591861984365,0.00223169470908431,0.06659957911604945,0.0005107476555588689,0.06611453517364829,0.06713263929147426,0.0012687675123618544,0.007668932181521651,0.09000542666763067,0.000426878438893592,0.08973938785493374,0.09049781039357185,0.0010604248283886807,0.00474280779168967,0.025607191749459007,0.00020098075220974292,0.0253773010572794,0.025749631913163776,0.0004992638659001709,0.007848605742329748,13.174231013127914,0.1048045643896573,13.053638780955225,13.243309604469687,0.2603489707639134,0.007955269972510821,0.024728333333333203,0.0001354587883207495,0.024580499999999915,0.024846499999999876,0.00033649828445557895,0.00547787780497743,1.4105607271194458,518.8438536218082,502.3193224888629,502.3193224888629,0.1444195082620031,0.1444195082620031,119.24011593071894,0.005860757766695437,2.193773910403249,144,0.08953131688758731,0.1265974724665284,0.15765122949145718,0.09388948363872866,0.025246695987151208,0.029334859516099824,0.029704604581100483,0.022581557291322437,12.985998343210667,15.115482112998142,15.275394458221271,11.633065259504495,True
main,primary,llama32_1b,llama_cpp_int8,llama_cpp,int8,q8_0,llamacpp-q8_0,llamacpp-q8_0,,decode,128,512,32,3,cresco8-hbm04,0,True,True,523.7604053362184,534.0384812048763,1.9441727492714405,531.970852111598,535.8295870617003,4.829592844622504,0.003640510595575576,113.44272199501607,2.674939791970647,111.25891943114206,116.42633088178553,6.644918813895868,0.023579650989758217,647.4812031998923,3.082601014608658,644.6137677837186,650.7413353231163,7.657605430669198,0.004760911976091742,0.8941019890820612,0.014828580457039501,0.8800227786884424,0.9095807100139495,0.03683623592505577,0.016584887001832322,35.436493956407965,0.11967404949028856,35.298627951226706,35.513587938285745,0.2972868194567012,0.0033771413627291975,3.6596577909131836,0.013108722793576213,3.6445684580140614,3.6682381396371047,0.03256387264440381,0.0035819531613378616,39.096151747321144,0.1327820777414591,38.94319640924077,39.18182607792285,0.3298489667621226,0.003396295333608052,0.02657762649403936,9.107896674548942e-05,0.026510836421181645,0.026681375583721544,0.0002262526960397245,0.0034269037066163885,0.6766886017339865,0.0006824864473355098,0.6760351096427013,0.6773967908497817,0.0016953903215846456,0.0010085679669890502,1.10703623193291,0.004702758713371832,1.1016452974138995,1.1102967728823006,0.011682300269149428,0.004248062148029889,0.6288163822670704,0.0017436200211822426,0.627705736884095,0.630826029854592,0.004331392249581718,0.0027728603617100003,0.007816832028073255,0.0008666301159848002,0.00720751032972798,0.00880894691852869,0.0021528285532564045,0.11086717904035773,33.75487670224512,0.6741123543321796,33.11888111888112,34.46153846153846,1.6745879213533685,0.019970813707263304,16.65916650397943,0.02826625548895264,16.62790665009879,16.68292645864956,0.07021727123007701,0.0016967388783947013,31.935822559902096,0.008766320925440172,31.926347873865247,31.943645535099694,0.021776748404191987,0.00027449804710672984,2.804437001546224,0.006036178757898414,2.7975730895996094,2.808917999267578,0.014994699287361716,0.002152367393016984,0.07104285465364617,0.00042636189596540754,0.0706728607381268,0.07150912166525127,0.0010591416646210398,0.006001474716127911,0.12768001342192292,0.0001859827594785554,0.12747279601171613,0.12783246161416173,0.00046200678655607065,0.001456631735023156,0.05999755628306155,0.00034426074781356665,0.059618024240246086,0.060289704108723745,0.0008551911063190509,0.005737912827472242,30.800871115798753,0.15193850104861728,30.63630303228274,30.93581745447591,0.37743616032168725,0.00493292869793813,0.055043666666667074,0.000346255084199502,0.05469849999999997,0.0553910000000019,0.0008601453125452687,0.00629055266787277,1.5980607271194458,518.8438536218082,502.3193224888629,502.3193224888629,0.07783127185633588,0.07783127185633588,73.20859997003556,0.00026188192901188234,2.144754678010938,19,0.15014097560197115,0.17237061616033314,0.17543312754482032,0.14371020145910351,0.06038945986399037,0.06079835048430178,0.0608308514670529,0.06046724370518159,30.992745408788323,31.202436808962375,31.21243004584685,31.042471734806895,False
main,primary,llama32_1b,llama_cpp_int8,llama_cpp,int8,q8_0,llamacpp-q8_0,llamacpp-q8_0,,decode,128,512,64,3,cresco8-hbm04,0,True,True,523.7604053362184,423.4072144027409,0.44749236651258345,423.08019820923823,423.9171972099363,1.1116326633743092,0.0010568841325573942,83.03900788964286,0.6865452041581017,82.40447781715572,83.76782244621732,1.70547283247047,0.008267743336607613,506.44622229238377,0.7080070099642349,505.62872560620394,506.86192061549184,1.7587869136357477,0.0013979905048151098,0.6487422491378348,0.00536363440748517,0.6437849829465291,0.6544361128610728,0.013324006503675547,0.008267743336607613,20.33934606155662,0.045189172490173346,20.288041722096615,20.37324200922978,0.11225612754563018,0.0022217613267117454,2.737957257201144,0.00239972338064204,2.73523563388217,2.7397688983026725,0.005961243347621884,0.0008764648806443161,23.077303318757767,0.04758886096797687,23.023277355978788,23.113010907532455,0.11821728418979466,0.002062149996932074,0.031081157649212876,0.0001270252777725527,0.030935882927546225,0.0311713125049214,0.00031554828286035907,0.004086890173338495,0.7662252073565817,0.0014677352382763238,0.7649254765209703,0.767817023699807,0.0036460564562670723,0.0019155402669926481,0.7386562609188632,0.001889503819107832,0.736893418829158,0.7406510172714718,0.004693787693542039,0.0025580285703628285,0.41802762284849654,0.0008622903843688662,0.4171342468718728,0.41885503938875673,0.002142048062290388,0.0020627593422968163,0.005547499595505052,0.00011528844657397098,0.005456882618124813,0.005677264276811767,0.00028639237786351446,0.020782055877459682,62.60408672357107,0.8538031346360901,62.03680981595092,63.58602846054334,2.120964565160156,0.013638137369626775,6.614203294950275,0.010333863847752832,6.606837434287942,6.626016220026286,0.025670740892296182,0.0015623746938111798,63.93891412244312,0.014559911234129612,63.92407922192198,63.953182507679415,0.036168824576438656,0.00022771596036566023,3.618910471598307,0.0013828018887610191,3.6179466247558594,3.620494842529297,0.0034350703197508323,0.00038210447581210784,0.06150804087536051,0.0006376686225121354,0.06106383626830101,0.06223870288279616,0.001584056672782281,0.01036724001345292,0.21754930773749948,0.0004443354090888407,0.21709966333582997,0.21798813669010997,0.0011037903463835994,0.0020424583912029134,0.15264477576350882,0.000392024355575224,0.15224739713885926,0.15303121695163752,0.0009738424856090346,0.0025682133804735235,78.25146449139963,0.19146922002097982,78.06232211226597,78.44517867127433,0.4756359100935373,0.0024468451966419566,0.14007283333333245,4.719198378317643e-05,0.14003199999999924,0.14012450000000012,0.00011723138660809859,0.0003369103248655882,1.9730607271194458,518.8438536218082,502.3193224888629,502.3193224888629,0.04594150032775102,0.04594150032775102,54.50378290818594,0.004388415792998706,2.141024731099603,48,0.23914953134953976,0.2864632522687316,0.3571556339599193,0.2520623378804885,0.15300489501087194,0.15330796193025292,0.15336647210857757,0.15288483176846057,78.42170997336507,78.60733362706378,78.67757651289925,78.37621137156384,False
main,primary,llama32_1b,llama_cpp_int8,llama_cpp,int8,q8_0,llamacpp-q8_0,llamacpp-q8_0,,prefill,4096,128,1,3,cresco8-hbm01,0,True,True,501.01807613377247,38.77650948324148,0.028739443774548252,38.75804208556202,38.80962145768231,0.07139273609508356,0.0007411560286768186,1240.8483034637275,0.9196622007855441,1240.2573467379846,1241.907886645834,2.284567555042674,0.0007411560286768186,1279.624812946969,0.9484016445600416,1279.0153888235468,1280.7175081035164,2.355960291137632,0.0007411560286767789,0.3029414803378241,0.00022452690448865822,0.30279720379345326,0.30320016763814306,0.0005577557507428403,0.0007411560286768186,62.408765859563026,0.6057989654813938,61.78446976195916,62.99419613147097,1.5048880558916669,0.009706953136112464,4.309428255759955,0.028502069577803334,4.292845692297728,4.3423392838744865,0.07080306590115308,0.006613886549731428,66.71819411532299,0.6079224711724305,66.07756955306681,67.2870418237687,1.5101631364598875,0.00911179445477243,0.018361967179854156,8.515720060172539e-05,0.018263663263935765,0.018413120112739434,0.00021154221344183395,0.004637694848684604,0.8819748597867266,0.0012489436060635877,0.8808342686176551,0.8833094517600437,0.0031025479116720063,0.0014160761978698566,2.2889661286224676,0.012969392875007637,2.275630416828653,2.301535191578997,0.03221775793931251,0.005666048401866393,0.9705521174708863,0.0038039828723443916,0.9666725072855655,0.9742756698271903,0.009449617308043045,0.003919400930531172,0.013735462456640946,0.0004051184961069236,0.013344997522777426,0.014153795455744087,0.0010063701339067881,0.02949434701494548,35.09149999143753,1.6040424501660149,33.42999006951341,36.63112078346028,3.984662341705797,0.04571028455772503,37.910252509631256,1.0259289724714369,36.75999791437847,38.730769357017174,2.5485488500935625,0.02706204534540611,0.9755716042744212,0.013212322741383809,0.9631320158613664,0.9894404475922979,0.03282122918168802,0.013543160423586168,2.151777903238932,0.006167663993573323,2.1447181701660156,2.1561203002929688,0.015321326719840137,0.002866310683964891,0.00912979458949637,2.355591327506113e-05,0.009103007630185239,0.009147277709523659,5.851613250129958e-05,0.0025801142669914716,2.270313346758485,0.0023030099872799804,2.2676610024645925,2.2718058237805963,0.005720993959939848,0.0010144018183957642,0.007964630179801403,3.487784709248644e-06,0.00796114242687,0.007968117996287629,8.664137526710718e-06,0.00043790918479727974,3.2841399369450905,0.0036329862568718315,3.2818041420541704,3.288325554691255,0.009024838166965988,0.0011062215151073124,0.007934666666666543,4.645786621544329e-06,0.007931499999999914,0.007939999999999827,1.1540773747323426e-05,0.000585504951463334,1.3500138521194458,518.8438536218082,502.3193224888629,502.3193224888629,0.13282028209616048,0.13282028209616048,1720.5831232363191,0.0019170083136019437,3.573756478726861,24,2.2718058237805963,2.4154856876470148,2.429694933993742,2.285741727993203,0.007968117996287629,0.008030126192863649,0.008078930073777052,0.00795626515837929,3.2818041420541704,3.409267385257408,3.4158548476640136,3.2961874031073726,False
main,primary,llama32_1b,llama_cpp_int8,llama_cpp,int8,q8_0,llamacpp-q8_0,llamacpp-q8_0,,prefill,4096,128,2,3,cresco8-hbm01,0,True,True,501.01807613377247,41.70882865438171,0.19806003958895993,41.480822947121915,41.8382531607992,0.49200841353369873,0.004748635863888083,1393.801795104835,1.918965605111459,1392.2207379430697,1395.936802276854,4.766974827209167,0.001376785143950201,1435.5106237592165,1.734158508429271,1434.0281477982937,1437.4176252239758,4.307888548941855,0.0012080429637559742,0.34028364138301637,0.0004684974621854148,0.33989764109938225,0.34080488336837256,0.001163812213674113,0.001376785143950201,42.87632793172343,0.715813903091754,42.079164451966854,43.46408507636207,1.7781803112654224,0.01669485092640445,4.073321718106563,0.014713170115942028,4.057644123923669,4.086829479418926,0.03654954074440957,0.0036120815231803684,46.949649649829986,0.7021950483877885,46.16599393138577,47.52172920028573,1.7443492007044532,0.01495634266975475,0.02329289977654053,5.356479452432967e-05,0.023246161394500593,0.0233513521536423,0.0001330623261000449,0.002299618984248475,0.8610229539757639,0.003080341303214145,0.8580117046019602,0.8641680253531263,0.007651991996376417,0.0035775367996761336,2.3486851636356296,0.0024064032990586412,2.3468512776652726,2.3514099848035173,0.005977837184871979,0.00102457465833082,0.9886323780641493,0.0004852921832345904,0.9880749089541089,0.9889604040648948,0.0012055326135906972,0.0004908722332004195,0.015185974286839788,0.00042297899843554557,0.014708781481758755,0.015514717809144101,0.0010507380812921226,0.027853267129663222,66.8972716558405,4.181159821465538,62.88833746898263,71.2316384180791,10.386576791357822,0.06250120099031722,19.032452549041768,0.9806214078733803,18.315777971274592,20.150000946752307,2.435998620247966,0.051523649164319174,1.9503277829799215,0.02892565956445708,1.9183488131462096,1.9746660940130514,0.07185532176131947,0.014831178541825073,2.288557688395182,0.005014587990558374,2.2831802368164062,2.2931060791015625,0.012456927136236366,0.0021911564720375394,0.009359675648844944,4.2685672997375976e-05,0.009332673194325573,0.00940888706045988,0.00010603709004422441,0.004560593187077344,2.3206016244366765,0.006312922488632634,2.31332466006279,2.324610690586269,0.01568216882536907,0.002720381827779289,0.03376747577834943,4.9540026970818486e-05,0.03371075218118082,0.03380224377826208,0.00012306424923933865,0.0014670929890051741,6.6077544906487065,0.006806406698722108,6.6000003181397915,6.6127414321526885,0.016908051561805654,0.001030063497116083,0.015771333333333436,1.550268793939908e-05,0.01576000000000022,0.01578900000000067,3.8510811743758266e-05,0.0009829662217989798,1.4769669771194458,518.8438536218082,502.3193224888629,502.3193224888629,0.09346574489152948,0.09346574489152948,1125.616969665637,0.0030063985510960694,5.709635838866231,18,2.323008802253753,2.347433687141165,2.3511379519384352,2.3233960919185646,0.03377350456792656,0.03396253849995711,0.03400899181017784,0.03375484540077514,6.606766293756664,6.637633923208341,6.654372851504013,6.610261457817008,False
main,primary,llama32_1b,llama_cpp_int8,llama_cpp,int8,q8_0,llamacpp-q8_0,llamacpp-q8_0,,prefill,4096,128,4,3,cresco8-hbm01,0,True,True,501.01807613377247,47.132461729008725,0.5493032060002694,46.49823718512543,47.45688379398434,1.3645448092106294,0.0116544560977639,1431.6901440432855,7.577113411855367,1426.9580458249907,1440.429424867617,18.822593172599127,0.005292425489817636,1478.8226057722943,7.028163564767682,1474.414929618975,1486.9276620527423,17.45892615558903,0.004752539985076386,0.34953372657306775,0.0018498812040662518,0.34837842915649186,0.35166734005557054,0.004595359661279084,0.005292425489817636,30.616670809542175,0.1641495583520851,30.42827953656054,30.72893917979006,0.407770108269576,0.00536144374981898,4.351184717227484,0.01788688117015716,4.335925556800093,4.370868717181826,0.044433476060384273,0.004110807132443332,34.96785552676966,0.14665187184265316,34.79914825374237,35.06486473659016,0.3643034453431111,0.004193905220478383,0.02240498325120062,7.109416984223791e-05,0.02233190386033722,0.02247391018113656,0.0001766077083906862,0.003173140950169118,0.9097282207649737,0.00189041169962256,0.9077334063061011,0.911493216979528,0.004696042993766438,0.0020779961052905973,2.338972354075709,0.0013450566985614627,2.337561118325358,2.340239654926453,0.0033413060693389253,0.0005750631024850178,0.9880595354817463,0.00037702055836538186,0.9876800219298052,0.9884340125851038,0.0009365709871406115,0.00038157676215488234,0.014062437735428125,9.869158814282785e-05,0.013957864231776357,0.014153945863066808,0.00024516349593813036,0.007018099564216362,120.68674053787129,0.43102682223827743,120.25622775800711,121.11827956989248,1.0707299838980109,0.0035714513484853124,11.199999064298796,0.03999836364057415,11.159999997089804,11.239996724333823,0.09936144352785348,0.0035712827662703335,3.971129060915878,0.024487428768743765,3.943874067153277,3.991276385552168,0.06083014526823634,0.006166364374744378,2.5537948608398438,0.006186849798899056,2.5468177795410156,2.558612823486328,0.01536898690238009,0.0024226103254293657,0.009846158278105926,8.703468684632268e-05,0.00976709635612201,0.009939419547896497,0.00021620614782533057,0.008839456404012354,2.352674803696573,0.007474824799240638,2.345230009406805,2.360179301351309,0.01856849417252026,0.0031771602209944333,0.07825768209280069,0.00013107367966648298,0.07813009765644477,0.07839198649574922,0.0003256050706773928,0.0016748985679265484,12.304052516818047,0.01571516182425615,12.28823936264962,12.319667818024755,0.03903862613389382,0.0012772346186571912,0.024646666666666536,7.94313120459161e-05,0.02458399999999983,0.024735999999999876,0.00019731831774706844,0.0032228014084088393,1.7308732271194458,518.8438536218082,502.3193224888629,502.3193224888629,0.06961280197925285,0.06961280197925285,741.9493524195004,0.002228953780233173,5.340972729027269,18,2.3507144735194743,2.3693414717912673,2.3775015617907047,2.349204464815557,0.07827366748824716,0.07850450526952274,0.07857093226780573,0.07823769361952405,12.286325059365481,12.327911698026583,12.333841435005889,12.285391554495114,False
main,primary,llama32_1b,llama_cpp_int8,llama_cpp,int8,q8_0,llamacpp-q8_0,llamacpp-q8_0,,prefill,4096,128,8,3,cresco8-hbm01,0,True,True,501.01807613377247,55.955930195892655,0.07654828587069057,55.87995383152425,56.03303786315476,0.1901564837012274,0.0013680102466835493,1327.538073731562,0.8064159261341393,1326.606931057985,1328.0096979193984,2.0032482134658838,0.0006074522020053208,1383.4940039274545,0.8115867097454198,1382.561729950984,1384.042735782553,2.0160931520339664,0.0005866210532474244,0.32410597503211963,0.0001968788882163426,0.3238786452778284,0.3242211176561031,0.0004890742708656943,0.0006074522020053208,26.7826552602133,0.03664133172109443,26.743058920062957,26.815364068356324,0.09102211393712431,0.0013680992928108435,4.323328170852606,0.001751346249552023,4.321749911608876,4.325212305956423,0.004350585264844685,0.000405092137432315,31.105983431065905,0.037564875879626404,31.064808831671833,31.138386363348843,0.0933163248098003,0.0012076414803883014,0.020677148146387242,7.655736041040653e-06,0.020670180365380156,0.020685343492632704,1.901790261075526e-05,0.00037025106106705917,0.9505488465625608,0.00043128896468966034,0.9501516608470635,0.9510076178237498,0.0010713811818473418,0.0004537262511540746,2.3239548920610664,0.0010614519003107378,2.3229921823858968,2.325093188827344,0.002636792694770956,0.00045674376208281673,0.9822142917877753,0.0006199571110886624,0.9817121791353521,0.9829072293002766,0.001540058839323135,0.0006311831504306955,0.013775814977518413,0.00045149977907153006,0.013422323347741632,0.014284426429766198,0.0011215876280385303,0.03277481439815792,196.12832793494135,8.173970458572187,186.6961325966851,201.14285714285714,20.305268270872308,0.041676643780309046,6.719205657740183,0.2100952629302655,6.588235572392977,6.961538508044661,0.5219055657051737,0.03126787207178969,7.605842825938637,0.020066811067814275,7.58529765333505,7.625394357139931,0.04984872212812635,0.0026383415391361092,3.1067161560058594,0.008439907999996053,3.0979995727539062,3.114849090576172,0.0209658937464935,0.002716665307089656,0.009843873018732014,5.440562930360462e-05,0.009811944321095997,0.009906692369421457,0.0001351510754845931,0.005526852002263292,4.757739275693893,0.017518518720967022,4.737629096023738,4.769687511958182,0.04351841300875834,0.0036821098647554684,0.1513941299189811,0.00031673837139570597,0.1510283953957553,0.15157837188238,0.0007868217331424552,0.002092144335881511,23.98687400079022,0.025429352060684498,23.958121127448976,24.006408552639186,0.06317001243932233,0.0010601361419519174,0.03948833333333369,2.6857649437795666e-05,0.03946900000000096,0.039519000000000234,6.671809981739826e-05,0.0006801413777350802,2.238685727119446,518.8438536218082,502.3193224888629,502.3193224888629,0.06192472007038027,0.06192472007038027,555.902341615507,0.00041153796253262057,4.42334711551666,30,4.562898771371692,4.872807580186054,4.87912684533745,4.084716084009657,0.15393166813823417,0.16986331166699528,0.17000750577429263,0.1568923608414594,23.99502484081313,24.19993557771668,24.323921797145157,24.010045910875004,False
main,primary,llama32_1b,vllm_bf16,vllm,bf16,none,vllm-bf16,vllm-bf16,,balanced,512,512,1,3,cresco8-hbm04,0,True,True,521.0914030950433,82.70959331812912,0.316624050507653,82.37235827969302,83.00050223523812,0.7865377443132021,0.0038281417887017005,82.70959331812912,0.316624050507653,82.37235827969302,83.00050223523812,0.7865377443132021,0.0038281417887017005,165.41918663625825,0.633248101015306,164.74471655938603,166.00100447047623,1.5730754886264042,0.0038281417887017005,0.16154217444947094,0.0006184063486477598,0.16088351226502542,0.16211035592819945,0.0015362065318617229,0.0038281417887017005,198.93384708973974,0.7679658143282407,198.15153102767673,199.68660942972718,1.9077328407078347,0.0038604079977491647,1.2979037534764886,0.0059540827808263076,1.2924882810939222,1.3042796766744793,0.014790761574733906,0.004587460946066341,200.23175084321622,0.7703953499119928,199.44401930877066,200.98355273238823,1.9137681416734726,0.0038475184213677543,0.0025721146567038084,2.3797781771490564e-05,0.0025578055381737137,0.0025995859889018846,5.911696715456429e-05,0.00925222431646483,0.6888751896306671,0.0006319213977056272,0.6881455468948485,0.6892463954663453,0.0015697797749025272,0.0009173234966473753,2.4943217244235503,0.0006871859551455219,2.4935655529005953,2.4949080840620583,0.0017070645461621618,0.0002755001283181839,0.9938704154407089,0.0002540820446949095,0.9935772247088023,0.9940263425524468,0.0006311747891052576,0.0002556490672702464,0.9909204112365003,0.002671088861927713,0.9878914486311041,0.992938633404771,0.006635352573350903,0.002695563469718671,1.8829112463226114,0.0031815940839737935,1.8795092024539877,1.8858131487889274,0.007903517847481048,0.0016897206866162986,82.84353745804465,0.298775514780388,82.57143368139765,83.16326422021625,0.7421995236135799,0.0036065035843224355,0.9673806345073429,0.00816988522092081,0.9590039667865972,0.9753267074413055,0.020295119977961063,0.008445367758557086,8.145707448323568,0.0018998583904813863,8.143646240234375,8.147388458251953,0.004719509874780097,0.00023323430193560263,0.012664661379024278,1.607940994642996e-05,0.01264683973704596,0.012678082103795434,3.994346863062002e-05,0.00126962809862894,0.06474773477142055,0.009296935703489816,0.05935536790639162,0.07548287324607372,0.02309486858475714,0.14358704186811883,0.011974003473363588,2.162662813054843e-05,0.0119492081221769,0.011988970966838344,5.372352251709589e-05,0.0018061317736091608,6.182424042684336,0.014076041902796006,6.166443792637438,6.192984899505973,0.034966826522913434,0.0022767836378761804,0.011907333333333214,1.6165807537325687e-05,0.011889999999999873,0.011921999999999912,4.015809214436847e-05,0.0013576345840652132,2.3253211975097656,518.8438536218082,502.3193224888629,502.3193224888629,0.39861447067399175,0.39861447067399175,2420.9011389409097,0.0012651655793607084,2.1104978397488567,24,0.05952779110521078,0.0902521844021976,0.10064944074489175,0.06908663265251865,0.01197561946079689,0.012007618996491491,0.012282147520019467,0.011976401167432671,6.183967486489564,6.214670956507325,6.374918148880824,6.189027629210614,False
main,primary,llama32_1b,vllm_bf16,vllm,bf16,none,vllm-bf16,vllm-bf16,,balanced,512,512,2,3,cresco8-hbm04,0,True,True,521.0914030950433,169.57165395810213,0.382015593313915,169.31267897928137,170.0103903501679,0.9489793418277735,0.002252826957790384,172.93714133681524,1.8897565400905465,170.8154321609461,174.4395187560841,4.694415487265751,0.010927418630160108,342.5087952949173,2.194174327589172,340.12811114022753,344.449909106252,5.450631193318685,0.006406183892883327,0.3377678541734673,0.0036909307423643486,0.33362389093934786,0.3407021850704768,0.00916878024856592,0.010927418630160108,207.5651893166914,0.6957244072846832,207.00651497451878,208.3444711701578,1.7282752371210275,0.0033518356790703746,1.900619490452532,0.0010153330824534408,1.899457043284616,1.9013327697242781,0.0025222272001102996,0.0005342116544388866,209.46580880714393,0.6963300832402576,208.90597201780338,210.24553982850648,1.7297798196033702,0.003324313820979593,0.005198580033626029,3.393156026164076e-06,0.00519659254457036,0.005202497974326847,8.42906684644707e-06,0.0006527082403687333,0.6602151577988904,0.002469923682687657,0.6574807477650321,0.6622843416782881,0.006135630565309665,0.0037410890275864066,2.502379227135664,0.001050579043145268,2.501221418678315,2.503271701145989,0.0026097830202517374,0.0004198320669196923,0.999994249560377,4.980246314605403e-06,0.9999913275809583,1.0,1.2371617683916879e-05,4.980274953375828e-06,1.0,0.0,1.0,1.0,0.0,0.0,3.8067294305356554,0.0056251399160323545,3.8003523194362887,3.810986414648553,0.013973622199288058,0.00147768314472532,84.85000163823138,0.26457568614282195,84.65000012613832,85.15000199444829,0.6572424395596033,0.0031181577022340386,1.955083095267293,0.025810554703749076,1.925757034309981,1.9743473588047318,0.06411697230077795,0.013201768644120128,8.133265177408854,0.004127626423081303,8.13083267211914,8.138031005859375,0.01025359245759339,0.0005074993047744582,0.021165397966465705,0.00022493227551713245,0.020924138642807646,0.02136933418644208,0.0005587627482019242,0.010627358666891755,0.07161690946668386,0.0012507939906207344,0.07017264515161514,0.07234685495495796,0.003107144521731655,0.01746506516317355,0.011702698210724527,6.36783394497548e-05,0.011629319162911747,0.01174345804440357,0.00015818576444877466,0.005441338254061702,6.0516945300623775,0.03378730472275783,6.0127547373995185,6.07325042039156,0.08393231784020276,0.005583114705297191,0.011530000000000087,5.311308689959339e-05,0.01146900000000005,0.011566000000000146,0.00013194022215475234,0.004606512306989851,2.3487586975097656,518.8438536218082,502.3193224888629,502.3193224888629,0.4169973151128146,0.4169973151128146,1235.2623673328017,0.00243975601471144,2.2350780665874455,18,0.07201102655380964,0.0732233377173543,0.07454888898879289,0.07107786627279387,0.01173631134379196,0.011756926327998478,0.011762207183246947,0.011709042542005919,6.069840792566538,6.077628424484283,6.08081095257774,6.054398605237818,False
main,primary,llama32_1b,vllm_bf16,vllm,bf16,none,vllm-bf16,vllm-bf16,,balanced,512,512,4,3,cresco8-hbm04,0,True,True,521.0914030950433,305.23619202484593,0.18906685828257855,305.01902288443347,305.3641273118404,0.46966811270190867,0.0006194116661866516,276.4410785096574,7.5341036727836626,267.74166689453835,280.84460174284476,18.715751057798567,0.02725392229476655,581.6772705345034,7.722332086520302,572.7606897789718,586.2087290546851,19.183336358784693,0.013275973598597465,0.5399239814641746,0.014715046235905591,0.5229329431533952,0.5485246127789937,0.036554201284762826,0.02725392229476655,190.83454475431816,0.9039849523768613,189.79629372938243,191.44702390109515,2.2456231110541873,0.004737008980950794,2.7221607719152736,0.04374609079988791,2.6739453964064825,2.759313712970458,0.1086713138976557,0.016070355304219883,193.55670552623346,0.8693144407493343,192.55560744235288,194.12096929750166,2.1594967856345693,0.004491264915807904,0.009307168568074,0.0002125803821296085,0.009076561680086652,0.009495312703140477,0.0005280789440264564,0.02284049983351696,0.6655624493935881,0.0019664399049427925,0.6641170864252399,0.6678017324460876,0.0048849075257591254,0.0029545535610286744,2.5013758896146854,0.0034946010752544103,2.497342111647666,2.503486122905801,0.008681070318562734,0.0013970715436106337,0.9993515671609171,0.0011019422879816737,0.998079232633785,1.0,0.002737376393747718,0.0011026572871769332,1.0,0.0,1.0,1.0,0.0,0.0,7.3532744498155695,0.007641921482714652,7.347161572052402,7.3618421052631575,0.018983585345446464,0.0010392542172700113,76.1944473268207,0.17345826255578853,76.00001921101648,76.3333273142995,0.43089421142952444,0.0022765210411170036,3.9644636045049246,0.01866658129254044,3.95091472436124,3.9857556939143857,0.04637035853825293,0.004708475888473062,8.290506998697916,0.002535543884627117,8.288387298583984,8.293315887451172,0.00629864018360015,0.00030583701153926324,0.03045397379731608,0.0001840114865387282,0.030318634160753914,0.03066349781630905,0.000457109873106093,0.006042281633372431,0.07174545060843229,0.0008909455345955157,0.07073053997009993,0.07239868398755789,0.002213231401604279,0.012418146754113525,0.013097231143894765,1.5655051347647232e-05,0.013082553980664264,0.01311370845038422,3.888930343207832e-05,0.0011952947287598866,6.764036041684449,0.009017352453834017,6.755374202504754,6.773371164686978,0.02240034529071346,0.0013331319345821263,0.012747666666666496,4.0414518841753245e-06,0.012743999999999688,0.012751999999999498,1.0039523035704352e-05,0.00031703463777753147,2.3956336975097656,518.8438536218082,502.3193224888629,502.3193224888629,0.3853260204429521,0.3853260204429521,634.1200897654787,0.0038620231310822818,2.1529465913772556,12,0.07135143550112844,0.09899706607684489,0.12452879739925268,0.07542147254571319,0.013088198008704675,0.01311643652284405,0.013119103971471438,0.013090444633503921,6.7631161119788885,6.794304076489061,6.811898261290044,6.764638680266216,False
main,primary,llama32_1b,vllm_bf16,vllm,bf16,none,vllm-bf16,vllm-bf16,,balanced,512,512,8,3,cresco8-hbm04,0,True,True,521.0914030950433,551.272713036173,3.855749781272439,547.9798676766977,555.5142625826975,9.578213438731952,0.006994269242960763,511.0179188553405,15.033738226185417,494.59311408314426,524.0968010985733,37.34587607624971,0.02941919974129358,1062.2906318915132,17.347031275214533,1044.9171229322678,1079.6110636812707,43.09241457767284,0.01632983550304537,0.9980818727643369,0.029362769973018392,0.9660021759436411,1.023626564645651,0.07294116421142521,0.02941919974129358,179.86957422985725,1.5158813421865924,178.844382740696,181.61084122888428,3.765658008664421,0.008427669597135042,4.223757590152851,0.023642199289676744,4.205467955644075,4.250454345744766,0.05873047884420286,0.005597432803623839,184.0933318200101,1.5393868545054896,183.0498506963401,185.86129557462903,3.8240489382498053,0.008361991383862635,0.017286217601733378,8.155864718400067e-05,0.017229571940146873,0.017379696128348672,0.00020260291118911594,0.004718131465371716,0.6538205246898792,0.004158784377379578,0.6490731773945576,0.6568207027195988,0.010330993106886725,0.0063607430790769024,2.4907042707224107,0.0027170360922527895,2.487670043433099,2.4929123139540734,0.0067494918209519035,0.0010908706120557352,0.9993282153723041,0.001163565106913112,0.9979846461169122,1.0,0.002890455962159666,0.001164347297528891,1.0,0.0,1.0,1.0,0.0,0.0,15.446819051088015,0.054873847319667574,15.38433734939759,15.487179487179487,0.136314193515616,0.0035524367274699493,68.61110998401467,0.4882868894915412,68.24999983579619,69.16666330090585,1.2129718763392034,0.007116732109498075,7.95086846700373,0.03248209039281056,7.918964949146071,7.983899756298358,0.0806899857012638,0.004085351245289985,8.217847188313803,0.009124488996773206,8.208473205566406,8.226699829101562,0.022666487217335256,0.0011103259512720916,0.04959592231095274,0.00045387573042988456,0.049148343007307665,0.05005584276103062,0.001127489818409103,0.009151472727620812,0.07459990214556456,0.0012136471783664587,0.07321891468018293,0.07549678068608046,0.0030148667245394993,0.016268750272598286,0.014547104035994428,8.016233692759781e-05,0.014455058493463726,0.01460159520952144,0.00019913428422388182,0.005510535755381224,7.508174362592399,0.04203938306003519,7.459879171103239,7.536563489586115,0.1044316168381514,0.005599148478688229,0.013788666666666796,7.903374806566524e-05,0.01369800000000032,0.013843000000000018,0.0001963307140708937,0.005731790460692198,2.4893836975097656,518.8438536218082,502.3193224888629,502.3193224888629,0.3664866621253489,0.3664866621253489,333.94138077358565,0.0018609692274991641,2.3529946804046604,18,0.07492191810160875,0.08473567254841322,0.11683409802615635,0.07702633303900559,0.014574054030814517,0.014602255949991119,0.014604384186540944,0.014526348601347093,7.525287766009569,7.5418784078676255,7.557885775351897,7.49999046832737,False
main,primary,llama32_1b,vllm_bf16,vllm,bf16,none,vllm-bf16,vllm-bf16,,balanced,512,512,16,3,cresco8-hbm04,0,True,True,521.0914030950433,920.5391279503224,2.288167170904913,918.0026500531229,922.4480063527267,5.684122360033957,0.0024856815983474367,895.9267681487067,40.53917195104043,871.7392822092679,942.7285592546021,100.70488584671074,0.04524830978631024,1816.4658960990291,38.361444838730975,1792.9060096543856,1860.7312093077253,95.29511180112168,0.021118725609500573,1.7498569690404429,0.07917807021687584,1.7026157855649764,1.8412667172941448,0.1966892301693569,0.04524830978631024,163.93309193667582,0.4574124687398522,163.56327605574435,164.4445780870957,1.1362755634214858,0.002790238769586203,6.297865142325602,0.06352392083546032,6.224810489195683,6.340097883893891,0.1578021673456095,0.010086580039407282,170.23095707900143,0.39813748319134185,169.8919631096316,170.66938857629137,0.9890283364569754,0.0023388077587237713,0.029445509300831268,0.00040080080617569124,0.028986928354287546,0.029728826830578405,0.0009956443975209692,0.013611610588252802,0.6548758252538365,0.0002467113205585554,0.6546317168403913,0.6551250595987714,0.0006128648953152319,0.0003767299250402587,2.4778833073358886,0.0025505779480204764,2.47504539018775,2.479984261191579,0.006335986867436439,0.0010293373947309673,0.9996216456695732,0.0006553289235629913,0.9988649370087195,1.0,0.0016279272926235763,0.0006555769639462284,1.0,0.0,1.0,1.0,0.0,0.0,31.022139163429046,0.6564199730221048,30.37878787878788,31.690890481064482,1.6306376097303448,0.021159726270454492,57.57352701860901,0.15353365911494074,57.470585555962984,57.74999725366082,0.3813987526304441,0.002666740550137137,15.70609818547345,0.10548551244490992,15.589063516947544,15.793844924589028,0.2620405395077095,0.006716213740626767,8.372915903727213,0.014422317691120087,8.357826232910156,8.38656234741211,0.03582702326735535,0.0017224964226261936,0.08005806761321539,0.0014134997261221298,0.07867733292606614,0.08150219902367334,0.0035113279752087456,0.017655931104297598,0.07816579658538103,0.0007784921344341184,0.07734501548111439,0.07889365963637829,0.0019338816694488014,0.009959498507557153,0.01740395675540281,2.8281423739011614e-05,0.017371778564123024,0.017424868913677224,7.025495125206979e-05,0.0016249996559105472,8.971891342041394,0.014937648268410623,8.95470271911472,8.981729344464839,0.03710717538842085,0.0016649386064691047,0.015902000000000045,3.477067730140951e-05,0.01586200000000008,0.015925000000000182,8.637515074753257e-05,0.002186560011407962,2.6768836975097656,518.8438536218082,502.3193224888629,502.3193224888629,0.3388899241135119,0.3388899241135119,184.92608999782968,0.001180507223139628,2.2075146436691258,46,0.0782335689291358,0.0836316745262593,0.1152351754717528,0.07991883757969608,0.01739909514646299,0.017468365827400363,0.017473253374190274,0.01739215845299038,8.971575093455613,9.00277565093711,9.005909182503819,8.96731180705778,False
main,primary,llama32_1b,vllm_bf16,vllm,bf16,none,vllm-bf16,vllm-bf16,,balanced,512,512,32,3,cresco8-hbm04,0,True,True,521.0914030950433,1426.0575635966263,48.412986816404135,1385.2023221401566,1479.5299150188084,120.26452628910107,0.03394883071501187,1363.9321391376036,129.5885863258271,1233.8616139177407,1493.0333486904944,321.91589430440024,0.09501102188835014,2789.98970273423,166.25846366133607,2647.302067548655,2972.5632637093026,413.00891947879677,0.059591067127739,2.663929959253132,0.25310270766763104,2.4098859646830872,2.916080759161122,0.6287419810632817,0.09501102188835014,147.72908400130245,5.2693508238523465,143.51277952053843,153.63633356854388,13.089793097974285,0.035669014395336596,8.427007199749807,0.4951656182853722,7.991019401045337,8.965352420415936,1.230059585944862,0.05875936813013205,156.15609120105228,5.68860159872457,151.83742929832655,162.60168598895982,14.131269758514923,0.03642894462183001,0.04607515176791859,0.0027046492021764626,0.04389769988993515,0.049102731697321544,0.006718721080181993,0.0587008202555649,0.6235711417789942,0.02556059992930252,0.5940566505970752,0.6384523891851798,0.06349605021934321,0.04099067165998149,2.444408794518185,0.013849955490683713,2.428740099642325,2.455016275158706,0.034405196740470954,0.005665973515454343,0.9999300235198687,3.1883029239409314e-05,0.99989976222844,0.9999633123107053,7.920183529845512e-05,3.1885260457704216e-05,1.0,0.0,1.0,1.0,0.0,0.0,63.06918371707249,2.159329012162501,60.58741258741259,64.51818181818182,5.364070631189455,0.034237465667055746,44.42719310259113,1.639592367876312,43.043480165890855,46.23809694009258,4.072973232939567,0.03690515320403363,31.782544321023735,0.009596086691147771,31.775323460180463,31.793433436511755,0.023838000834705622,0.0003019294677676289,9.74447758992513,0.009781083399044568,9.738327026367188,9.755756378173828,0.024297558133341713,0.0010037565696859197,0.12563636093592703,0.005101238243383618,0.12191601075647666,0.13145151738116545,0.012672178297012254,0.04060319962614315,0.08248107476780812,0.0022567444158754996,0.07992589753121138,0.08420160505920649,0.005606063909258299,0.02736075423639234,0.022497138569820416,0.0008444035551497739,0.021524609965062655,0.023043887983140065,0.002097614715283603,0.03753382024692371,11.579144998763999,0.4342553022908355,11.079000460915267,11.860350023955107,1.078749972948204,0.03750322690813437,0.01960566666666637,0.0008385501376386345,0.018639999999999417,0.02015000000000009,0.0020830740201015618,0.042770804578879267,3.0518836975097656,518.8438536218082,502.3193224888629,502.3193224888629,0.31087016606755047,0.31087016606755047,109.49648240841678,0.0013223190117413884,4.1692068800330135,102,0.0826787669211626,0.08839184809476137,0.09015005956403911,0.08324133106233443,0.022925882454443935,0.02311325270542237,0.02315000967379594,0.022501535361616917,11.798362264875323,11.899585818359629,11.914797197319567,11.581525900848575,True
main,primary,llama32_1b,vllm_bf16,vllm,bf16,none,vllm-bf16,vllm-bf16,,balanced,512,512,64,3,cresco8-hbm04,0,True,True,521.0914030950433,1965.183973105187,58.960225204788244,1897.5135288201268,2005.48768687222,146.4653189245068,0.030002394692658314,1747.8373134595906,210.63538777291623,1505.7783861756557,1889.4306622855338,523.2473101958556,0.12051200998563992,3713.0212865647773,187.52092605705636,3511.2660730478756,3881.9813659087476,465.82780416067885,0.05050359574710315,3.413744752850763,0.411397241743977,2.9409734104993275,3.690294262276433,1.0219674027262804,0.12051200998563992,130.8868877067539,3.5768202926670254,126.75709332384277,132.99913647887448,8.885314177168011,0.027327567759734103,10.903655420117774,0.6391573023201814,10.21631383426592,11.480120575901148,1.5877547584341694,0.0586186262948942,141.79054312687165,3.5461476876850857,137.77162517402903,144.47925705477562,8.809119202414754,0.02500976164899838,0.06872391968022253,0.003319568648122451,0.06562903553894625,0.0722298829081768,0.008246265665545042,0.04830295861424449,0.6714746212422491,0.015201401774678571,0.65392726150546,0.6806359099546927,0.03776237541994743,0.022638832941378337,2.198851414269951,0.018247718685713205,2.180421606699532,2.216911423024629,0.045329846140591344,0.008298750232639844,0.9986084253765389,0.0010829513176111325,0.9977437452073236,0.9998230887383409,0.002690200208067524,0.001084460425219015,0.9999682601118205,5.497509895352162e-05,0.9999047803354614,1.0,0.00013656571651764917,5.4976843912399865e-05,121.92284378609173,8.076795935149292,112.63048327137547,127.25725338491296,20.063873372616133,0.06624514065075184,30.636719672064604,0.9521058994205711,29.542857270993444,31.279068006038475,2.3651621703306076,0.031077279474170574,63.59495897208698,0.11852070661085023,63.461567533830326,63.68815376752754,0.29442175691530975,0.001863680840848898,10.78316879272461,0.06119512848756849,10.747333526611328,10.853828430175781,0.15201712645137583,0.005675059870050144,0.17096536055774303,0.004448287818934723,0.16713895576154525,0.17584609295094036,0.011050159523735371,0.026018649651736486,0.09565908803294103,0.0056949749524545625,0.08958389610052109,0.10087653994560242,0.01414710204686592,0.05953407114328174,0.03334672639568063,0.0012157691121074362,0.03194287744097397,0.03404943714986342,0.003020137900167297,0.03645842466458458,17.135079664488632,0.6288765205752653,16.40892149321735,17.500690716318786,1.562215880795349,0.03670111449079353,0.027861666666666774,0.0013616616074978239,0.026302999999999938,0.02881999999999971,0.00338255494982792,0.04887222375418383,3.8018836975097656,518.8438536218082,502.3193224888629,502.3193224888629,0.2822717279206701,0.2822717279206701,72.16022048976998,0.0023609000947326948,7.3848467320203754,198,0.09588917251676321,0.11018702108412974,0.1516565312538296,0.09781204155091235,0.03403209541138779,0.034082645980491794,0.034088920242464765,0.033302074853403675,17.491654597222805,17.513262223871426,17.516231657732277,17.115172291640192,True
main,primary,llama32_1b,vllm_bf16,vllm,bf16,none,vllm-bf16,vllm-bf16,,balanced,512,512,128,3,cresco8-hbm04,0,True,True,521.0914030950433,2470.1370778460678,27.771655376895005,2445.743212740315,2500.360916713528,68.98861643947872,0.01124296122104753,1806.500610698844,28.296285132275962,1774.3995532645065,1827.8257328586471,70.2918689995269,0.01566359012817026,4276.637688544912,46.26827489475698,4238.706657348867,4328.186649572175,114.93676652369685,0.010818843742290302,3.5283215052711796,0.05526618189897649,3.4656241274697392,3.569972134489545,0.13728880663970097,0.01566359012817026,117.48811682044312,1.280395086580716,116.2638455271676,118.81808352525972,3.1806777205149857,0.010898081620778224,11.489696823309195,0.17310476350907938,11.295997092952064,11.629273377971211,0.4300160711165265,0.015066086265905733,128.97781364375228,1.3450727600297887,127.8076655261719,130.44735690323094,3.3413459682381,0.010428714226347443,0.08043506600488104,0.0008475699509694404,0.07977780157180318,0.08139169298297812,0.0021054804785495653,0.010537319021010157,0.6548927515503139,0.005620149450076299,0.6484369700678628,0.6586935680540288,0.013961225194607413,0.008581786005070046,2.1906550954754227,0.0019127019628875138,2.188998526510958,2.192748395075475,0.004751415077347753,0.0008731187154189662,0.968778152372666,0.0020110858591883794,0.9669150112331873,0.9709101375182141,0.004995814224377667,0.00207589926988234,0.9994070564865917,0.0005162505986467695,0.9990574041598128,1.0,0.001282437580812124,0.0005165568877026392,222.72348822459958,1.723687450837997,221.24019957234498,224.61447562776956,4.281876999897461,0.007739136381968794,19.27493733198509,0.23735849138747261,19.070422482429425,19.535211561777942,0.5896311796597866,0.012314358656492063,127.2881535686491,0.034150758674059666,127.25527548962184,127.32344859547769,0.08483518750711631,0.00026829487046994886,14.207687377929688,0.2821955323743203,13.881942749023438,14.37778091430664,0.7010125640585103,0.019862172137365908,0.19931035947537593,0.003371968508886245,0.19554063773695915,0.20203906282757597,0.008376434135758849,0.016918179856591147,0.1775128028045098,0.0031378830499809753,0.17483217734843493,0.18096427526324987,0.007794933619519886,0.017676939355391982,0.05485798572284271,0.0001476636503228158,0.05471712111362389,0.055011619139397096,0.00036681684242162053,0.002691743934399128,28.21850215923041,0.06824273789009049,28.159533084370196,28.293253212235868,0.16952435874586694,0.002418368540789751,0.04413233333333422,6.553116306989933e-05,0.04406800000000112,0.04419900000000052,0.00016278843347679748,0.001484878729953806,5.301883697509766,513.0613890654022,499.79010877944296,502.3193224888629,0.2580639580057598,0.25676458752313264,52.21515868114408,0.004469401364685442,14.598685130476948,390,0.1765152756124735,0.269849602645263,0.3615169715322554,0.19215885256775297,0.05478973881707849,0.055216078375194606,0.055363129857843724,0.054893050963983704,28.197796014603227,28.36260210806504,28.483759076120332,28.242507895163428,True
main,primary,llama32_1b,vllm_bf16,vllm,bf16,none,vllm-bf16,vllm-bf16,,balanced,512,512,256,3,cresco8-hbm04,0,True,True,521.0914030950433,2947.580034030878,8.64074998708545,2938.689521918765,2955.947235538824,21.46481290072514,0.00293147255963362,2135.696384159671,4.811933613473229,2132.067381692494,2141.1547104330207,11.953505755667885,0.002253098169366697,5083.276418190549,9.304444959248576,5072.556582272264,5089.258055068066,23.11352261017465,0.0018304031088989257,4.171282000311858,0.009398307838814901,4.164194104868153,4.1819427938144935,0.02334669092903884,0.002253098169366697,115.10071668928464,0.45537673545823903,114.6494868239804,115.56012999166961,1.1312185216055652,0.003956332754100327,14.34317451191177,0.035622438516652116,14.304708558692905,14.375026361612557,0.088491042903723,0.0024835811965522882,129.4438912011964,0.4904823682563354,128.9541953826733,129.93515635328217,1.2184257479341758,0.0037891503701319666,0.10070376336255586,0.00031718863270646425,0.10051370014260713,0.10106993259078935,0.000787940244244652,0.0031497197534169096,0.6213649281774317,0.0021356700079400394,0.6194078516723186,0.6236428797774899,0.005305298406577979,0.003437062362377484,2.0819170648585446,0.0061436274989523495,2.0764008234207707,2.088538146766212,0.015261616757093893,0.002950947279626519,0.9353067301926362,0.0017864462459727915,0.9336133882195033,0.9371736143487266,0.004437778489635818,0.0019100111100503407,0.9849284159106846,0.006159492050838406,0.9790655892508966,0.9913469182833621,0.015301026488714066,0.00625374590816655,442.97363581597307,1.1360081852733859,441.8181818181818,444.08914450035945,2.8220007738946737,0.0025645051836568527,11.501354801056479,0.03719003732403598,11.467213117642864,11.540983523125291,0.09238517421804011,0.003233535350167601,254.5402954875733,0.008944868810248799,254.53261506663011,254.5501164194591,0.022220285938198348,3.514126827390867e-05,20.081684112548828,0.12644109188773003,19.937286376953125,20.17257308959961,0.3140970846731989,0.00629633905100212,0.23561449188993863,0.001990739099062461,0.2336320985712349,0.23761347310364977,0.004945270070236936,0.008449136906198387,0.3458140166476369,0.0019011809610312803,0.3436847599223256,0.3473414499312639,0.004722795322159538,0.005497697807224703,0.09218085615604688,0.0003798826375773241,0.09193644621236334,0.09261851104927739,0.0009436807860450138,0.004121057814154448,47.44831471517682,0.1870068215778193,47.33300216216594,47.664081119932234,0.4645506978360263,0.003941274262329138,0.07079266666666748,0.00025413054387984257,0.07063900000000285,0.07108599999999933,0.000631295267759539,0.0035897862850178407,8.301883697509766,503.5228992634509,495.1943897408306,502.3193224888629,0.26140015695441005,0.25769243866597696,43.91523698362684,0.001312310744283158,28.987277112901207,774,0.34609420970082283,0.44955359883606416,0.5110389903560281,0.3476465277383417,0.0921158231621692,0.09297817379715552,0.09358188938121667,0.09228467871405906,47.40675278427079,47.87892740815878,48.06449288107455,47.50511735062252,True
main,primary,llama32_1b,vllm_bf16,vllm,bf16,none,vllm-bf16,vllm-bf16,,decode,128,512,1,3,cresco8-hbm06,0,True,True,527.056184978525,83.28282471940643,0.4511390816466995,82.76196977605565,83.55093769557533,1.1206916059629775,0.005416952212736077,20.82070617985161,0.11278477041167488,20.690492444013913,20.887734423893832,0.28017290149074436,0.005416952212736077,104.10353089925803,0.5639238520583745,103.45246222006956,104.43867211946916,1.4008645074537218,0.005416952212736078,0.1626617670300907,0.00088113101884121,0.1616444722188587,0.16318542518667056,0.0021888507928964403,0.005416952212736077,199.25572601581328,1.1618751174316109,198.17017962320716,200.48124774608152,2.886257795556208,0.005831075174920707,1.0403314719606396,0.006461723159516052,1.033729081125831,1.0466426827664685,0.01605181018344432,0.0062112156881480255,200.29605748777394,1.1682707356987974,199.20390870433297,201.527890428848,2.902145392083685,0.005832719576969749,0.0017705246122281411,1.0134494836262742e-05,0.0017615506884841442,0.0017815161498022074,2.5175480812299262e-05,0.005724006752726722,0.699305075295746,0.0009682430214919174,0.6986091861449053,0.7004108445645978,0.0024052490038271577,0.0013845788564918304,2.466022413564605,0.008230291607033037,2.457785268531704,2.474245834582159,0.020445177759732997,0.0033374763999554457,0.9938639482761475,0.0035148147183648388,0.9902876935115993,0.9973139191825594,0.008731283791705211,0.0035365149570635588,0.9932687858480733,0.003725921432975809,0.9894725699062842,0.9969201904045997,0.009255701942674036,0.003751171370793194,1.2223218630488677,0.0016038182980959328,1.220472440944882,1.2233300099700897,0.00398410551709534,0.0013121080024662973,83.38931352470082,0.39142469334752866,82.93877772659826,83.64582900819109,0.9723528420549045,0.0046939431061701255,0.9796042450227235,0.0070818506476819166,0.9723697441440968,0.9865228749273415,0.01759229226289015,0.007229297630817884,8.087974548339844,0.0,8.087974548339844,8.087974548339844,0.0,0.0,0.012518212346169256,4.805298060773397e-05,0.012463730550156373,0.012554557604268268,0.00011937022128967925,0.0038386455892353384,0.030018869787454605,4.6418985656923134e-05,0.02996572246775031,0.03005146374925971,0.00011531115281156042,0.0015463268932370804,0.011963886579417243,2.3356194668006922e-05,0.011947864596413015,0.011990685436014385,5.8020003977777977e-05,0.0019522246815837495,6.143546287125598,0.011713644961719626,6.135505089070648,6.156985688023269,0.029098307191461975,0.001906658534707668,0.01188166666666666,2.122105872313731e-05,0.01186700000000019,0.01190599999999995,5.2716032257413694e-05,0.0017860338383900117,2.3136024475097656,518.8438536218082,502.3193224888629,502.3193224888629,0.3987424901263175,0.3987424901263175,2405.0169375272762,0.0012357331035027154,2.10650525987148,24,0.030021498911082745,0.050509387534111716,0.05653126349672675,0.032879638757246234,0.011959455744226678,0.011996101602864564,0.01233646664903326,0.011964900981372407,6.1413133554160595,6.160698088724166,6.35558386452496,6.146944040238547,False
main,primary,llama32_1b,vllm_bf16,vllm,bf16,none,vllm-bf16,vllm-bf16,,decode,128,512,2,3,cresco8-hbm06,0,True,True,527.056184978525,173.39208508846545,0.7294322674843527,172.57708233918635,173.983704147883,1.8120102038254347,0.00420683716394663,44.926315491464145,0.9830851003690384,43.791862298473795,45.52844594524041,2.442118771686587,0.021882166156176806,218.31840057992954,1.7024260010417809,216.36894463766015,219.5121500931234,4.229060630652195,0.007797904329271127,0.35098683977706363,0.0076803523466331125,0.3421239242068265,0.35569098394719073,0.01907905290380146,0.021882166156176806,210.1608545353922,0.8392553113232545,209.2170340123718,210.82316330747548,2.0848257686448606,0.003993395026769457,1.4645535218938643,0.00725257382297997,1.4566524467459119,1.470908136356707,0.018016392140917808,0.00495207154573731,211.62540805728608,0.8453829945127332,210.67368645911773,212.28926329005446,2.100047777541503,0.00399471406705518,0.003648508465460227,3.148268411127661e-05,0.003612802972779489,0.0036722771008436523,7.820732286794515e-05,0.008628919025217431,0.6645160748132006,0.003492548357828263,0.6623802650288875,0.668546517714513,0.008675971085792874,0.005255777083812516,2.48530615237067,0.0005023966514139617,2.484810453608318,2.485814989200019,0.0012480224680345073,0.00020214678619563165,1.0,0.0,1.0,1.0,0.0,0.0,1.0,0.0,1.0,1.0,0.0,0.0,2.4795733157439592,0.012696006421389265,2.4649176327028677,2.4872122762148337,0.031538628339997425,0.0051202383655189546,86.71734503354746,0.3972426698461794,86.26315703215155,86.9999969615602,0.9868054968812799,0.004580890589910267,1.932113477882724,0.038313683494051065,1.9087521290535174,1.9763306530087197,0.0951764660436384,0.019829934386688564,8.075417836507162,0.0008326561714049321,8.074474334716797,8.0760498046875,0.0020684325963086386,0.00010310997997412337,0.020630321518213507,7.353583099803286e-05,0.02056805084992615,0.020711449765293478,0.00018267313094711234,0.003564453948675092,0.039924330388506256,0.0008003760599885457,0.03939175698906183,0.04084473941475153,0.001988244354199691,0.020047325833646656,0.0114826534103799,6.0736656234849436e-05,0.011446864721447288,0.011552781065280774,0.00015087821823860532,0.005289426935062388,5.908091235595445,0.032873451584414966,5.888602891936898,5.9460456389933825,0.08166218079624385,0.005564140815286822,0.011402333333333065,4.997332621809087e-05,0.01135900000000015,0.011456999999999426,0.00012414062423996103,0.004382728057247818,2.3253211975097656,518.8438536218082,502.3193224888629,502.3193224888629,0.42129657089187145,0.42129657089187145,1220.502856761458,0.0035203747278185565,2.1122599020600292,18,0.04064619028940797,0.044323875661939384,0.04487675486132502,0.04053978202864528,0.011472395831744557,0.011557183677509223,0.011561796496132,0.011491283070163207,5.905581620056182,5.9477225779090075,5.949174279244617,5.912585430882043,False
main,primary,llama32_1b,vllm_bf16,vllm,bf16,none,vllm-bf16,vllm-bf16,,decode,128,512,4,3,cresco8-hbm06,0,True,True,527.056184978525,314.5215478160215,1.9269801831094673,313.08591437201414,316.71159756541323,4.786884142657784,0.006126703230637314,75.36220802180318,2.6054624688934056,72.35430683799343,76.91938011442957,6.4723275755282295,0.03457253359853276,389.8837558378247,0.7643638229124549,389.0659044034067,390.58006862362356,1.8987849979944802,0.001960491586190624,0.5887672501703374,0.02035517553822973,0.5652680221718237,0.600932657143981,0.05056505918381429,0.03457253359853276,193.37472979204122,0.740632609273865,192.89042169117172,194.22731066814302,1.8398333952492552,0.0038300382375212887,1.9690477870065306,0.009841392023688571,1.9622010606647793,1.9803257507888186,0.024447373062163675,0.004998046308794806,195.34377757904772,0.7502775741413104,194.85503824073774,196.20763641893183,1.8637928162049833,0.0038408061082862155,0.006586334561958358,2.7478722363727523e-05,0.006554918951794462,0.00660589914824558,6.826093049445272e-05,0.004172081163693132,0.6795047107847939,0.0016069678415817996,0.6776580905194652,0.6805856306907474,0.003991929416843378,0.0023649105239106176,2.484527104278264,0.0014438906877696622,2.4828688362634748,2.4855060071461508,0.003586823309133739,0.0005811531237809141,0.999635569669168,0.000631211848820158,0.998906709007504,1.0,0.0015680171577578028,0.0006314419654245189,1.0,0.0,1.0,1.0,0.0,0.0,4.910261993854843,0.05360855899186316,4.874856486796785,4.971938775510204,0.13317104306427954,0.010917657562662416,78.64848543939304,0.46223164408091244,78.36363812183488,79.18181138397983,1.1482470586257507,0.005877184303022729,3.94781956269328,0.02854949881946894,3.924540887761878,3.979674026993148,0.07092088666901432,0.00723171319410351,8.093819936116537,0.0015197743054530342,8.092117309570312,8.095039367675781,0.0037753286655250475,0.0001877697202863931,0.03033298201977259,0.00033780339289178493,0.030100679482157153,0.03072049610937983,0.0008391501474396963,0.011136504570226144,0.040223815167943634,0.001196567437187199,0.038881405256688595,0.041178260929882526,0.002972438295369165,0.0297477360660906,0.012707543685735826,3.389409862912289e-05,0.012671702049322674,0.012739078568225388,8.419760861038935e-05,0.0026672423457547428,6.534553795432051,0.01855454310631278,6.514121152460575,6.550351460464299,0.046092040254688695,0.0028394506629179864,0.012561000000000036,4.7696960070804424e-05,0.012516000000000076,0.01261099999999999,0.00011848581724773497,0.003797226341119679,2.3487586975097656,518.8438536218082,502.3193224888629,502.3193224888629,0.3888836619128439,0.3888836619128439,621.088169372887,0.00324341346304944,2.13495250791311,12,0.041033532936125994,0.05969634181819854,0.07559808175079527,0.04341527206512789,0.012717471016960951,0.012739448924503361,0.012739811050641823,0.012691569731152203,6.53957160981372,6.550495412107557,6.550636164825409,6.528807404683903,False
main,primary,llama32_1b,vllm_bf16,vllm,bf16,none,vllm-bf16,vllm-bf16,,decode,128,512,8,3,cresco8-hbm06,0,True,True,527.056184978525,586.0906842671394,4.190494425046112,583.4494686114494,590.9224497988545,10.409765232136564,0.00714990791960121,134.41682845833975,1.1955955176701998,133.08894493645062,135.40786753828058,2.9700239134442015,0.008894686263489356,720.5075127254792,5.152427857976552,716.5384135479001,726.330317337135,12.799340349072528,0.007151109137622109,1.0501314723307793,0.009340589981798436,1.0397573823160204,1.057873965142817,0.023203311823782824,0.008894686263489356,184.43014249840812,1.3591769680267989,183.39590094468934,185.9695745472564,3.3763827632178436,0.007369603198341239,2.7890234255078603,0.010703307670268244,2.7816140506161733,2.8012947148395306,0.026588490224179914,0.0038376542743879076,187.219165923916,1.3693571290945608,186.1800624557572,188.77086926209594,3.4016716852379636,0.007314193086679245,0.012280690981376246,0.00010725907748085693,0.012163594796160153,0.01237418005648226,0.0002664463192977473,0.008733961113712255,0.6732377101028986,0.00435657286271231,0.6682280032444434,0.6761386127744963,0.010822326942251744,0.006471076704907759,2.483823922074806,0.0015531023469881932,2.48203356948906,2.48480912677572,0.003858120110361317,0.0006252868140873869,0.999959880434966,6.948912501649456e-05,0.9998796413048979,1.0,0.00017262055601000741,6.949191300181758e-05,1.0,0.0,1.0,1.0,0.0,0.0,9.678634781526428,0.08810348570615294,9.577639751552795,9.73972602739726,0.21886119137931068,0.009102883587912183,73.36060505964339,0.47589335170664865,73.00000080224127,73.90000036477112,1.1821846217457492,0.006487042348134117,7.902875160212098,0.05724672194088028,7.866184659237359,7.9688391310376225,0.14220874084742574,0.007243784164666456,8.103015899658203,0.003685674743349612,8.09918212890625,8.10653305053711,0.00915572362320049,0.00045485221663023995,0.049252511798911686,0.000335497977598401,0.04886559549519882,0.04946272475346752,0.0008334231783681554,0.0068117942688521805,0.04316485859453678,0.001176411231602155,0.041932989843189716,0.04427659325301647,0.002922367504949565,0.027253911397060595,0.013494732714666993,0.00022584292299222765,0.013253049027364256,0.01370040835072733,0.0005610249219369184,0.016735635137609374,6.940063322273393,0.11517525333728829,6.8171564233489335,7.045514040160924,0.28611119027555587,0.016595706406257935,0.01321866666666665,0.00019864876876870272,0.013,0.01338799999999992,0.0004934708978911056,0.015027897576813318,2.3956336975097656,518.8438536218082,502.3193224888629,502.3193224888629,0.3727094649600442,0.3727094649600442,319.43705576170265,0.0016434567658658943,2.213407121598718,13,0.043307836167514324,0.06826217025518411,0.08966826483607288,0.04751272621349646,0.013698268601572444,0.0137086844002489,0.013709557793465846,0.013647728687651085,7.044443925842643,7.0590025907382365,7.065382415316999,7.021502085603201,False
main,primary,llama32_1b,vllm_bf16,vllm,bf16,none,vllm-bf16,vllm-bf16,,decode,128,512,16,3,cresco8-hbm06,0,True,True,527.056184978525,1049.308214515053,24.310562534979507,1021.910146620458,1068.2999658645483,60.390785187007296,0.023168180901180543,244.36588760020106,10.338345248352226,233.36182706371716,253.8759561986209,25.681873308526594,0.04230682666013699,1293.6741021152538,34.53326886092772,1255.2719736841752,1322.1759220631693,85.78539548744392,0.026693947729542738,1.9091084968765708,0.08076832225275177,1.8231392739352903,1.9834059078017259,0.20063963522286402,0.04230682666013699,172.84564070194645,4.475617157559323,167.76573123781128,176.20841911997704,11.11804936444993,0.025893723089476343,4.369715960136454,0.08861565598055401,4.26882653173373,4.434950093268003,0.2201334928727879,0.020279500267057816,177.21535666208294,4.564219931946785,172.03455776954502,180.64336921324505,11.338150857671533,0.025755216804658258,0.022310887208335514,0.0005163769616133834,0.021717975979119487,0.02266199968149966,0.001282751483822858,0.023144617997103274,0.6633595911294671,0.014380289180834067,0.6530685076839831,0.6797906509202012,0.03572261865998517,0.021677969796667165,2.4725485046839597,0.0039081322609135685,2.4680746811640892,2.475297446817589,0.009708338731843475,0.0015806089358854072,0.9984044602963907,0.0027215034580221004,0.9952620644909037,1.0,0.006760589372731631,0.0027258526641739792,1.0,0.0,1.0,1.0,0.0,0.0,19.5787615459596,0.08962695471014177,19.48172323759791,19.65843621399177,0.22264569818480204,0.0045777642523378995,65.73535269089165,1.6983393999132668,63.833331757923624,67.09999825648036,4.218908950675972,0.025836012592788452,15.857374914550755,0.022294133220139404,15.83341287275723,15.877504173959693,0.05538169708293412,0.001405915754674014,8.341986338297525,0.007294824678619514,8.333992004394531,8.348281860351562,0.018121349084765714,0.0008744709452626937,0.08023052582142408,0.0013324786501410129,0.07889766018080936,0.08156261714361747,0.0033100604649174644,0.0166081256042971,0.045459047270317875,0.0017663953960055363,0.044376343954354525,0.04749738518148661,0.004387969417079512,0.03885685033172462,0.015080734926402878,0.0005293005516187843,0.014687980387593143,0.0156826574807356,0.0013148554611264744,0.03509779557839064,7.751238968844215,0.27268532397954165,7.548186799511313,8.061174862086773,0.677387896738436,0.035179579042213645,0.014458999999999833,0.00045498571406160605,0.014100999999999657,0.014971000000000003,0.001130247170608088,0.03146730161571418,2.4893836975097656,518.8438536218082,502.3193224888629,502.3193224888629,0.35279422615882355,0.35279422615882355,168.88099943980112,0.0028503127401819156,2.1306525915861103,23,0.0462033161893487,0.05049086743965745,0.091170748975128,0.048186197026592235,0.015099773469605208,0.015720471161109653,0.015735311955979017,0.01525267155427829,7.763815292157233,8.08917654203251,8.093643362559378,7.842301361262798,False
main,primary,llama32_1b,vllm_bf16,vllm,bf16,none,vllm-bf16,vllm-bf16,,decode,128,512,32,3,cresco8-hbm06,0,True,True,527.056184978525,1655.4507808558603,52.579198995761416,1620.4333712291257,1715.9118771545802,130.61397107899603,0.031761257781749465,381.47682894681753,10.449966317657728,374.2532384699251,393.45920370563107,25.95915541621429,0.027393449679520586,2036.9276098026778,63.02597813735164,1994.686609699051,2109.3710808602114,156.56520911094702,0.0309416877821481,2.998455070121978,0.07502685640797045,2.92385342554629,3.0739000289502427,0.1863770433971163,0.02502183779759566,148.59367656657022,4.5880092664354954,145.51647419359006,153.86697294754296,11.397246840612382,0.030876208008623163,5.021926980723841,0.12010535278019276,4.928930150679322,5.157526394436956,0.29835823622435415,0.023916188594777465,153.61560354729406,4.702620203146643,150.4957985906453,159.02449934197992,11.681956190675574,0.03061290711720463,0.03560287256168035,0.0012143007078861375,0.03476117180116807,0.03699489804534862,0.0030164901818650757,0.03410681836928796,0.6550280095045665,0.019097696828912464,0.633219816805887,0.668764785253697,0.04744130890027614,0.029155542284912513,2.452748135105473,0.003289721739897354,2.449281166775686,2.4558260028005185,0.008172121835243929,0.001341239115754496,0.9989992477622626,0.001019806816878824,0.9978950070489357,0.9999056212473895,0.00253334057250875,0.0010208284131976776,1.0,0.0,1.0,1.0,0.0,0.0,39.29177207416999,0.044976175400684715,39.252913752913756,39.34104046242775,0.1117270134431384,0.0011446715947497719,51.74487502195993,1.6300793246607757,50.727273113810085,53.624997736995375,4.049341523534343,0.031502237158153125,31.737980413446977,0.1258229360801667,31.60492528870577,31.855041742537566,0.3125615005198934,0.003964427932750791,8.395135243733725,0.005038708746337475,8.391281127929688,8.400836944580078,0.012516846415303148,0.0006001938741961846,0.13521319258744044,0.004051125816602426,0.1307593463108757,0.1386786876414752,0.010063554416067438,0.02996102480150094,0.051079592667520046,0.0007189088894913858,0.05026991479098797,0.051643007434904575,0.0017858686836981022,0.014074287830970077,0.01941410532137361,0.0007150580362986561,0.01858871582705972,0.01984569801239993,0.001776302634059628,0.03683188199826164,9.970934928394854,0.3651206786219439,9.549468306824565,10.191023726016283,0.9070100471046435,0.03661849979405311,0.01833866666666684,0.0006638865364901882,0.017574000000000523,0.018768000000000028,0.0016491855816185882,0.03620146156519096,2.6768836975097656,518.8438536218082,502.3193224888629,502.3193224888629,0.305812650777932,0.305812650777932,92.79604079360325,0.003464883819432908,3.748666308820245,80,0.05116457398980856,0.05647873510606587,0.11592958441004156,0.053068434575106946,0.01980079274985451,0.019866890129551232,0.019876491818978013,0.01948217064355921,10.168778724502772,10.205068733356892,10.2109101150278,10.008457633433864,False
main,primary,llama32_1b,vllm_bf16,vllm,bf16,none,vllm-bf16,vllm-bf16,,decode,128,512,64,3,cresco8-hbm06,0,True,True,527.056184978525,2282.3881158530835,14.596663490711228,2270.7545260185075,2298.766978547644,36.26012224300498,0.006395346781437067,526.8324916476425,47.937357372003675,471.9087011822274,560.2545179606683,119.08299724944703,0.0909916493989996,2809.2206075007257,33.475568863488164,2770.6756797298713,2831.0090439791757,83.15792303608609,0.011916318986877401,4.127550810121388,0.38705282111957,3.6867867279861515,4.412004328940263,0.9614925093824785,0.09377299975822395,120.60428542379418,0.6270248223840247,119.99845584321007,121.25054845909803,1.5576160074877083,0.005199026056003795,6.629927394074119,0.11571235571045588,6.496338785140634,6.698937987438012,0.2874454265358121,0.017453035128843265,127.23421281786831,0.5251631424200273,126.69739383064808,127.74688724423866,1.3045775669068993,0.004127530880171212,0.05466621137738844,0.0005011120729432146,0.05408842964490823,0.05498229621094812,0.0012448313982116215,0.009166760606177464,0.7380609248724689,0.001779441706848721,0.736703633398916,0.7400755094850695,0.004420378249844283,0.0024109685892884716,2.2027689205548575,0.0004918018807700842,2.2022071104709307,2.2031215623525857,0.0012217035987307056,0.00022326530766840662,0.9997624322874931,0.0003669791179284471,0.9993387364771004,0.999980202032541,0.0009116266662709271,0.00036706632103467366,1.0,0.0,1.0,1.0,0.0,0.0,78.59623411681251,1.1527054076465615,77.29190515126737,79.478125,2.8634789736733604,0.014666165886947838,35.74328279391067,0.21032873879998149,35.55555540225143,35.970589354595646,0.5224855519179189,0.005884427012837604,63.73199929880143,0.10330322027418216,63.62111899443547,63.82552782055834,0.2566194252283472,0.0016209003547786854,9.58423105875651,0.006428479495448934,9.5792236328125,9.591480255126953,0.01596922834385843,0.0006707350288237923,0.19691284651768,0.004344722598180224,0.19191610587375066,0.19979987048766107,0.01079288925323337,0.0220641907067761,0.0647387676872313,0.00012238041643962465,0.0646575577557087,0.06487952591851354,0.00030400980765738167,0.0018903729683406108,0.028115783678033596,2.6159098323333048e-05,0.02809570309270443,0.028145365618395302,6.498280265037646e-05,0.0009304061598599767,14.432002208661288,0.013502459346352207,14.421240751631558,14.447153284680098,0.03354196846364923,0.000935591552102783,0.026390333333333727,4.418521623079451e-05,0.02634400000000005,0.026432000000000698,0.00010976216194075942,0.001674295495729264,3.0518836975097656,518.8438536218082,502.3193224888629,502.3193224888629,0.25329348707403,0.25329348707403,55.7466778318008,0.002222712774701243,6.506029330193994,185,0.0647074356675148,0.0677123460918665,0.07149860378354786,0.06479806568775628,0.028113630671353022,0.028162788823903075,0.028175009126080574,0.028115942447446828,14.430070348083973,14.45656503625214,14.4628066540882,14.432044656333085,True
main,primary,llama32_1b,vllm_bf16,vllm,bf16,none,vllm-bf16,vllm-bf16,,decode,128,512,128,3,cresco8-hbm06,0,True,True,527.056184978525,3131.3760435101794,188.9529725435977,3014.310458365637,3349.3609054140716,469.38520484287574,0.06034183372361342,636.6374233756324,9.219061932755263,630.5756761491311,647.2467215178652,22.901419414119236,0.0144808671219376,3768.013466885812,198.16518579691055,3644.886134514768,3996.607626931937,492.2696111941164,0.052591421856220205,4.973729870122128,0.0720239213496505,4.926372469915087,5.056615011858322,0.17891733917280653,0.0144808671219376,105.2819438072979,6.578678567228595,101.2119103418281,112.871700172399,16.34234352233618,0.06248629469902108,7.694280832729617,0.43621012544797,7.438115915340059,8.19794806862847,1.0836060228726445,0.05669277414367789,112.97622464002751,7.01434065461215,108.65868885604841,121.06964824102747,17.424588143185538,0.06208687426900409,0.0740984644852626,0.0037941182783552954,0.07168798752169009,0.07847190973369374,0.009425112298103624,0.05120373687514004,0.697238030091766,0.025931551299284945,0.6673785540565284,0.7141053235184627,0.064417544506742,0.03719181998129391,2.1865872358846206,0.006599550577092935,2.1820989200652745,2.194164810489899,0.016394192469160216,0.003018196790316018,0.9741158966728202,0.010283372223662468,0.9678038993789216,0.9859820481262221,0.025545312744765788,0.010556620889553536,0.9985153462739368,0.00048770381688791406,0.9980785205917422,0.9990415618205752,0.0012115234436958448,0.0004884289647703776,154.25505648145023,1.2794203397841757,152.78048780487805,155.0707743547044,3.178256315238292,0.008294187360645976,24.491764709992168,1.5155701376402484,23.549020765924734,26.23999933480026,3.7648849337147796,0.061880805878472486,127.53357192639892,0.056108597449208514,127.48412746782286,127.59455169069427,0.13938148287699725,0.0004399515876618701,11.572625478108725,0.15285658783490436,11.47397232055664,11.748703002929688,0.3797168143301627,0.01320846234279805,0.2539805436016733,0.0031399862780181836,0.2513785501845998,0.25746825851776955,0.007800158327603526,0.012363097714062441,0.086348465954264,0.001988594707018111,0.0840916046872735,0.08784355968236923,0.004939943105090788,0.023029878817666608,0.040589014259006025,0.0034299807154693418,0.036731310516829124,0.04329462805416603,0.00852054444587377,0.08450514943728367,20.831238824563723,1.7511455153037359,18.862079970538616,22.213713553734124,4.350086613328475,0.08406343617158404,0.03886999999999959,0.0037239136670983884,0.03458599999999933,0.041333000000000536,0.00925071437574157,0.09580431353481933,3.8018836975097656,518.8438536218082,502.3193224888629,502.3193224888629,0.22490917546284983,0.22490917546284983,36.07632760471561,0.0027221364377779723,12.411816790699955,390,0.0870823971927166,0.10178043330088257,0.14276713919825854,0.08729179954777161,0.0417468885165765,0.04332414884794569,0.04333955330353179,0.0407044040756051,21.418071106541902,22.22600577166304,22.23238081240095,20.88724228218198,True
main,primary,llama32_1b,vllm_bf16,vllm,bf16,none,vllm-bf16,vllm-bf16,,decode,128,512,256,3,cresco8-hbm06,0,True,True,527.056184978525,3681.584856997862,31.270000856110162,3657.711798587606,3716.9813684098567,77.67898837312836,0.008493624911747707,764.7529117995806,50.13179605608753,707.059605686166,797.6994182789149,124.5342851407035,0.06555293256500291,4446.337768797443,19.42075449073148,4424.040974096023,4459.561115429783,48.24382862107064,0.004367809082570896,5.9746321234342235,0.39165465668818383,5.523903169423172,6.232026705304023,0.9729241026617461,0.06555293256500291,89.24054075156035,1.0173154156825228,88.58963541939862,90.41285370210841,2.5271515888419183,0.011399700260833923,12.073269591923856,0.24511776575434746,11.791737066502533,12.239280595390206,0.6089062857303581,0.02030251738255837,101.31381034348419,0.7724492860590398,100.82891601478882,102.20459076861094,1.9188704019138794,0.007624323707105726,0.09140172222013804,0.0003647245593615679,0.09100932895978282,0.09173037507373434,0.0009060260323115927,0.0039903466860628815,0.6848140443600773,0.0015281928143550717,0.6834333185277507,0.6864560219092755,0.003796241400965305,0.0022315442081552042,2.0920853384270734,0.004220756659654304,2.087398162529102,2.0955854614408644,0.01048494079036861,0.0020174878061272896,0.9329754088529936,0.002142889234912196,0.9305019090725163,0.9342698076815286,0.005323231960549197,0.0022968335655777668,0.9957727836962835,0.002943903075536104,0.9925479422190269,0.9983162594295684,0.007313060649677017,0.0029564004195901097,309.37576379530105,4.131287970111013,304.63425579655944,312.20051858254106,10.262688244653237,0.013353625117332998,14.386007644798227,0.13017601532365408,14.283950709912009,14.532608501019512,0.323375148830878,0.009048793698557768,254.95855273110865,0.03487435947203781,254.92930100173146,254.99714676625138,0.08663271153762646,0.00013678442671745928,14.811742146809896,0.1145082278564091,14.681377410888672,14.896053314208984,0.28445420712380554,0.007730908810147732,0.2993779578846467,0.0017467545443687043,0.2974813895176212,0.30092073576885897,0.004339178836837564,0.0058346130647392086,0.164618623132507,0.0013800987150120582,0.16381034906953573,0.16621216852217913,0.003428355263899625,0.008383612307953583,0.07084530228123176,0.00020958855608326846,0.07068860613050235,0.07108337543321566,0.0005206468361177463,0.002958397371942506,36.376363842748106,0.11050273664405136,36.29603880830109,36.50238538067788,0.27450401534910307,0.003037762023762056,0.065499666666666,0.0012660032912024063,0.06406299999999829,0.06645199999999932,0.0031449265188759324,0.01932839288549691,5.301883697509766,513.0613890654022,499.79010877944296,502.3193224888629,0.20271271592570453,0.20169204290509937,27.519223415868055,0.0016378717786016694,27.719723805785176,774,0.16513750795274973,0.22803057208657262,0.33734309850260613,0.16695748888634782,0.0707817999810097,0.07132463562757928,0.07137105058760194,0.07084866682147725,36.34021133789793,36.59029145152308,36.61134693795815,36.370626234661216,True
main,primary,llama32_1b,vllm_bf16,vllm,bf16,none,vllm-bf16,vllm-bf16,,prefill,4096,128,1,3,cresco8-hbm01,0,True,True,493.13264584891255,61.836468306260294,0.5473428191603167,61.20863736903048,62.21327572491022,1.3596749383318838,0.008851456659029538,1978.7669858003294,17.514970213130134,1958.6763958089753,1990.824823197127,43.50959802662028,0.008851456659029538,2040.6034541065899,18.06231303229043,2019.8850331780056,2053.038098922037,44.86927296495211,0.008851456659029528,0.48309740864265854,0.004276115774689974,0.4781924794455506,0.4860412166008611,0.010622460455717842,0.008851456659029538,161.02275886490986,0.2446904948350726,160.77300072110575,161.26204549978428,0.6078448859266532,0.0015196019280749986,7.826609844822987,0.16608003980216784,7.6877657193728135,8.010593293894749,0.41256569004156096,0.0212199206418886,168.84936870973286,0.3365394722968287,168.46076644047855,169.04382366773436,0.8360103946251076,0.0019931343236193563,0.033373119115335886,0.0009836439444958728,0.03241602974402408,0.03438132441028313,0.002443507017457046,0.029474138785063716,0.6606729598824289,0.000682873406560787,0.6600130486585964,0.6613766854394757,0.0016963515815890662,0.0010336027778135627,2.358766547062949,0.019564286319779068,2.3473221423344874,2.381356781307357,0.048600381450444256,0.00829428683569377,0.9781668617923968,0.005282166828731779,0.9726379543288698,0.9831617130450904,0.013121629819009259,0.005400067243182535,0.9652295327165349,0.015291078453325216,0.9561496137340658,0.9828837357513215,0.03798514463923808,0.015841909033067106,30.83260481977982,1.10830563209906,29.55776892430279,31.567164179104477,2.7531838168425624,0.035945896838014045,62.73888019327203,0.20023461375635662,62.533324927548044,62.93333211421969,0.4974103552299269,0.00319155543005419,0.8111442710482152,0.20536449013065677,0.5780175337356169,0.9653044091017876,0.510153674587943,0.2531787469389027,8.287796020507812,0.00672053850947085,8.281757354736328,8.295036315917969,0.01669474315464689,0.0008108957427090571,0.014392181758865282,0.0001316380116643928,0.014273628950751715,0.014533844386778034,0.00032700694907534795,0.009146494525286727,0.39676964733128745,0.0007413697474901155,0.3959171222522855,0.39726321399211884,0.0018416645480910153,0.0018685142688626586,0.01306095292420173,1.5864451628638173e-05,0.013042663414705925,0.013070992780776005,3.9409482566939027e-05,0.001214647332450116,2.0564073833326497,0.0009788419300112642,2.0556118339300156,2.057500469032675,0.0024315781521834583,0.00047599611727951294,0.012896333333333362,5.1032669274977475e-05,0.012854000000000042,0.012952999999999975,0.00012677217827725392,0.003957145644108974,2.4288368225097656,518.8438536218082,502.3193224888629,502.3193224888629,0.3361395055900452,0.3361395055900452,2730.6903696436516,0.002152487364607476,36.898368783295155,24,0.3963471227325499,0.43894237037748096,0.46072477618232366,0.40229511850823957,0.013060282772832263,0.013320380403095577,0.014437064691630051,0.013094784179213517,2.0560053354129195,2.108980559743941,2.2896292798686773,2.065332709268356,False
main,primary,llama32_1b,vllm_bf16,vllm,bf16,none,vllm-bf16,vllm-bf16,,prefill,4096,128,2,3,cresco8-hbm01,0,True,True,493.13264584891255,107.93863528930842,0.4820426369481666,107.59730517150173,108.4900698544022,1.1974602931145137,0.004465895234418571,3529.866714570417,77.16794602079547,3443.469828653776,3591.9483635859347,191.69580484857187,0.021861433379981535,3637.8053498597255,77.45457425216601,3551.1983594957974,3700.438433440337,192.4078288473717,0.021291566426211526,0.8617838658619182,0.01883983057148327,0.8406908761361758,0.8769405184535973,0.046800733605608366,0.021861433379981535,154.59231895039412,1.8216332231830088,152.88165767876302,156.50763831733383,4.525187786686217,0.01178346528178763,12.221693038447503,0.05057020369477297,12.164314029082888,12.259767769018534,0.12562335008908143,0.004137741271662375,166.8140119888416,1.7725467761018752,165.14142544778156,168.67195234641673,4.4032502923561365,0.010625886608496912,0.05460694032449221,0.00015424619128837723,0.05443050813342464,0.05471626682014757,0.0003831687806733131,0.002824662769453776,0.6235541187130514,0.0032077327797436508,0.6200226930953696,0.6262874700992171,0.007968449967378919,0.005144273261098917,2.3344965157747115,0.005308514636733937,2.329066810263326,2.3396749129674177,0.013187081402489377,0.0022739441249379146,0.998422233464515,0.000234455477753094,0.9981519960864498,0.9985714301743874,0.0005824196940129014,0.00023482597832335514,0.9998749653517427,0.0002165663634880916,0.9996248960552282,1.0,0.0005379806706373981,0.0002165934451733237,57.58630067748456,1.7601397797128997,55.87894736842105,59.39485981308411,4.372429604736733,0.030565251787411478,53.49999917866927,0.785703013043489,52.71429309241425,54.28569911846517,1.9517944849371927,0.014686037852440808,1.510421843247635,0.008129738570340427,1.5012207857632693,1.516634220338494,0.02019539016925387,0.005382429158241158,8.297527313232422,0.0030604548505874106,8.29486083984375,8.30086898803711,0.007602591309453409,0.0003688393825117963,0.021101185686002628,0.00011680879828025105,0.020971298481957272,0.021197613903707196,0.0002901691408722087,0.005535650935375429,0.4139231579999129,0.003744600524801073,0.4099713936448097,0.4174188105389476,0.009302103379098424,0.009046607932967745,0.016185583177650852,8.32446386114075e-05,0.016089463452478563,0.016234290096762142,0.000206791146075625,0.005143134955208298,2.468815678420166,0.014101514587234522,2.452541921287775,2.4774283040314913,0.03503010417894667,0.005711853951064627,0.012883333333333365,0.00013590560449567636,0.012782999999999902,0.013038000000000011,0.0003376082373659348,0.010548947308849367,2.5557899475097656,518.8438536218082,502.3193224888629,502.3193224888629,0.3320875875574946,0.3320875875574946,1545.4317456868675,0.002614182804897284,5.055099539458749,18,0.41282621398568153,0.42073578680865464,0.4211996032204479,0.41109506227076054,0.01619050734654421,0.01630889126539641,0.016463455606442617,0.016165278613655354,2.469174399971962,2.485411348892376,2.5013162320759146,2.46408544620499,False
main,primary,llama32_1b,vllm_bf16,vllm,bf16,none,vllm-bf16,vllm-bf16,,prefill,4096,128,4,3,cresco8-hbm01,0,True,True,493.13264584891255,163.75155110702008,8.345912931051828,154.11457121564743,168.5969962499335,20.73239705101058,0.05096692443296213,4850.438269314997,153.5470274017013,4757.886886297337,5027.681020613829,381.43196129572755,0.03165632029028708,5014.189820422019,145.2033221832978,4926.48388254727,5181.7955918294765,360.7050485069633,0.02895848130677206,1.1841890305944818,0.037487067236743485,1.1615934780999357,1.227461186673298,0.09312303742571473,0.03165632029028708,129.2079633815512,2.0199157581053115,127.6916357971582,131.5009309600503,5.017748909268162,0.015633059335054288,17.60789942105985,0.7526009080540852,16.744170168659547,18.12275176150038,1.8695642975946958,0.04274223120299859,146.81586280261106,1.2705621022773288,145.81438755865858,148.24510112870988,3.1562512333878927,0.008654120052310399,0.08558250156483027,0.004476325557666816,0.08044423524418781,0.088637592451538,0.011119809127871966,0.05230421494837843,0.6108145907088728,0.00686012465454929,0.6066482590241904,0.6187323576940398,0.017041494361674098,0.011231108029996243,2.243153277279386,0.020268083008282218,2.2311433415249384,2.2665541145287094,0.05034870934575993,0.00903553190661336,0.9978123924480872,8.408810414953925e-05,0.997760833607129,0.9979094254558356,0.00020888643062745988,8.427245921774225e-05,1.0,0.0,1.0,1.0,0.0,0.0,119.27240471699459,13.022699141935673,111.19371727748691,134.29545454545453,32.35017804726107,0.1091845106404577,37.55555125150454,0.7953484684647013,36.666672124735165,38.19998983934792,1.9757551244960325,0.021177920226449567,3.3971685013689346,0.11389937387890314,3.266668650036156,3.4765750146043026,0.2829417299973338,0.03352773753583488,8.45324452718099,0.008169861829224538,8.444644927978516,8.46090316772461,0.02029506186976621,0.0009664764579984349,0.027236201095011892,0.0003759937326464726,0.026925322637600606,0.027654104084125733,0.0009340202106488738,0.01380492570659324,0.4155891578023632,0.002673586909219001,0.4127024160698056,0.4179802145808935,0.006641558066832927,0.006433245090793361,0.023775669900099123,0.0003004910828698141,0.02359105796208532,0.02412240408126294,0.0007464612310015988,0.012638595847453337,3.4345399014030895,0.03641489128019669,3.4119802862405777,3.4765498591586947,0.09045960469842486,0.0106025529839733,0.01427000000000002,0.0003458955767277983,0.01403750000000025,0.014667499999999792,0.0008592522464771537,0.024239353659971815,2.8096961975097656,518.8438536218082,502.3193224888629,502.3193224888629,0.29227596118575777,0.29227596118575777,898.4444151717025,0.002156355735525379,2.7251921594142887,14,0.41594974836334586,0.7265741342678667,0.7362689316645264,0.458624360284635,0.023625033302599286,0.024126741370758202,0.02412965092573344,0.023363925502986486,3.4174538399092853,3.4794093486852944,3.4801800296641887,3.4258428991639187,False
main,primary,llama32_1b,vllm_bf16,vllm,bf16,none,vllm-bf16,vllm-bf16,,prefill,4096,128,8,3,cresco8-hbm01,0,True,True,493.13264584891255,209.34735524434845,4.650111904366984,206.6098022194502,214.71649340295386,11.551518345497168,0.02221242250201543,6199.336447049373,118.50623244395628,6062.6788390472975,6273.768591072408,294.3858010914823,0.01911595433739692,6408.683802293723,113.86001731965145,6277.395332450251,6480.378393291858,282.8439628842919,0.017766521306434243,1.5135098747679134,0.028932185655262763,1.4801462009392816,1.531681784929787,0.07187153346960017,0.01911595433739692,111.69014698830405,1.184347801044156,110.73967552491925,113.01692996578291,2.942083036402365,0.010603870018795643,22.01933598008567,0.22665277881277388,21.784626488728794,22.236965713392127,0.5630367153218178,0.010293352125502744,133.70948296838972,0.9640355167173668,132.97664123831137,134.8015564545117,2.3947969825443267,0.007209926291804408,0.10953304815055041,0.0014304228068468552,0.1079728455137491,0.11078265474627637,0.003553367238236031,0.013059280564170689,0.6005363093866863,0.0008111124525153052,0.5996147736695192,0.6011419301089429,0.0020149150317635683,0.0013506468132521,2.207276443719656,0.005810486527677692,2.203698193728503,2.2139807339147892,0.014434048707021382,0.0026324235662507148,0.9969323530008335,0.0007597971591938304,0.9960550164870111,0.997372505930977,0.0018874407764341633,0.0007621351207098353,1.0,0.0,1.0,1.0,0.0,0.0,247.14782608695654,11.203469621907228,239.44347826086957,260.0,27.830961390228957,0.04533104660190455,25.12836251708937,0.6543842329946954,24.37499778097865,25.55554147097656,1.6255805511569374,0.026041658406896186,7.116696312914915,0.17454664567847625,6.9740726385374385,7.311338588957605,0.43359790498942563,0.02452635858041609,9.470176696777344,0.0033638903752167717,9.466732025146484,9.473453521728516,0.00835636693926995,0.00035520882903499444,0.03364949050813278,0.0002232634246390073,0.03347622536665451,0.03390144382724587,0.0005546170928002859,0.006634971919858535,0.41454579091320437,0.0008915167795267792,0.4135622438043356,0.4153007725253701,0.002214650452680677,0.00215058697752751,0.038532786721515215,4.2718535558329936e-05,0.03849410878743712,0.03857863769228533,0.00010611872517119484,0.0011086282408554055,5.309207282960415,0.0042574078505585875,5.3056845320388675,5.3139382023364305,0.010575987395874502,0.0008018914356993529,0.01693433333333337,5.4176409380007633e-05,0.016884500000000115,0.016991999999999733,0.00013458166162810128,0.0031992053252765103,3.3175086975097656,518.8438536218082,502.3193224888629,502.3193224888629,0.26618423178685163,0.26618423178685163,638.8383653058389,0.001592630023124002,5.768897756934163,26,0.415701353456825,0.7205128432251513,0.9017692601773888,0.4540066605863663,0.0385105684582936,0.03862843863798056,0.03867276280561066,0.03828579976507149,5.309565389994532,5.370209370506927,5.429740275023505,5.316303230750446,False
main,primary,llama32_1b,vllm_bf16,vllm,bf16,none,vllm-bf16,vllm-bf16,,prefill,4096,128,16,3,cresco8-hbm01,0,True,True,493.13264584891255,269.1686189136173,12.810573730692251,261.3144004509988,283.95133676745894,31.82322931357074,0.04759311758702255,6927.868179275858,289.78306563011523,6593.974000467187,7113.795077537246,719.8610415583902,0.041828605587066046,7197.036798189474,277.04171299422507,6877.925337234646,7376.03519705964,688.2097669768659,0.03849385806446331,1.69137406720602,0.07074781875735235,1.6098569337078092,1.7367663763518666,0.17574732459921635,0.041828605587066046,100.81758833510548,2.0937204536350498,99.39113652497664,103.22125553255627,5.201089936737835,0.020767412593482953,25.20224564117348,0.8709250603831244,24.202060755818597,25.79307455465552,2.163497786606153,0.03455743876094416,126.01983397627896,1.2556952360605196,125.00273813802298,127.42331628837488,3.1193198903631694,0.009964266706595426,0.13222467184590517,0.003835625807158433,0.12791736250792815,0.13527126550092333,0.009528222715725062,0.029008397250011534,0.5771858049526618,0.002642875797549157,0.5745077341720244,0.5797920203427016,0.006565267436164092,0.004578899506660449,2.127645460872529,0.014658416426639181,2.1128014019344605,2.1421108991625197,0.0364135250399549,0.006889501421269638,0.9922032049628461,0.008099786169281512,0.982850672178775,0.9969437666131857,0.020120984280225948,0.008163434797194407,0.9979322447679227,0.003277861081482921,0.9941528864117106,1.0,0.008142658326390445,0.0032846529397847187,476.6771929824561,65.43930078168577,401.4,520.0,162.5602349023585,0.13728221476728852,15.407407138759218,1.3892601828659743,14.444443345081467,17.000000823289195,3.4511136116905266,0.0901683307485995,14.916898236750777,0.21047503578623544,14.673890933149577,15.041615684838048,0.5228489737785877,0.014109839220307067,10.644117991129557,0.0037034607478453204,10.640472412109375,10.647876739501953,0.00919990650770964,0.00034793495815544864,0.03749639200042852,0.0012631222597029566,0.036038134419932075,0.03824984083694695,0.003137769639879409,0.03368650134894369,0.5516394901399811,0.2252759875320861,0.4214964769780636,0.8117657778784633,0.5596165761802523,0.40837538203604906,0.0666654536212132,0.0009034847294089054,0.06562343673912559,0.06723045375872785,0.0022443804883152045,0.013552517538430326,9.018334527189532,0.11172949179071752,8.948623939417303,9.147204739041626,0.2775514440720203,0.012389149177585101,0.021166833333333367,0.00024153381405782695,0.020923000000000004,0.02140599999999995,0.00060000325616394,0.011410956483389575,4.333133697509766,517.2021553899893,501.6012539846562,502.3193224888629,0.251235085588789,0.25087594351713,468.7299695916158,0.0013233528453715773,6.484333239495752,54,0.4233048283495009,0.961728293867781,1.4299267680197953,0.565689469911848,0.0671512354825308,0.06731876296570569,0.06901553173666805,0.0665994451934519,8.960072595160455,9.2471572491806,9.439009974431245,9.023819009480238,False
main,primary,llama32_1b,vllm_bf16,vllm,bf16,none,vllm-bf16,vllm-bf16,,prefill,4096,128,32,3,cresco8-hbm01,0,True,True,493.13264584891255,294.0428662383371,2.746604494113867,290.9965084365155,296.3299917044912,6.822943803091195,0.009340830230812676,6706.103188194,63.323793666745246,6635.08954393357,6756.699728379511,157.3050238986586,0.00944271089926351,7000.146054432337,66.06815882856186,6926.086052370086,7053.029720084002,164.12240489194102,0.009438111478649645,1.6372322236801757,0.015459910563170226,1.6198949081869067,1.649584894623904,0.038404546850258445,0.00944271089926351,89.99080241070033,0.9694623193480048,88.87783490112588,90.65137593736436,2.40827790761332,0.010772904489989648,23.603882953030237,0.25161785639472506,23.331026035256325,23.826760081507114,0.6250534060199154,0.010660019662672606,113.59468536373055,1.2151900695994455,112.20886093638221,114.47813601887148,3.018699478836491,0.010697596156971632,0.13623909146521548,0.0011832636631343514,0.135089347590127,0.13745324398495076,0.002939389888535881,0.008685199309600959,0.5191457997523444,0.00326098441723775,0.5155208050199623,0.5218406685041316,0.00810073436829047,0.00628144235933987,2.034295597349831,0.006982102997715027,2.027972444657747,2.0417888093332675,0.017344505363948926,0.0034321968777845896,0.9901034257839255,0.004573774632331643,0.9849073473484685,0.9935199948158908,0.011361886049222034,0.004619491775528708,1.0,0.0,1.0,1.0,0.0,0.0,844.4480055824343,19.0955197620924,823.6978851963746,861.2816455696203,47.43590076648743,0.022613020145534953,8.416779101255592,0.08969626025745461,8.315789397256424,8.487179451711466,0.2228178627085154,0.010656839056649825,28.92517806374741,0.12116495307111967,28.798164887435966,29.03949494254573,0.30099042926642733,0.004188909496221166,12.762952168782553,0.011391866622353163,12.749820709228516,12.770187377929688,0.028298965483817346,0.0008925730091049792,0.03633009228594221,3.11503192750783e-05,0.03630272381802515,0.03636398957543037,7.738168284428521e-05,0.0008574247219055867,1.8621121287966769,0.008538618715496975,1.8530141124501824,1.8699516663327813,0.0212111047574232,0.004585448203387597,0.12467245871000715,0.00046628217905022456,0.12429400178508496,0.12519334488379674,0.0011583091452957825,0.0037400576187786153,18.221011232584715,0.1570289769754846,18.08633567392826,18.393491629511118,0.3900816035423756,0.008618016583770554,0.03040799999999975,6.415605972853065e-05,0.030334000000000742,0.03044799999999941,0.00015937248740894962,0.0021098414801542743,6.364383697509766,509.312921909443,498.1505527687348,502.3193224888629,0.22803284013711936,0.22614038576278161,386.31706480478255,0.0012588425368627366,13.34571726620197,102,1.8648246824741364,2.798942487873137,5.943406129898503,2.147924077532747,0.1251431009145527,0.13841328846811368,0.14018657150993666,0.12724101303873725,18.215818027500063,18.697831558715553,22.070590216619895,18.30753273345238,True
main,primary,llama32_1b,vllm_bf16,vllm,bf16,none,vllm-bf16,vllm-bf16,,prefill,4096,128,64,3,cresco8-hbm01,0,True,True,493.13264584891255,303.1462236609921,0.21656356320194142,302.898052369415,303.29691822322656,0.5379737143409687,0.0007143864785336204,7176.927464440475,1.3834869917321249,7175.361641029572,7177.984573229597,3.436772209877789,0.00019276870200888728,7480.073688101466,1.304519107697857,7478.658559252798,7481.228273619932,3.240605111131137,0.00017439923215902968,1.7521795567481628,0.0003377653788408508,1.7517972756419853,1.752437639948632,0.0008390557153021945,0.00019276870200888728,83.91761715353566,0.14925610432393782,83.7653377201863,84.06365404692053,0.37077271746003543,0.0017786027462011805,25.236043979440353,0.05672219576236862,25.171607661073118,25.278429643163513,0.14090574558658467,0.002247665910258353,109.15366113297601,0.1478454940974477,109.0437673633498,109.32174868100498,0.3672685673998307,0.0013544712340645682,0.15106949828682278,0.0007607628724440174,0.15043295179031543,0.15191204871980551,0.0018898397411376898,0.0050358469517097475,0.513513989974933,0.001503470920201136,0.5117862141323657,0.5145245673173454,0.003734828811391613,0.0029278090754149217,1.9671222331556983,0.01010913464203115,1.9559000940796316,1.9755158014140863,0.025112482597431252,0.005139047524166236,0.9904658523407504,0.0023833649149781764,0.9878566360149741,0.9925283661322797,0.005920606666159907,0.002406307001241499,0.997569058418943,0.0007915397232867117,0.9967725011692243,0.9983554833364309,0.0019662936769649416,0.0007934685990975209,1640.8136289477552,57.318035807109844,1605.4735294117647,1706.9467084639498,142.38589431189732,0.03493269119410447,4.577308441947756,0.12727628315944373,4.4305554106201015,4.657534271591202,0.3161718148077876,0.02780592236106435,60.792367805126254,0.03935459041783605,60.761540339609084,60.83669579586073,0.09776222218743473,0.0006473607105416532,18.164544423421223,0.18836920470205776,17.947124481201172,18.278675079345703,0.4679350451327993,0.010370158497296302,0.037358055462459704,0.0001931207977635534,0.03715501063217219,0.03753942297888693,0.0004797386566477518,0.005169455298807409,1.8693260581543047,0.0104594316030231,1.8572518527507782,1.8756078695878386,0.02598266848854289,0.005595295458166517,0.2534144562730209,0.0007884412679460397,0.25250765034474254,0.253937979771455,0.001958596687205004,0.00311127186484025,34.56808870099485,0.0669851905120275,34.50741311348975,34.63997009303421,0.1664004378797079,0.0019377753595644907,0.048174333333333375,8.305018563043283e-05,0.048079000000000635,0.04823099999999977,0.00020630809809242358,0.0017239509067158742,10.426883697509766,496.7786679611959,489.63791458796896,502.3193224888629,0.22292730583339115,0.2172993477379045,360.06969609730913,0.001813850935612472,16.411491483449932,198,1.8752209758386016,2.8133613605517893,11.541666913190857,2.330484224680924,0.2538152160489653,0.26527678987165315,0.26824010185662683,0.2545496764706751,34.63233026349917,35.06047771638259,44.07925595317036,34.65829313645666,True
main-v0-lustre-stall,failed,llama31_8b,vllm_bf16,vllm,bf16,none,vllm-bf16,vllm-bf16,,decode,128,512,1,3,cresco8-hbm01,0,True,True,494.3051106812884,18.286826690917557,0.03636232414015449,18.24484377241613,18.308360858607916,0.09032902068344716,0.0019884436351231137,4.571706672729389,0.009090581035038622,4.561210943104032,4.577090214651979,0.02258225517086179,0.0019884436351231137,22.858533363646945,0.04545290517519183,22.806054715520162,22.885451073259894,0.11291127585430576,0.0019884436351230578,0.035716458380698354,7.102016433623923e-05,0.03563446049300025,0.035758517301968586,0.00017642386852235773,0.0019884436351231137,274.3166308753944,0.51645806250995,273.732579769288,274.7130219372301,1.282952949618476,0.0018827078068939461,0.5460210759350601,0.003200628850568117,0.5440329465522019,0.5497132012645867,0.00795080282901237,0.005861731335346435,274.8626519513295,0.5184831994441275,274.2768968492764,275.2627351384947,1.2879836686481247,0.0018863355780178398,0.002552253099679711,2.0678998814190347e-05,0.0025372719658132963,0.002575846312762378,5.13694807955706e-05,0.00810225240466371,0.5416327892859492,0.0010915713834651157,0.5407617668075532,0.5428572986029627,0.0027116136387331743,0.002015334752728259,2.3470031561347717,0.0031026215669223748,2.343616268301457,2.3497080365007132,0.007707339239681772,0.0013219503172854758,0.9984539406558098,0.0004694463979761697,0.9979884673526777,0.9989272617491551,0.001166169500857957,0.0004701733138213921,0.9981305482168762,0.000393388777612582,0.9976767324468311,0.9983745781781521,0.000977231897846779,0.0003941255763741093,1.2195913146768358,0.0006824587652078223,1.2190709046454768,1.220363994097393,0.0016953215553673156,0.000559579883027175,18.297543139853744,0.03347641040312875,18.258928574692916,18.318385535315652,0.0831600135364432,0.0018295576705166514,0.9934012475677179,0.00382107414530045,0.9904152044047089,0.9977073221695846,0.009492074383735009,0.0038464559558950787,23.01863733927409,0.00401941010006358,23.013996124267578,23.020957946777344,0.009984768208558106,0.00017461546662476482,0.003508918608595968,2.405265033373552e-05,0.003485686085441916,0.003533715059435644,5.975009576157657e-05,0.006854718794221267,0.14137728170802197,0.0004950064535815953,0.14080832758918405,0.14170919079333544,0.0012296641989018302,0.003501315399484781,0.05452125541627679,0.00010033516455403119,0.05446056253504584,0.05463706779087768,0.0002492463660833439,0.0018402944647543296,28.00162945330764,0.05038634992139626,27.971288666129112,28.059792424552143,0.12516663199718875,0.0017994077810869849,0.05439033333333403,1.15470053651353e-06,0.05438900000000285,0.05439099999999962,2.868435148531599e-06,2.1229885270915452e-05,14.025886535644531,488.0040438957099,482.4086280450723,502.3193224888629,0.5697714260733507,0.5471870972222526,15030.63963326104,0.002279269214499367,2.0935468375682804,24,0.14154987828806043,0.16337451338768005,0.20235885931178926,0.14614117661646256,0.05448200423981259,0.05465946408843443,0.05466592660520058,0.054503406993440306,27.982383345719427,28.072789217717947,28.078811179287733,27.997382150264457,False
pmu-overhead,validation,llama32_1b,llama_cpp_bf16,llama_cpp,bf16,none,llamacpp-bf16,llamacpp-bf16__nopmu1,nopmu1,balanced,512,512,1,1,cresco8-hbm15,0,True,True,511.9975981702921,101.24347719476062,,101.24347719476062,101.24347719476062,,,101.24347719476062,,101.24347719476062,101.24347719476062,,,202.48695438952123,,202.48695438952123,202.48695438952123,,,0.19774116639601683,,0.19774116639601683,0.19774116639601683,,,0.0,,0.0,0.0,,,0.0,,0.0,0.0,,,0.0,,0.0,0.0,,,,,,,,,,,,,,,,,,,,,0.9853800784808381,,0.9853800784808381,0.9853800784808381,,,0.013817602160962826,,0.013817602160962826,0.013817602160962826,,,1.566547679755227,,1.566547679755227,1.566547679755227,,,103.21053199712321,,103.21053199712321,103.21053199712321,,,0.9571481068683076,,0.9571481068683076,0.9571481068683076,,,2.497600555419922,,2.497600555419922,2.497600555419922,,,0.014699181526190711,,0.014699181526190711,0.014699181526190711,,,0.3673815461806953,,0.3673815461806953,0.3673815461806953,,,0.009158602084621874,,0.009158602084621874,0.009158602084621874,,,5.05610188562423,,5.05610188562423,5.05610188562423,,,0.009139999999999872,,0.009139999999999872,0.009139999999999872,,,2.3253211975097656,518.8438536218082,502.3193224888629,502.3193224888629,,,,0.00861908475046316,1.2521583586931202,4,0.3673815461806953,0.4289041253738105,0.4371397647820413,0.38439400447532535,0.009158602084621874,0.009195821026500512,0.009199745502239075,0.009141973533290356,5.05610188562423,5.070878193620592,5.071887358445674,5.055942479986697,False
pmu-overhead,validation,llama32_1b,llama_cpp_bf16,llama_cpp,bf16,none,llamacpp-bf16,llamacpp-bf16__nopmu3,nopmu3,balanced,512,512,1,1,cresco8-hbm15,0,True,True,511.9975981702921,98.75784705675996,,98.75784705675996,98.75784705675996,,,98.75784705675996,,98.75784705675996,98.75784705675996,,,197.5156941135199,,197.5156941135199,197.5156941135199,,,0.1928864200327343,,0.1928864200327343,0.1928864200327343,,,0.0,,0.0,0.0,,,0.0,,0.0,0.0,,,0.0,,0.0,0.0,,,,,,,,,,,,,,,,,,,,,0.9831253959688486,,0.9831253959688486,0.9831253959688486,,,0.013362143943811756,,0.013362143943811756,0.013362143943811756,,,1.7902097902097902,,1.7902097902097902,1.7902097902097902,,,100.09999754351104,,100.09999754351104,100.09999754351104,,,0.9754158380104931,,0.9754158380104931,0.9754158380104931,,,2.4960250854492188,,2.4960250854492188,2.4960250854492188,,,0.014412867611727801,,0.014412867611727801,0.014412867611727801,,,0.3593817031942308,,0.3593817031942308,0.3593817031942308,,,0.00942267559344813,,0.00942267559344813,0.00942267559344813,,,5.1743689314462245,,5.1743689314462245,5.1743689314462245,,,0.009410000000000081,,0.009410000000000081,0.009410000000000081,,,2.3253211975097656,518.8438536218082,502.3193224888629,502.3193224888629,,,,0.0039399847269343145,1.6819031909108135,4,0.3593817031942308,0.42326897266320884,0.43129767975769934,0.37523345253430307,0.00942267559344813,0.009425689739406605,0.009426097923547117,0.009409001038761522,5.1743689314462245,5.21295780101791,5.217423831243068,5.183232983341441,False
pmu-overhead,validation,llama32_1b,llama_cpp_bf16,llama_cpp,bf16,none,llamacpp-bf16,llamacpp-bf16__pmu0,pmu0,balanced,512,512,1,1,cresco8-hbm15,0,True,True,511.9975981702921,100.29218284454548,,100.29218284454548,100.29218284454548,,,100.29218284454548,,100.29218284454548,100.29218284454548,,,200.58436568909096,,200.58436568909096,200.58436568909096,,,0.1958831696182529,,0.1958831696182529,0.1958831696182529,,,243.52366068075446,,243.52366068075446,243.52366068075446,,,1.2839028865398265,,1.2839028865398265,1.2839028865398265,,,244.8075635672943,,244.8075635672943,244.8075635672943,,,0.0,,0.0,0.0,,,0.29929406133064484,,0.29929406133064484,0.29929406133064484,,,2.467382985793098,,2.467382985793098,2.467382985793098,,,0.990733768738774,,0.990733768738774,0.990733768738774,,,0.013598467317379667,,0.013598467317379667,0.013598467317379667,,,1.7525672371638141,,1.7525672371638141,1.7525672371638141,,,102.24998675858541,,102.24998675858541,102.24998675858541,,,0.9490178303885967,,0.9490178303885967,0.9490178303885967,,,2.4977264404296875,,2.4977264404296875,2.4977264404296875,,,0.014926237172500195,,0.014926237172500195,0.014926237172500195,,,0.35979311168193817,,0.35979311168193817,0.35979311168193817,,,0.009275163506538609,,0.009275163506538609,0.009275163506538609,,,5.103423834312707,,5.103423834312707,5.103423834312707,,,0.009248999999999796,,0.009248999999999796,0.009248999999999796,,,2.3253211975097656,518.8438536218082,502.3193224888629,502.3193224888629,0.48735446280333367,0.48735446280333367,2440.9436171785196,0.013271199894699789,1.5645053237676594,4,0.35979311168193817,0.4039253161754459,0.41007167580537496,0.37101306207478046,0.009275163506538609,0.009294619053828215,0.00929646396265892,0.009261920361974643,5.103423834312707,5.111611448088661,5.112744377525523,5.103854367043823,False
pmu-overhead,validation,llama32_1b,llama_cpp_bf16,llama_cpp,bf16,none,llamacpp-bf16,llamacpp-bf16__pmu2,pmu2,balanced,512,512,1,1,cresco8-hbm15,0,True,True,511.9975981702921,101.37108549910405,,101.37108549910405,101.37108549910405,,,101.37108549910405,,101.37108549910405,101.37108549910405,,,202.7421709982081,,202.7421709982081,202.7421709982081,,,0.1979904013654376,,0.1979904013654376,0.1979904013654376,,,244.90757784633388,,244.90757784633388,244.90757784633388,,,1.2925749133272149,,1.2925749133272149,1.2925749133272149,,,246.2001527596611,,246.2001527596611,246.2001527596611,,,0.0,,0.0,0.0,,,0.30243078966534553,,0.30243078966534553,0.30243078966534553,,,2.4577221575277535,,2.4577221575277535,2.4577221575277535,,,0.9880193932553618,,0.9880193932553618,0.9880193932553618,,,0.012652028497795344,,0.012652028497795344,0.012652028497795344,,,1.8285714285714285,,1.8285714285714285,1.8285714285714285,,,103.15791275311277,,103.15791275311277,103.15791275311277,,,0.956068438621334,,0.956068438621334,0.956068438621334,,,2.496501922607422,,2.496501922607422,2.496501922607422,,,0.014924587414751498,,0.014924587414751498,0.014924587414751498,,,0.3538044188171625,,0.3538044188171625,0.3538044188171625,,,0.009172599258743329,,0.009172599258743329,0.009172599258743329,,,5.045164094306529,,5.045164094306529,5.045164094306529,,,0.009170999999999822,,0.009170999999999822,0.009170999999999822,,,2.3253211975097656,518.8438536218082,502.3193224888629,502.3193224888629,0.4901267813863953,0.4901267813863953,2428.7019473796313,0.0073782358764967765,1.6447266563773129,4,0.3538044188171625,0.4209101199172437,0.43037118239328265,0.37275210837833583,0.009172599258743329,0.009190834949974065,0.009193271362220909,0.009152247914916848,5.045164094306529,5.064652961865067,5.066900053098798,5.049550792900845,False
pmu-overhead,validation,llama32_1b,vllm_bf16,vllm,bf16,none,vllm-bf16,vllm-bf16__nopmu1,nopmu1,balanced,512,512,1,1,cresco8-hbm15,0,True,True,511.9975981702921,82.15419714595947,,82.15419714595947,82.15419714595947,,,82.15419714595947,,82.15419714595947,82.15419714595947,,,164.30839429191894,,164.30839429191894,164.30839429191894,,,0.1604574163007021,,0.1604574163007021,0.1604574163007021,,,0.0,,0.0,0.0,,,0.0,,0.0,0.0,,,0.0,,0.0,0.0,,,,,,,,,,,,,,,,,,,,,0.9842812055368249,,0.9842812055368249,0.9842812055368249,,,0.983592445579327,,0.983592445579327,0.983592445579327,,,1.7741935483870968,,1.7741935483870968,1.7741935483870968,,,82.66666967887443,,82.66666967887443,82.66666967887443,,,0.9798339878528455,,0.9798339878528455,0.9798339878528455,,,7.991371154785156,,7.991371154785156,7.991371154785156,,,0.012326211086175915,,0.012326211086175915,0.012326211086175915,,,0.058934804517775774,,0.058934804517775774,0.058934804517775774,,,0.011949194602507901,,0.011949194602507901,0.011949194602507901,,,6.164973246399313,,6.164973246399313,6.164973246399313,,,0.011891000000000077,,0.011891000000000077,0.011891000000000077,,,2.3253211975097656,518.8438536218082,502.3193224888629,502.3193224888629,,,,0.0007842255266707436,2.093308418989179,4,0.058934804517775774,0.0951811235398054,0.10024279750883579,0.06938094180077314,0.011949194602507901,0.012337117632231337,0.012389502411073988,0.012058001807608337,6.164973246399313,6.399448233610019,6.431278529567644,6.2310198654886335,False
pmu-overhead,validation,llama32_1b,vllm_bf16,vllm,bf16,none,vllm-bf16,vllm-bf16__nopmu3,nopmu3,balanced,512,512,1,1,cresco8-hbm15,0,True,True,511.9975981702921,83.186183469625,,83.186183469625,83.186183469625,,,83.186183469625,,83.186183469625,83.186183469625,,,166.37236693925,,166.37236693925,166.37236693925,,,0.16247301458911134,,0.16247301458911134,0.16247301458911134,,,0.0,,0.0,0.0,,,0.0,,0.0,0.0,,,0.0,,0.0,0.0,,,,,,,,,,,,,,,,,,,,,0.9892913945897404,,0.9892913945897404,0.9892913945897404,,,0.9887992637029429,,0.9887992637029429,0.9887992637029429,,,1.7645594823295172,,1.7645594823295172,1.7645594823295172,,,83.70834011255863,,83.70834011255863,83.70834011255863,,,0.9926773691640451,,0.9926773691640451,0.9926773691640451,,,7.9603729248046875,,7.9603729248046875,7.9603729248046875,,,0.012552703718029943,,0.012552703718029943,0.012552703718029943,,,0.058346330653876066,,0.058346330653876066,0.058346330653876066,,,0.011804677516863538,,0.011804677516863538,0.011804677516863538,,,6.090536541771144,,6.090536541771144,6.090536541771144,,,0.01175850000000014,,0.01175850000000014,0.01175850000000014,,,2.3253211975097656,518.8438536218082,502.3193224888629,502.3193224888629,,,,0.0007858386768571111,2.104596979916093,4,0.058346330653876066,0.09595240913331507,0.10124827973544596,0.0693070029374212,0.011804677516863538,0.01216517936268825,0.012215592127399056,0.011906710155344698,6.090536541771144,6.312330964952707,6.343410237133503,6.153635892318562,False
pmu-overhead,validation,llama32_1b,vllm_bf16,vllm,bf16,none,vllm-bf16,vllm-bf16__pmu0,pmu0,balanced,512,512,1,1,cresco8-hbm15,0,True,True,511.9975981702921,81.34421249047317,,81.34421249047317,81.34421249047317,,,81.34421249047317,,81.34421249047317,81.34421249047317,,,162.68842498094634,,162.68842498094634,162.68842498094634,,,0.1588754150204554,,0.1588754150204554,0.1588754150204554,,,194.58455992334987,,194.58455992334987,194.58455992334987,,,1.255875610508025,,1.255875610508025,1.255875610508025,,,195.8404355338579,,195.8404355338579,195.8404355338579,,,0.0024797150032047576,,0.0024797150032047576,0.0024797150032047576,,,0.6905232341533067,,0.6905232341533067,0.6905232341533067,,,2.4734104090686615,,2.4734104090686615,2.4734104090686615,,,0.9860441285554629,,0.9860441285554629,0.9860441285554629,,,0.9855012407832215,,0.9855012407832215,0.9855012407832215,,,1.7812817904374365,,1.7812817904374365,1.7812817904374365,,,81.91667975372675,,81.91667975372675,81.91667975372675,,,0.9700909624901451,,0.9700909624901451,0.9700909624901451,,,7.957141876220703,,7.957141876220703,7.957141876220703,,,0.012497245120902663,,0.012497245120902663,0.012497245120902663,,,0.060837802942842245,,0.060837802942842245,0.060837802942842245,,,0.012035211850752335,,0.012035211850752335,0.012035211850752335,,,6.210336267016828,,6.210336267016828,6.210336267016828,,,0.011993999999999914,,0.011993999999999914,0.011993999999999914,,,2.3253211975097656,518.8438536218082,502.3193224888629,502.3193224888629,0.38987239145712926,0.38987239145712926,2407.5521728948356,0.002578401720036317,2.1002486348152134,4,0.060837802942842245,0.0984431680291891,0.10374513171613216,0.07163616479374468,0.012035211850752335,0.012526685642370127,0.01259425189395284,0.012175001386724369,6.210336267016828,6.4995795312803235,6.539407849526032,6.293061873409897,False
pmu-overhead,validation,llama32_1b,vllm_bf16,vllm,bf16,none,vllm-bf16,vllm-bf16__pmu2,pmu2,balanced,512,512,1,1,cresco8-hbm15,0,True,True,511.9975981702921,81.92140653660049,,81.92140653660049,81.92140653660049,,,81.92140653660049,,81.92140653660049,81.92140653660049,,,163.84281307320097,,163.84281307320097,163.84281307320097,,,0.16000274714179782,,0.16000274714179782,0.16000274714179782,,,195.39944472028813,,195.39944472028813,195.39944472028813,,,1.2641981683977708,,1.2641981683977708,1.2641981683977708,,,196.66364288868587,,196.66364288868587,196.66364288868587,,,0.0025334076974947322,,0.0025334076974947322,0.0025334076974947322,,,0.6871128037001956,,0.6871128037001956,0.6871128037001956,,,2.466804248261936,,2.466804248261936,2.466804248261936,,,0.9837884668000978,,0.9837884668000978,0.9837884668000978,,,0.9828863108370127,,0.9828863108370127,0.9828863108370127,,,1.7753659767794043,,1.7753659767794043,1.7753659767794043,,,82.54166845716507,,82.54166845716507,82.54166845716507,,,0.981599823530717,,0.981599823530717,0.981599823530717,,,7.959171295166016,,7.959171295166016,7.959171295166016,,,0.012430093130192992,,0.012430093130192992,0.012430093130192992,,,0.05922810500487685,,0.05922810500487685,0.05922810500487685,,,0.011935114246335633,,0.011935114246335633,0.011935114246335633,,,6.157995671033859,,6.157995671033859,6.157995671033859,,,0.01190899999999965,,0.01190899999999965,0.01190899999999965,,,2.3253211975097656,518.8438536218082,502.3193224888629,502.3193224888629,0.39151120429584146,0.39151120429584146,2400.638016399552,0.0031555610064552884,2.0949419587850544,4,0.05922810500487685,0.0977780216373503,0.10321280719712375,0.07053942745551467,0.011935114246335633,0.012472597392614923,0.01254818660573425,0.012090367961715025,6.157995671033859,6.471252545109018,6.515331613896414,6.248717455891892,False
pmu-overhead-v1-7events,superseded,llama32_1b,llama_cpp_bf16,llama_cpp,bf16,none,llamacpp-bf16,llamacpp-bf16__nopmu1,nopmu1,balanced,512,512,1,1,cresco8-hbm15,0,True,True,509.40657705353516,101.53796967684531,,101.53796967684531,101.53796967684531,,,101.53796967684531,,101.53796967684531,101.53796967684531,,,203.07593935369061,,203.07593935369061,203.07593935369061,,,0.1983163470250885,,0.1983163470250885,0.1983163470250885,,,0.0,,0.0,0.0,,,0.0,,0.0,0.0,,,0.0,,0.0,0.0,,,,,,,,,,,,,,,,,,,,,0.9915469321762685,,0.9915469321762685,0.9915469321762685,,,0.013561631150043371,,0.013561631150043371,0.013561631150043371,,,1.837948717948718,,1.837948717948718,1.837948717948718,,,102.63157795632254,,102.63157795632254,102.63157795632254,,,0.9518182968349836,,0.9518182968349836,0.9518182968349836,,,2.498455047607422,,2.498455047607422,2.498455047607422,,,0.015002571750450371,,0.015002571750450371,0.015002571750450371,,,0.36907799821347,,0.36907799821347,0.36907799821347,,,0.009139638820593838,,0.009139638820593838,0.009139638820593838,,,5.041143955662847,,5.041143955662847,5.041143955662847,,,0.009127999999999817,,0.009127999999999817,0.009127999999999817,,,2.3253211975097656,518.8438536218082,502.3193224888629,502.3193224888629,,,,0.0014937954667506765,1.4779882505536053,4,0.36907799821347,0.43484753370285034,0.44346150830388065,0.3842755281366408,0.009139638820593838,0.009149441192812358,0.009150244568213967,0.009113479350509447,5.041143955662847,5.055887989932671,5.056760249333456,5.041263476246968,False
pmu-overhead-v1-7events,superseded,llama32_1b,llama_cpp_bf16,llama_cpp,bf16,none,llamacpp-bf16,llamacpp-bf16__nopmu3,nopmu3,balanced,512,512,1,1,cresco8-hbm15,0,True,True,509.40657705353516,100.47510020717147,,100.47510020717147,100.47510020717147,,,100.47510020717147,,100.47510020717147,100.47510020717147,,,200.95020041434293,,200.95020041434293,200.95020041434293,,,0.19624043009213177,,0.19624043009213177,0.19624043009213177,,,0.0,,0.0,0.0,,,0.0,,0.0,0.0,,,0.0,,0.0,0.0,,,,,,,,,,,,,,,,,,,,,0.99049291480656,,0.99049291480656,0.99049291480656,,,0.013499393291598941,,0.013499393291598941,0.013499393291598941,,,1.7551420176297747,,1.7551420176297747,1.7551420176297747,,,102.10000997473583,,102.10000997473583,102.10000997473583,,,0.9938603758200049,,0.9938603758200049,0.9938603758200049,,,2.49462890625,,2.49462890625,2.49462890625,,,0.014663580645879559,,0.014663580645879559,0.014663580645879559,,,0.3622351442463696,,0.3622351442463696,0.3622351442463696,,,0.009255299586146603,,0.009255299586146603,0.009255299586146603,,,5.092308869585395,,5.092308869585395,5.092308869585395,,,0.009235999999999876,,0.009235999999999876,0.009235999999999876,,,2.3253211975097656,518.8438536218082,502.3193224888629,502.3193224888629,,,,0.006385639031922764,1.4195421710610363,4,0.3622351442463696,0.42749846042133866,0.43585562122054394,0.3789873307105154,0.009255299586146603,0.009258280430761861,0.00925856957525569,0.009228195195904626,5.092308869585395,5.108669849485159,5.109968948811293,5.094595075817779,False
pmu-overhead-v1-7events,superseded,llama32_1b,llama_cpp_bf16,llama_cpp,bf16,none,llamacpp-bf16,llamacpp-bf16__pmu0,pmu0,balanced,512,512,1,1,cresco8-hbm15,0,True,True,509.40657705353516,99.85267753952003,,99.85267753952003,99.85267753952003,,,99.85267753952003,,99.85267753952003,99.85267753952003,,,199.70535507904006,,199.70535507904006,199.70535507904006,,,0.19502476081937506,,0.19502476081937506,0.19502476081937506,,,241.90121103047142,,241.90121103047142,241.90121103047142,,,1.2828232595298512,,1.2828232595298512,1.2828232595298512,,,243.18403429000125,,243.18403429000125,243.18403429000125,,,0.0,,0.0,0.0,,,0.3022527469062301,,0.3022527469062301,0.3022527469062301,,,2.413031421531925,,2.413031421531925,2.413031421531925,,,0.9864444574646395,,0.9864444574646395,0.9864444574646395,,,0.012997989626270605,,0.012997989626270605,0.012997989626270605,,,1.7594501718213058,,1.7594501718213058,1.7594501718213058,,,101.85001058109913,,101.85001058109913,101.85001058109913,,,0.9914366334398647,,0.9914366334398647,0.9914366334398647,,,2.496105194091797,,2.496105194091797,2.496105194091797,,,0.014555332250895382,,0.014555332250895382,0.014555332250895382,,,0.3772098417393863,,0.3772098417393863,0.3772098417393863,,,0.00926826640766719,,0.00926826640766719,0.00926826640766719,,,5.114924198482186,,5.114924198482186,5.114924198482186,,,0.0092650000000001,,0.0092650000000001,0.0092650000000001,,,2.3253211975097656,518.8438536218082,502.3193224888629,502.3193224888629,0.48412239665614887,0.48412239665614887,2435.428275759086,0.01341671649759706,1.4908721670508358,4,0.3772098417393863,0.46428355309180913,0.47495293564163144,0.3970635586883873,0.00926826640766719,0.009283225246342426,0.009283990908538058,0.009254966012736211,5.114924198482186,5.169615614693612,5.176631422992796,5.126351191196591,False
pmu-overhead-v1-7events,superseded,llama32_1b,llama_cpp_bf16,llama_cpp,bf16,none,llamacpp-bf16,llamacpp-bf16__pmu2,pmu2,balanced,512,512,1,1,cresco8-hbm15,0,True,True,509.40657705353516,98.80602254068751,,98.80602254068751,98.80602254068751,,,98.80602254068751,,98.80602254068751,98.80602254068751,,,197.61204508137502,,197.61204508137502,197.61204508137502,,,0.1929805127747803,,0.1929805127747803,0.1929805127747803,,,238.09686597786606,,238.09686597786606,238.09686597786606,,,1.2304974048184814,,1.2304974048184814,1.2304974048184814,,,239.32736338268455,,239.32736338268455,239.32736338268455,,,0.0,,0.0,0.0,,,0.3004089731092043,,0.3004089731092043,0.3004089731092043,,,2.402895523351066,,2.402895523351066,2.402895523351066,,,0.9820188995793361,,0.9820188995793361,0.9820188995793361,,,0.01305145476504791,,0.01305145476504791,0.01305145476504791,,,1.7777777777777777,,1.7777777777777777,1.7777777777777777,,,100.80002383076219,,100.80002383076219,100.80002383076219,,,0.9810597867913005,,0.9810597867913005,0.9810597867913005,,,2.4999237060546875,,2.4999237060546875,2.4999237060546875,,,0.014477062049500765,,0.014477062049500765,0.014477062049500765,,,0.366169988643378,,0.366169988643378,0.366169988643378,,,0.009386176906832277,,0.009386176906832277,0.009386176906832277,,,5.164260226301849,,5.164260226301849,5.164260226301849,,,0.009370000000000175,,0.009370000000000175,0.009370000000000175,,,2.3253211975097656,518.8438536218082,502.3193224888629,502.3193224888629,0.4764446690939124,0.4764446690939124,2422.1940852252355,0.011242357605429944,1.9152684137225124,4,0.366169988643378,0.452879589702934,0.4650365570001304,0.38804490165784955,0.009386176906832277,0.009409007341682969,0.009410624715031185,0.009378963458550448,5.164260226301849,5.226581307407469,5.234891029875725,5.180695228977129,False
pmu-overhead-v1-7events,superseded,llama32_1b,vllm_bf16,vllm,bf16,none,vllm-bf16,vllm-bf16__nopmu1,nopmu1,balanced,512,512,1,1,cresco8-hbm15,0,True,True,509.40657705353516,82.91898433466616,,82.91898433466616,82.91898433466616,,,82.91898433466616,,82.91898433466616,82.91898433466616,,,165.83796866933233,,165.83796866933233,165.83796866933233,,,0.16195114127864485,,0.16195114127864485,0.16195114127864485,,,0.0,,0.0,0.0,,,0.0,,0.0,0.0,,,0.0,,0.0,0.0,,,,,,,,,,,,,,,,,,,,,0.9868463613717682,,0.9868463613717682,0.9868463613717682,,,0.9862641651896774,,0.9862641651896774,0.9862641651896774,,,1.7668497254118822,,1.7668497254118822,1.7668497254118822,,,83.45833718727891,,83.45833718727891,83.45833718727891,,,0.9483653020464634,,0.9483653020464634,0.9483653020464634,,,7.9671630859375,,7.9671630859375,7.9671630859375,,,0.012594539783267616,,0.012594539783267616,0.012594539783267616,,,0.06047740066424012,,0.06047740066424012,0.06047740066424012,,,0.011844764143746134,,0.011844764143746134,0.011844764143746134,,,6.113151878118515,,6.113151878118515,6.113151878118515,,,0.011795000000000073,,0.011795000000000073,0.011795000000000073,,,2.3253211975097656,518.8438536218082,502.3193224888629,502.3193224888629,,,,0.0007945149885459509,2.0801721140742275,4,0.06047740066424012,0.09696522094309329,0.10180605970323085,0.07050703000277281,0.011844764143746134,0.012186290485303258,0.012233589440237898,0.011943192009352979,6.113151878118515,6.323500095214695,6.353038350921124,6.173478146782145,False
pmu-overhead-v1-7events,superseded,llama32_1b,vllm_bf16,vllm,bf16,none,vllm-bf16,vllm-bf16__nopmu3,nopmu3,balanced,512,512,1,1,cresco8-hbm15,0,True,True,509.40657705353516,83.64608121029781,,83.64608121029781,83.64608121029781,,,83.64608121029781,,83.64608121029781,83.64608121029781,,,167.29216242059562,,167.29216242059562,167.29216242059562,,,0.1633712523638629,,0.1633712523638629,0.1633712523638629,,,0.0,,0.0,0.0,,,0.0,,0.0,0.0,,,0.0,,0.0,0.0,,,,,,,,,,,,,,,,,,,,,0.9924016620548749,,0.9924016620548749,0.9924016620548749,,,0.9888568677878095,,0.9888568677878095,0.9888568677878095,,,1.7611496531219029,,1.7611496531219029,1.7611496531219029,,,84.08333785892424,,84.08333785892424,84.08333785892424,,,0.9579678909338563,,0.9579678909338563,0.9579678909338563,,,7.974983215332031,,7.974983215332031,7.974983215332031,,,0.012681650174700786,,0.012681650174700786,0.012681650174700786,,,0.07415214786306024,,0.07415214786306024,0.07415214786306024,,,0.011805786531593527,,0.011805786531593527,0.011805786531593527,,,6.104881038889289,,6.104881038889289,6.104881038889289,,,0.01174149999999986,,0.01174149999999986,0.01174149999999986,,,2.3253211975097656,518.8438536218082,502.3193224888629,502.3193224888629,,,,0.0009789996222831427,2.1071385592222187,4,0.07415214786306024,0.10218165419064462,0.10393160725943744,0.0777424918487668,0.011805786531593527,0.011879649492337892,0.011889276794538835,0.01182396743909516,6.104881038889289,6.171238226629794,6.17906318563968,6.1197898532263935,False
pmu-overhead-v1-7events,superseded,llama32_1b,vllm_bf16,vllm,bf16,none,vllm-bf16,vllm-bf16__pmu0,pmu0,balanced,512,512,1,1,cresco8-hbm15,0,True,True,509.40657705353516,79.53450571040673,,79.53450571040673,79.53450571040673,,,79.53450571040673,,79.53450571040673,79.53450571040673,,,159.06901142081347,,159.06901142081347,159.06901142081347,,,0.15534083146563815,,0.15534083146563815,0.15534083146563815,,,190.99339942727164,,190.99339942727164,190.99339942727164,,,1.2368477524100454,,1.2368477524100454,1.2368477524100454,,,192.23024717968167,,192.23024717968167,192.23024717968167,,,0.0023720599498856217,,0.0023720599498856217,0.0023720599498856217,,,0.6954446859781562,,0.6954446859781562,0.6954446859781562,,,2.4434500624899775,,2.4434500624899775,2.4434500624899775,,,0.9892040288301459,,0.9892040288301459,0.9892040288301459,,,0.9885012532041287,,0.9885012532041287,0.9885012532041287,,,1.7695390781563127,,1.7695390781563127,1.7695390781563127,,,79.84001104049835,,79.84001104049835,79.84001104049835,,,0.9729008234391198,,0.9729008234391198,0.9729008234391198,,,7.955970764160156,,7.955970764160156,7.955970764160156,,,0.012196270175674238,,0.012196270175674238,0.012196270175674238,,,0.060456412844359875,,0.060456412844359875,0.060456412844359875,,,0.012325584720783737,,0.012325584720783737,0.012325584720783737,,,6.35883020516485,,6.35883020516485,6.35883020516485,,,0.012246999999999843,,0.012246999999999843,0.012246999999999843,,,2.3253211975097656,518.8438536218082,502.3193224888629,502.3193224888629,0.3826853528692273,0.3826853528692273,2416.9414955517755,0.0012070111168745695,2.107057534158227,4,0.060456412844359875,0.10095457122661172,0.10666367066092788,0.07219940517097712,0.012325584720783737,0.012787502438810501,0.012850568558229771,0.012454079490049274,6.35883020516485,6.635368317458778,6.673304203916341,6.436234024586156,False
pmu-overhead-v1-7events,superseded,llama32_1b,vllm_bf16,vllm,bf16,none,vllm-bf16,vllm-bf16__pmu2,pmu2,balanced,512,512,1,1,cresco8-hbm15,0,True,True,509.40657705353516,79.12392149276101,,79.12392149276101,79.12392149276101,,,79.12392149276101,,79.12392149276101,79.12392149276101,,,158.24784298552203,,158.24784298552203,158.24784298552203,,,0.15453890916554885,,0.15453890916554885,0.15453890916554885,,,189.55836113298525,,189.55836113298525,189.55836113298525,,,1.2244508197175807,,1.2244508197175807,1.2244508197175807,,,190.78281195270284,,190.78281195270284,190.78281195270284,,,0.0024626380845252545,,0.0024626380845252545,0.0024626380845252545,,,0.6919165524472614,,0.6919165524472614,0.6919165524472614,,,2.432364672859486,,2.432364672859486,2.432364672859486,,,0.9850041380320051,,0.9850041380320051,0.9850041380320051,,,0.984475258016833,,0.984475258016833,0.984475258016833,,,1.7710843373493976,,1.7710843373493976,1.7710843373493976,,,79.68000471367864,,79.68000471367864,79.68000471367864,,,0.9433132943140118,,0.9433132943140118,0.9433132943140118,,,7.968631744384766,,7.968631744384766,7.968631744384766,,,0.012091616203069346,,0.012091616203069346,0.012091616203069346,,,0.062436232808977365,,0.062436232808977365,0.062436232808977365,,,0.012386436849365962,,0.012386436849365962,0.012386436849365962,,,6.391905462834984,,6.391905462834984,6.391905462834984,,,0.012317000000000007,,0.012317000000000007,0.012317000000000007,,,2.3253211975097656,518.8438536218082,502.3193224888629,502.3193224888629,0.37980384869015815,0.37980384869015815,2411.1900466176644,0.0025676651365435766,2.104352973401544,4,0.062436232808977365,0.10079198707826434,0.10597041324712335,0.07309165596961975,0.012386436849365962,0.012849299194211041,0.012912993093136035,0.012517786403906526,6.391905462834984,6.666783875320107,6.704509883839637,6.469680508365855,False
smoke,validation,llama31_8b,llama_cpp_bf16,llama_cpp,bf16,none,llamacpp-bf16,llamacpp-bf16,,prefill,4096,128,2,1,cresco8-hbm01,0,True,True,323.10321935434257,3.8727514451091714,,3.8727514451091714,3.8727514451091714,,,123.92804624349348,,123.92804624349348,123.92804624349348,,,127.80079768860266,,127.80079768860266,127.80079768860266,,,0.0302558706649154,,0.0302558706649154,0.0302558706649154,,,71.4585074699215,,71.4585074699215,71.4585074699215,,,1.3444315595182887,,1.3444315595182887,1.3444315595182887,,,72.80293902943978,,72.80293902943978,72.80293902943978,,,0.0,,0.0,0.0,,,0.6108968268953852,,0.6108968268953852,0.6108968268953852,,,1.8795075767155829,,1.8795075767155829,1.8795075767155829,,,0.8288133566683499,,0.8288133566683499,0.8288133566683499,,,0.010907676110761811,,0.010907676110761811,0.010907676110761811,,,1.024,,1.024,1.024,,,3.9062498987050303,,3.9062498987050303,3.9062498987050303,,,1.0000000101199684,,1.0000000101199684,1.0000000101199684,,,16.249649047851562,,16.249649047851562,16.249649047851562,,,0.0014256247408335446,,0.0014256247408335446,0.0014256247408335446,,,27.698868604376912,,27.698868604376912,27.698868604376912,,,0.10275947778874378,,0.10275947778874378,0.10275947778874378,,,40.74932228354737,,40.74932228354737,40.74932228354737,,,0.10299449999999706,,0.10299449999999706,0.10299449999999706,,,14.994636535644531,486.02763650328825,480.7802944254571,502.3193224888629,0.1514266284903396,0.14493358262373815,18798.763633896855,0.036505421237539075,2.11141053587198,2,27.698868604376912,27.798532609827816,27.807391632534564,27.698868604376912,0.10275947778874378,0.10286597696675619,0.10287544356035729,0.10275947778874378,40.74932228354737,40.86251168460585,40.87257296469994,40.74932228354737,False
smoke,validation,llama31_8b,vllm_bf16,vllm,bf16,none,vllm-bf16,vllm-bf16,,prefill,4096,128,2,1,cresco8-hbm01,0,True,True,323.10321935434257,19.21456949267581,,19.21456949267581,19.21456949267581,,,2384.9356558181858,,2384.9356558181858,2384.9356558181858,,,2404.1502253108615,,2404.1502253108615,2404.1502253108615,,,0.5822596815962368,,0.5822596815962368,0.5822596815962368,,,139.25261570142308,,139.25261570142308,139.25261570142308,,,1.2027605300353084,,1.2027605300353084,1.2027605300353084,,,140.45537623145842,,140.45537623145842,140.45537623145842,,,0.009285228329795473,,0.009285228329795473,0.009285228329795473,,,0.7690119830006762,,0.7690119830006762,0.7690119830006762,,,2.378090427139403,,2.378090427139403,2.378090427139403,,,0.9664985360402134,,0.9664985360402134,0.9664985360402134,,,0.9196311049874171,,0.9196311049874171,0.9196311049874171,,,2.0,,2.0,2.0,,,8.999988181532048,,8.999988181532048,8.999988181532048,,,1.7382542355190123,,1.7382542355190123,1.7382542355190123,,,23.371902465820312,,23.371902465820312,23.371902465820312,,,0.0024097527095727584,,0.0024097527095727584,0.0024097527095727584,,,5.4394106129184365,,5.4394106129184365,5.4394106129184365,,,0.12512263655662537,,0.12512263655662537,0.12512263655662537,,,21.329985455609858,,21.329985455609858,21.329985455609858,,,0.10464500000000043,,0.10464500000000043,0.10464500000000043,,,14.994636535644531,486.02763650328825,480.7802944254571,502.3193224888629,0.29214045970687225,0.2796137236679214,7309.837271399552,0.024238519849328982,2.0617980509996388,2,5.4394106129184365,5.5091044924221935,5.5152995039336385,5.4394106129184365,0.12512263655662537,0.14325421063053442,0.1448659061037708,0.12512263655662537,21.329985455609858,23.563001483492553,23.761491797082126,21.329985455609858,False
smoke,validation,llama32_1b,llama_cpp_bf16,llama_cpp,bf16,none,llamacpp-bf16,llamacpp-bf16,,balanced,512,512,1,1,cresco8-hbm01,0,True,True,323.10321935434257,51.592191694672465,,51.592191694672465,51.592191694672465,,,51.592191694672465,,51.592191694672465,51.592191694672465,,,103.18438338934493,,103.18438338934493,103.18438338934493,,,0.10076599940365716,,0.10076599940365716,0.10076599940365716,,,124.63348392765414,,124.63348392765414,124.63348392765414,,,0.6625277212805205,,0.6625277212805205,0.6625277212805205,,,125.29601164893467,,125.29601164893467,125.29601164893467,,,0.0,,0.0,0.0,,,0.3002031733924387,,0.3002031733924387,0.3002031733924387,,,1.4879116042429945,,1.4879116042429945,1.4879116042429945,,,0.7389910336802965,,0.7389910336802965,0.7389910336802965,,,0.009884339823443842,,0.009884339823443842,0.009884339823443842,,,1.7663873829472647,,1.7663873829472647,1.7663873829472647,,,52.02563950870029,,52.02563950870029,52.02563950870029,,,0.9891897259077584,,0.9891897259077584,0.9891897259077584,,,2.504669189453125,,2.504669189453125,2.504669189453125,,,0.008204018514168538,,0.008204018514168538,0.008204018514168538,,,0.6704908506944776,,0.6704908506944776,0.6704908506944776,,,0.018121112474293218,,0.018121112474293218,0.018121112474293218,,,9.926215248648077,,9.926215248648077,9.926215248648077,,,0.02165299999999934,,0.02165299999999934,0.02165299999999934,,,2.3253211975097656,518.8438536218082,502.3193224888629,502.3193224888629,0.24943498296686098,0.24943498296686098,2428.5847825664873,0.022793989924355343,2.0901288837194416,4,0.6704908506944776,0.6795627664308995,0.6798443683143706,0.6602577494923025,0.018121112474293218,0.018226101298300722,0.018234308954116884,0.018126336603430913,9.926215248648077,9.96001984202303,9.962999358819797,9.922815753845498,False
smoke,validation,llama32_1b,llama_cpp_bf16,llama_cpp,bf16,none,llamacpp-bf16,llamacpp-bf16,,balanced,512,512,4,1,cresco8-hbm01,0,True,True,323.10321935434257,131.3019946788972,,131.3019946788972,131.3019946788972,,,800.3169199475639,,800.3169199475639,800.3169199475639,,,931.6189146264611,,931.6189146264611,931.6189146264611,,,1.5631189842725857,,1.5631189842725857,1.5631189842725857,,,64.49077680363456,,64.49077680363456,64.49077680363456,,,1.1011412003176388,,1.1011412003176388,1.1011412003176388,,,65.5919180039522,,65.5919180039522,65.5919180039522,,,0.0,,0.0,0.0,,,0.4537697978375303,,0.4537697978375303,0.4537697978375303,,,1.441337941210503,,1.441337941210503,1.441337941210503,,,0.7311524491855882,,0.7311524491855882,0.7311524491855882,,,0.00675996811145239,,0.00675996811145239,0.00675996811145239,,,,,,,,,,,,,,,3.6759951262942314,,3.6759951262942314,3.6759951262942314,,,2.6231613159179688,,2.6231613159179688,2.6231613159179688,,,0.012590268406548902,,0.012590268406548902,0.012590268406548902,,,0.6625986821018159,,0.6625986821018159,0.6625986821018159,,,0.025661780931777275,,0.025661780931777275,0.025661780931777275,,,13.813279050868005,,13.813279050868005,13.813279050868005,,,0.024952999999999975,,0.024952999999999975,0.024952999999999975,,,2.3956336975097656,518.8438536218082,502.3193224888629,502.3193224888629,0.13057813041903532,0.13057813041903532,499.55004997722335,0.028959642374990786,2.0298061892390225,4,0.6625986821018159,0.7637457083445042,0.7742250885721296,0.6813538384158164,0.025661780931777275,0.026800838274673472,0.0269114711810698,0.025268268609718363,13.813279050868005,14.329062826000154,14.387073146365584,13.5934390979819,False
smoke,validation,llama32_1b,llama_cpp_int8,llama_cpp,int8,q8_0,llamacpp-q8_0,llamacpp-q8_0,,balanced,512,512,1,1,cresco8-hbm01,0,True,True,323.10321935434257,73.37219260060348,,73.37219260060348,73.37219260060348,,,73.37219260060348,,73.37219260060348,73.37219260060348,,,146.74438520120697,,146.74438520120697,146.74438520120697,,,0.14330506367305368,,0.14330506367305368,0.14330506367305368,,,102.71643804397564,,102.71643804397564,102.71643804397564,,,0.7592099781448283,,0.7592099781448283,0.7592099781448283,,,103.47564802212047,,103.47564802212047,103.47564802212047,,,0.0016483810049674954,,0.0016483810049674954,0.0016483810049674954,,,0.27479862316581544,,0.27479862316581544,0.27479862316581544,,,1.5010074421692077,,1.5010074421692077,1.5010074421692077,,,0.7453293757226249,,0.7453293757226249,0.7453293757226249,,,0.009616393282006107,,0.009616393282006107,0.009616393282006107,,,1.5810602161605765,,1.5810602161605765,1.5810602161605765,,,74.73076916117078,,74.73076916117078,74.73076916117078,,,0.9646524406841478,,0.9646524406841478,0.9646524406841478,,,1.8444404602050781,,1.8444404602050781,1.8444404602050781,,,0.011185755377977483,,0.011185755377977483,0.011185755377977483,,,0.5629937802441418,,0.5629937802441418,0.5629937802441418,,,0.012562831816374673,,0.012562831816374673,0.012562831816374673,,,6.97511330852285,,6.97511330852285,6.97511330852285,,,0.008721000000000003,,0.008721000000000003,0.008721000000000003,,,1.2464982271194458,518.8438536218082,502.3193224888629,502.3193224888629,0.20599575487047816,0.20599575487047816,1410.2842555814448,0.025296530837177218,2.0910127088427517,4,0.5629937802441418,0.590860194247216,0.5946135928295553,0.5551966368220747,0.012562831816374673,0.01262734053590847,0.012630222951355453,0.012567001507469906,6.97511330852285,7.001605551503599,7.003402558676899,6.976934407139197,False
smoke,validation,llama32_1b,llama_cpp_int8,llama_cpp,int8,q8_0,llamacpp-q8_0,llamacpp-q8_0,,balanced,512,512,4,1,cresco8-hbm01,0,True,True,323.10321935434257,113.34942359313743,,113.34942359313743,113.34942359313743,,,334.4951289895468,,334.4951289895468,334.4951289895468,,,447.84455258268423,,447.84455258268423,447.84455258268423,,,0.3266553994038543,,0.3266553994038543,0.3266553994038543,,,55.32856846863552,,55.32856846863552,55.32856846863552,,,0.8510904765638688,,0.8510904765638688,0.8510904765638688,,,56.17965894519938,,56.17965894519938,56.17965894519938,,,0.023278406391286036,,0.023278406391286036,0.023278406391286036,,,0.401157797516933,,0.401157797516933,0.401157797516933,,,1.407553538010183,,1.407553538010183,1.407553538010183,,,0.7290916521518082,,0.7290916521518082,0.7290916521518082,,,0.012726595732480974,,0.012726595732480974,0.012726595732480974,,,6.64935064935065,,6.64935064935065,6.64935064935065,,,38.49975786650099,,38.49975786650099,38.49975786650099,,,2.99999943163724,,2.99999943163724,2.99999943163724,,,1.9626731872558594,,1.9626731872558594,1.9626731872558594,,,0.015359010862998474,,0.015359010862998474,0.015359010862998474,,,0.5689560752362013,,0.5689560752362013,0.5689560752362013,,,0.02048534795153456,,0.02048534795153456,0.02048534795153456,,,11.0280183670111,,11.0280183670111,11.0280183670111,,,0.02200999999999908,,0.02200999999999908,0.02200999999999908,,,1.3168107271194458,518.8438536218082,502.3193224888629,502.3193224888629,0.11184052938048179,0.11184052938048179,495.6325066711737,0.02589918083593179,2.110622636973855,4,0.5689560752362013,0.5914420670364052,0.5927414633054287,0.5671878950670362,0.02048534795153456,0.02247153671755439,0.022562513907481926,0.020325439919693915,11.0280183670111,12.035944249574095,12.084581716377288,10.953487694030628,False
smoke,validation,llama32_1b,vllm_bf16,vllm,bf16,none,vllm-bf16,vllm-bf16,,balanced,512,512,1,1,cresco8-hbm01,0,True,True,323.10321935434257,41.56949108763969,,41.56949108763969,41.56949108763969,,,41.56949108763969,,41.56949108763969,41.56949108763969,,,83.13898217527938,,83.13898217527938,83.13898217527938,,,0.08119041228054627,,0.08119041228054627,0.08119041228054627,,,99.9285754818001,,99.9285754818001,99.9285754818001,,,0.6639553734937923,,0.6639553734937923,0.6639553734937923,,,100.59253085529389,,100.59253085529389,100.59253085529389,,,0.0013433137367808053,,0.0013433137367808053,0.0013433137367808053,,,0.8810865040001914,,0.8810865040001914,0.8810865040001914,,,2.438056957174554,,2.438056957174554,2.438056957174554,,,0.9814971330334283,,0.9814971330334283,0.9814971330334283,,,0.9882552995923878,,0.9882552995923878,0.9882552995923878,,,1.768384192096048,,1.768384192096048,1.768384192096048,,,41.64583397410551,,41.64583397410551,41.64583397410551,,,0.9705424685330638,,0.9705424685330638,0.9705424685330638,,,7.95086669921875,,7.95086669921875,7.95086669921875,,,0.006843346098646059,,0.006843346098646059,0.006843346098646059,,,0.11719297524541616,,0.11719297524541616,0.11719297524541616,,,0.02385528895132783,,0.02385528895132783,0.02385528895132783,,,12.30207070754841,,12.30207070754841,12.30207070754841,,,0.023558500000000093,,0.023558500000000093,0.023558500000000093,,,2.3253211975097656,518.8438536218082,502.3193224888629,502.3193224888629,0.20025614455140567,0.20025614455140567,2419.864381866444,0.02104688576111822,2.0884823054075214,4,0.11719297524541616,0.15217636367306112,0.15657635746523738,0.12568055093288422,0.02385528895132783,0.02390936071667346,0.023915550407157104,0.02385487258908158,12.30207070754841,12.368307213345542,12.377112120212987,12.315520443953574,False
smoke,validation,llama32_1b,vllm_bf16,vllm,bf16,none,vllm-bf16,vllm-bf16,,balanced,512,512,4,1,cresco8-hbm01,0,True,True,323.10321935434257,154.77840400585816,,154.77840400585816,154.77840400585816,,,489.1761904382678,,489.1761904382678,489.1761904382678,,,643.954594444126,,643.954594444126,643.954594444126,,,0.9554222469497418,,0.9554222469497418,0.9554222469497418,,,93.83726534512621,,93.83726534512621,93.83726534512621,,,1.9050808904345242,,1.9050808904345242,1.9050808904345242,,,95.74234623556073,,95.74234623556073,95.74234623556073,,,0.0074645409468518005,,0.0074645409468518005,0.0074645409468518005,,,0.8658841791949715,,0.8658841791949715,0.8658841791949715,,,2.418802611716994,,2.418802611716994,2.418802611716994,,,0.9903668876437522,,0.9903668876437522,0.9903668876437522,,,1.0,,1.0,1.0,,,,,,,,,,,,,,,3.7788286755197174,,3.7788286755197174,3.7788286755197174,,,7.989925384521484,,7.989925384521484,7.989925384521484,,,0.011908904282923597,,0.011908904282923597,0.011908904282923597,,,0.25060452055186033,,0.25060452055186033,0.25060452055186033,,,0.024343572090399942,,0.024343572090399942,0.024343572090399942,,,12.69016985874623,,12.69016985874623,12.69016985874623,,,0.023225999999999206,,0.023225999999999206,0.023225999999999206,,,2.3956336975097656,518.8438536218082,502.3193224888629,502.3193224888629,0.19060056412160706,0.19060056412160706,618.5769058061679,0.024657532169881854,2.0898001268506023,4,0.25060452055186033,0.5800016879104076,0.6260161098651587,0.3447038549929857,0.024343572090399942,0.024963024626950752,0.025024891583952477,0.02438449151239881,12.69016985874623,13.335068768728524,13.413528008554131,12.805179017828777,False
smoke-staging,validation,llama31_8b,llama_cpp_bf16,llama_cpp,bf16,none,llamacpp-bf16,llamacpp-bf16,,balanced,512,512,1,1,cresco8-hbm16,0,True,True,505.23798462167406,18.36968826060593,,18.36968826060593,18.36968826060593,,,18.36968826060593,,18.36968826060593,18.36968826060593,,,36.73937652121186,,36.73937652121186,36.73937652121186,,,0.035878297383995957,,0.035878297383995957,0.035878297383995957,,,278.4606916697595,,278.4606916697595,278.4606916697595,,,0.910649100058578,,0.910649100058578,0.910649100058578,,,279.3713407698181,,279.3713407698181,279.3713407698181,,,0.0,,0.0,0.0,,,0.2797086151034123,,0.2797086151034123,0.2797086151034123,,,2.181908866696553,,2.181908866696553,2.181908866696553,,,0.9698650903939048,,0.9698650903939048,0.9698650903939048,,,0.014954551059855922,,0.014954551059855922,0.014954551059855922,,,1.528358208955224,,1.528358208955224,1.528358208955224,,,18.611110308980834,,18.611110308980834,18.611110308980834,,,0.9645915867043886,,0.9645915867043886,0.9645915867043886,,,15.337505340576172,,15.337505340576172,15.337505340576172,,,0.0036233626289820012,,0.0036233626289820012,0.0036233626289820012,,,2.431541887111962,,2.431541887111962,2.431541887111962,,,0.049910061367570535,,0.049910061367570535,0.049910061367570535,,,27.935583245940506,,27.935583245940506,27.935583245940506,,,0.047437000000001714,,0.047437000000001714,0.047437000000001714,,,14.072761535644531,487.90531032232406,482.32728287426113,502.3193224888629,0.5792152977642113,0.5561628395770345,15208.278812707678,0.00043169426428140605,2.0839216187596294,2,2.8593888846226037,3.244451182382181,3.2786789421830327,2.8593888846226037,0.048946745789367446,0.049813729809750226,0.04989079505600647,0.048946745789367446,27.87117598298937,27.929142519645392,27.934295100681485,27.87117598298937,False
smoke-staging,validation,llama31_8b,vllm_bf16,vllm,bf16,none,vllm-bf16,vllm-bf16,,balanced,512,512,1,1,cresco8-hbm15,0,True,True,512.5709030547501,18.663312735241163,,18.663312735241163,18.663312735241163,,,18.663312735241163,,18.663312735241163,18.663312735241163,,,37.32662547048233,,37.32662547048233,37.32662547048233,,,0.0364517826860179,,0.0364517826860179,0.0364517826860179,,,280.75295159709555,,280.75295159709555,280.75295159709555,,,0.7951862077307691,,0.7951862077307691,0.7951862077307691,,,281.5481378048263,,281.5481378048263,281.5481378048263,,,0.0037586489783940085,,0.0037586489783940085,0.0037586489783940085,,,0.5324622481452219,,0.5324622481452219,0.5324622481452219,,,2.3480625978790495,,2.3480625978790495,2.3480625978790495,,,0.9950866452384703,,0.9950866452384703,0.9950866452384703,,,0.9949621782978227,,0.9949621782978227,0.9949621782978227,,,2.0128585558852623,,2.0128585558852623,2.0128585558852623,,,18.72222251831861,,18.72222251831861,18.72222251831861,,,0.9841981325224832,,0.9841981325224832,0.9841981325224832,,,23.001819610595703,,23.001819610595703,23.001819610595703,,,0.003587448498946578,,0.003587448498946578,0.003587448498946578,,,0.41382043343037367,,0.41382043343037367,0.41382043343037367,,,0.05294952491287382,,0.05294952491287382,0.05294952491287382,,,27.4710276639089,,27.4710276639089,27.4710276639089,,,0.052738000000001194,,0.052738000000001194,0.052738000000001194,,,14.072761535644531,487.90531032232406,482.32728287426113,502.3193224888629,0.5837284097367216,0.5604963321136598,15085.646465816895,0.0012265849135839526,2.0811993628740284,2,0.4098440818488598,0.4134227982722223,0.4137409063987434,0.4098440818488598,0.052882150337719695,0.05294278745535841,0.05294817742137074,0.052882150337719695,27.432622904423624,27.46718718796037,27.470259568719193,27.432622904423624,False
tuning,tuning,llama31_8b,llama_cpp_bf16,llama_cpp,bf16,none,llamacpp-bf16,llamacpp-bf16__fa-off_ub2048,fa-off_ub2048,balanced,512,512,1,1,cresco8-hbm03,0,True,True,505.68437632444494,17.82123042340042,,17.82123042340042,17.82123042340042,,,17.82123042340042,,17.82123042340042,17.82123042340042,,,35.64246084680084,,35.64246084680084,35.64246084680084,,,0.03480709067070394,,0.03480709067070394,0.03480709067070394,,,270.5352484882911,,270.5352484882911,270.5352484882911,,,0.8974289467439496,,0.8974289467439496,0.8974289467439496,,,271.43267743503503,,271.43267743503503,271.43267743503503,,,0.0,,0.0,0.0,,,0.24558887911644708,,0.24558887911644708,0.24558887911644708,,,2.3509503422263722,,2.3509503422263722,2.3509503422263722,,,0.9924446158908884,,0.9924446158908884,0.9924446158908884,,,0.013815076834068652,,0.013815076834068652,0.013815076834068652,,,1.6775884665792922,,1.6775884665792922,1.6775884665792922,,,17.952940528915644,,17.952940528915644,17.952940528915644,,,0.9931210675944364,,0.9931210675944364,0.9931210675944364,,,15.380023956298828,,15.380023956298828,15.380023956298828,,,0.003440090830205727,,0.003440090830205727,0.003440090830205727,,,2.4729404766112566,,2.4729404766112566,2.4729404766112566,,,0.05140086002246916,,0.05140086002246916,0.05140086002246916,,,28.727590806782246,,28.727590806782246,28.727590806782246,,,0.0514409999999989,,0.0514409999999989,0.0514409999999989,,,14.072761535644531,487.90531032232406,482.32728287426113,502.3193224888629,0.5627562177646819,0.5403588221336102,15230.860663729847,0.019032750682455062,2.0910620689392063,3,2.4729404766112566,2.480700086336583,2.4813898294232786,2.4720846923689046,0.05140086002246916,0.05141727384744821,0.05141873285411301,0.05138286549491056,28.727590806782246,28.75380810825154,28.756138535048812,28.7287289602682,False
tuning,tuning,llama31_8b,llama_cpp_bf16,llama_cpp,bf16,none,llamacpp-bf16,llamacpp-bf16__fa-off_ub2048,fa-off_ub2048,balanced,512,512,16,1,cresco8-hbm03,0,True,True,505.68437632444494,65.71899755312708,,65.71899755312708,65.71899755312708,,,58.59389877603746,,58.59389877603746,58.59389877603746,,,124.31289632916454,,124.31289632916454,124.31289632916454,,,0.11444120854694817,,0.11444120854694817,0.11444120854694817,,,81.77982324154699,,81.77982324154699,81.77982324154699,,,2.418228489497339,,2.418228489497339,2.418228489497339,,,84.19805173104434,,84.19805173104434,84.19805173104434,,,0.0,,0.0,0.0,,,0.5170931422829828,,0.5170931422829828,0.5170931422829828,,,2.328856383171755,,2.328856383171755,2.328856383171755,,,0.9619915174394322,,0.9619915174394322,0.9619915174394322,,,0.01402655081953527,,0.01402655081953527,0.01402655081953527,,,27.074030552291422,,27.074030552291422,27.074030552291422,,,4.091346135325591,,4.091346135325591,4.091346135325591,,,15.97690366795696,,15.97690366795696,15.97690366795696,,,18.068878173828125,,18.068878173828125,18.068878173828125,,,0.009270119104724578,,0.009270119104724578,0.009270119104724578,,,2.653217015322298,,2.653217015322298,2.653217015322298,,,0.25017929866585564,,0.25017929866585564,0.25017929866585564,,,130.51025513745844,,130.51025513745844,130.51025513745844,,,0.175942000000005,,0.175942000000005,0.175942000000005,,,15.479011535644531,485.0868253718563,480.00517366801967,502.3193224888629,0.17541071711297274,0.1676185803760538,1281.1828370172389,0.021907907243555458,2.1798077970743153,9,2.6588237853720784,2.700215770304203,2.7058942821621894,2.659862466259963,0.2501663008610009,0.2502812079625995,0.25029136676129876,0.25018685314440614,130.5100345062092,130.5312228584662,130.53823139909656,130.5053444230515,False
tuning,tuning,llama31_8b,llama_cpp_bf16,llama_cpp,bf16,none,llamacpp-bf16,llamacpp-bf16__fa-off_ub512,fa-off_ub512,balanced,512,512,1,1,cresco8-hbm03,0,True,True,505.68437632444494,17.545684827648206,,17.545684827648206,17.545684827648206,,,17.545684827648206,,17.545684827648206,17.545684827648206,,,35.09136965529641,,35.09136965529641,35.09136965529641,,,0.0342689156790004,,0.0342689156790004,0.0342689156790004,,,266.70097705111573,,266.70097705111573,266.70097705111573,,,0.9534747036793234,,0.9534747036793234,0.9534747036793234,,,267.65445175479505,,267.65445175479505,267.65445175479505,,,0.0,,0.0,0.0,,,0.24242905482576665,,0.24242905482576665,0.24242905482576665,,,2.3701486303736874,,2.3701486303736874,2.3701486303736874,,,0.9929053684562555,,0.9929053684562555,0.9929053684562555,,,0.015277211365499406,,0.015277211365499406,0.015277211365499406,,,1.671018276762402,,1.671018276762402,1.671018276762402,,,17.609195610595687,,17.609195610595687,17.609195610595687,,,0.985439622594111,,0.985439622594111,0.985439622594111,,,15.340614318847656,,15.340614318847656,15.340614318847656,,,0.003500116322090014,,0.003500116322090014,0.003500116322090014,,,2.4825456626713276,,2.4825456626713276,2.4825456626713276,,,0.0522575560126111,,0.0522575560126111,0.0522575560126111,,,29.192054821178317,,29.192054821178317,29.192054821178317,,,0.05202600000000166,,0.05202600000000166,0.05202600000000166,,,14.072761535644531,487.90531032232406,482.32728287426113,502.3193224888629,0.5549228941804862,0.5328372606266392,15254.71672288502,0.02051666106410501,2.081277593970296,3,2.4825456626713276,2.4894961706362664,2.4901139935664833,2.4791954550892115,0.0522575560126111,0.05226794394305424,0.05226886731464919,0.05225187035147477,29.192054821178317,29.19369709668681,29.19384307673201,29.179901204692822,False
tuning,tuning,llama31_8b,llama_cpp_bf16,llama_cpp,bf16,none,llamacpp-bf16,llamacpp-bf16__fa-off_ub512,fa-off_ub512,balanced,512,512,16,1,cresco8-hbm03,0,True,True,505.68437632444494,65.64615732121534,,65.64615732121534,65.64615732121534,,,56.75748856538171,,56.75748856538171,56.75748856538171,,,122.40364588659706,,122.40364588659706,122.40364588659706,,,0.11085446985426116,,0.11085446985426116,0.11085446985426116,,,81.53695612505315,,81.53695612505315,81.53695612505315,,,2.312104475484069,,2.312104475484069,2.312104475484069,,,83.84906060053721,,83.84906060053721,83.84906060053721,,,0.0,,0.0,0.0,,,0.5176705299026468,,0.5176705299026468,0.5176705299026468,,,2.298785502266453,,2.298785502266453,2.298785502266453,,,0.9521894813753047,,0.9521894813753047,0.9521894813753047,,,0.014189784548317114,,0.014189784548317114,0.014189784548317114,,,26.723606168446025,,26.723606168446025,26.723606168446025,,,4.092233041604319,,4.092233041604319,4.092233041604319,,,15.987726797632309,,15.987726797632309,15.987726797632309,,,17.706039428710938,,17.706039428710938,17.706039428710938,,,0.009192918836985023,,0.009192918836985023,0.009192918836985023,,,2.646068868227303,,2.646068868227303,2.646068868227303,,,0.24719444463036794,,0.24719444463036794,0.24719444463036794,,,128.90416367910802,,128.90416367910802,128.90416367910802,,,0.17506200000000033,,0.17506200000000033,0.17506200000000033,,,15.479011535644531,485.0868253718563,480.00517366801967,502.3193224888629,0.17468366009431546,0.16692382085778965,1277.2881768273603,0.020258146709716263,2.1823139861226055,8,2.6511016860604286,3.6878454551566384,4.127369742402807,2.8444166759727523,0.253889242275536,0.2541311440758823,0.2541536002110238,0.2539451831205404,132.41243787715212,133.4660866911523,133.8730979222618,132.61040525056887,False
tuning,tuning,llama31_8b,llama_cpp_bf16,llama_cpp,bf16,none,llamacpp-bf16,llamacpp-bf16__fa-on_ub2048,fa-on_ub2048,balanced,512,512,1,1,cresco8-hbm03,0,True,True,505.68437632444494,19.073719564700497,,19.073719564700497,19.073719564700497,,,19.073719564700497,,19.073719564700497,19.073719564700497,,,38.14743912940099,,38.14743912940099,38.14743912940099,,,0.03725335852480566,,0.03725335852480566,0.03725335852480566,,,289.17616981721676,,289.17616981721676,289.17616981721676,,,0.9318330192184554,,0.9318330192184554,0.9318330192184554,,,290.10800283643516,,290.10800283643516,290.10800283643516,,,0.0,,0.0,0.0,,,0.27905861334521953,,0.27905861334521953,0.27905861334521953,,,2.2719814363575517,,2.2719814363575517,2.2719814363575517,,,0.9929871330915019,,0.9929871330915019,0.9929871330915019,,,0.014679561174970828,,0.014679561174970828,0.014679561174970828,,,1.685319289005925,,1.685319289005925,1.685319289005925,,,19.227848372369188,,19.227848372369188,19.227848372369188,,,0.9887465134593509,,0.9887465134593509,0.9887465134593509,,,15.358207702636719,,15.358207702636719,15.358207702636719,,,0.0036626676883338275,,0.0036626676883338275,0.0036626676883338275,,,2.281319354660809,,2.281319354660809,2.281319354660809,,,0.04810375462007324,,0.04810375462007324,0.04810375462007324,,,26.862337965518236,,26.862337965518236,26.862337965518236,,,0.047784999999999855,,0.047784999999999855,0.047784999999999855,,,14.072761535644531,487.90531032232406,482.32728287426113,502.3193224888629,0.601475415422569,0.5775370164918696,15209.828468556,0.02221890953860227,2.088321186602113,3,2.281319354660809,2.283397104404867,2.283581793271005,2.2754392260685563,0.04810375462007324,0.04812785558030738,0.04812999788788375,0.04807570665061415,26.862337965518236,26.876731305941938,26.878010713979602,26.84212532453239,False
tuning,tuning,llama31_8b,llama_cpp_bf16,llama_cpp,bf16,none,llamacpp-bf16,llamacpp-bf16__fa-on_ub2048,fa-on_ub2048,balanced,512,512,16,1,cresco8-hbm03,0,True,True,505.68437632444494,75.07976309738712,,75.07976309738712,75.07976309738712,,,66.55329975843081,,66.55329975843081,66.55329975843081,,,141.63306285581794,,141.63306285581794,141.63306285581794,,,0.12998691359068518,,0.12998691359068518,0.12998691359068518,,,91.76847928065814,,91.76847928065814,91.76847928065814,,,1.741671869395985,,1.741671869395985,1.741671869395985,,,93.51015115005413,,93.51015115005413,93.51015115005413,,,0.0,,0.0,0.0,,,0.5644758038466671,,0.5644758038466671,0.5644758038466671,,,2.2887706512598607,,2.2887706512598607,2.2887706512598607,,,0.9538866842682442,,0.9538866842682442,0.9538866842682442,,,0.014025098136572404,,0.014025098136572404,0.014025098136572404,,,27.30666666666667,,27.30666666666667,27.30666666666667,,,4.687500030013325,,4.687500030013325,4.687500030013325,,,15.998303800218165,,15.998303800218165,15.998303800218165,,,18.072124481201172,,18.072124481201172,18.072124481201172,,,0.010342305776554444,,0.010342305776554444,0.010342305776554444,,,2.4569042259827256,,2.4569042259827256,2.4569042259827256,,,0.2193951968325998,,0.2193951968325998,0.2193951968325998,,,114.56703864689916,,114.56703864689916,114.56703864689916,,,0.15110699999999996,,0.15110699999999996,0.15110699999999996,,,15.479011535644531,485.0868253718563,480.00517366801967,502.3193224888629,0.19481071513351533,0.1861567870547671,1245.47744015602,0.019325213360721266,2.1854972466826412,10,2.4577251859009266,2.52584429923445,2.54822897631675,2.4639386596158146,0.2194005701437578,0.21947813573942215,0.21947976978406414,0.21941253165103886,114.5778993642889,114.6593982311897,114.69658110132441,114.58374233329668,False
tuning,tuning,llama31_8b,llama_cpp_bf16,llama_cpp,bf16,none,llamacpp-bf16,llamacpp-bf16__fa-on_ub512,fa-on_ub512,balanced,512,512,1,1,cresco8-hbm03,0,True,True,505.68437632444494,19.255632657839787,,19.255632657839787,19.255632657839787,,,19.255632657839787,,19.255632657839787,19.255632657839787,,,38.51126531567957,,38.51126531567957,38.51126531567957,,,0.03760865753484333,,0.03760865753484333,0.03760865753484333,,,291.83394974522685,,291.83394974522685,291.83394974522685,,,0.9025637313574979,,0.9025637313574979,0.9025637313574979,,,292.7365134765844,,292.7365134765844,292.7365134765844,,,0.0,,0.0,0.0,,,0.28153908704335073,,0.28153908704335073,0.28153908704335073,,,2.267744214386343,,2.267744214386343,2.267744214386343,,,0.99174977289122,,0.99174977289122,0.99174977289122,,,0.016544948033424364,,0.016544948033424364,0.016544948033424364,,,1.669928245270711,,1.669928245270711,1.669928245270711,,,19.40506358121228,,19.40506358121228,19.40506358121228,,,0.997175864458451,,0.997175864458451,0.997175864458451,,,15.337371826171875,,15.337371826171875,15.337371826171875,,,0.00371463938131128,,0.00371463938131128,0.00371463938131128,,,2.2463877387344837,,2.2463877387344837,2.2463877387344837,,,0.04764181635763547,,0.04764181635763547,0.04764181635763547,,,26.59135589748621,,26.59135589748621,26.59135589748621,,,0.04713799999999901,,0.04713799999999901,0.04713799999999901,,,14.072761535644531,487.90531032232406,482.32728287426113,502.3193224888629,0.6069250566381468,0.5827697649099985,15202.64323059772,0.027175169577463243,2.0858326926827404,3,2.2463877387344837,2.281370953563601,2.2844805726595223,2.2560348457967243,0.04764181635763547,0.04764214999510846,0.04764217965177273,0.04761748081674607,26.59135589748621,26.592592877801508,26.592702831607312,26.58856754315396,False
tuning,tuning,llama31_8b,llama_cpp_bf16,llama_cpp,bf16,none,llamacpp-bf16,llamacpp-bf16__fa-on_ub512,fa-on_ub512,balanced,512,512,16,1,cresco8-hbm03,0,True,True,505.68437632444494,75.41519243395365,,75.41519243395365,75.41519243395365,,,67.37801699513103,,67.37801699513103,67.37801699513103,,,142.79320942908467,,142.79320942908467,142.79320942908467,,,0.1315976894436153,,0.1315976894436153,0.1315976894436153,,,92.21959019047272,,92.21959019047272,92.21959019047272,,,1.7136766501752916,,1.7136766501752916,1.7136766501752916,,,93.93326684064802,,93.93326684064802,93.93326684064802,,,0.0,,0.0,0.0,,,0.5675124691958334,,0.5675124691958334,0.5675124691958334,,,2.292478418548247,,2.292478418548247,2.292478418548247,,,0.9554635868912755,,0.9554635868912755,0.9554635868912755,,,0.014478712248660697,,0.014478712248660697,0.014478712248660697,,,27.644544431946006,,27.644544431946006,27.644544431946006,,,4.703703700922329,,4.703703700922329,4.703703700922329,,,15.974799756993665,,15.974799756993665,15.974799756993665,,,17.713138580322266,,17.713138580322266,17.713138580322266,,,0.010429754255101283,,0.010429754255101283,0.010429754255101283,,,2.4442861676216125,,2.4442861676216125,2.4442861676216125,,,0.2180498947340215,,0.2180498947340215,0.2180498947340215,,,113.88090377021581,,113.88090377021581,113.88090377021581,,,0.14965899999999965,,0.14965899999999965,0.14965899999999965,,,15.479011535644531,485.0868253718563,480.00517366801967,502.3193224888629,0.19569219665455934,0.18699911119331997,1245.5483279832765,0.02163156837020765,2.1863754838705036,10,2.44535737298429,2.5002261507790533,2.5184451296087356,2.45114829801023,0.21803537406548568,0.2181183794033103,0.21812500272414587,0.21803609301461865,113.88501556450501,113.92056468809024,113.92943770574406,113.86759182848036,False
tuning,tuning,llama31_8b,llama_cpp_bf16,llama_cpp,bf16,none,llamacpp-bf16,llamacpp-bf16__fa-on_ub512_kvbf16,fa-on_ub512_kvbf16,balanced,512,512,1,1,cresco8-hbm03,0,True,True,505.68437632444494,15.406454272435235,,15.406454272435235,15.406454272435235,,,15.406454272435235,,15.406454272435235,15.406454272435235,,,30.81290854487047,,30.81290854487047,30.81290854487047,,,0.03009073100085007,,0.03009073100085007,0.03009073100085007,,,233.91583578904272,,233.91583578904272,233.91583578904272,,,0.5388837613603329,,0.5388837613603329,0.5388837613603329,,,234.45471955040304,,234.45471955040304,234.45471955040304,,,0.0,,0.0,0.0,,,0.2796560385085435,,0.2796560385085435,0.2796560385085435,,,1.9764299494018398,,1.9764299494018398,1.9764299494018398,,,0.8479297365639321,,0.8479297365639321,0.8479297365639321,,,0.012340200969166349,,0.012340200969166349,0.012340200969166349,,,2.0,,2.0,2.0,,,15.51515169321743,,15.51515169321743,15.51515169321743,,,0.989318910638773,,0.989318910638773,0.989318910638773,,,15.340904235839844,,15.340904235839844,15.340904235839844,,,0.0030686668035042855,,0.0030686668035042855,0.0030686668035042855,,,2.425722132436931,,2.425722132436931,2.425722132436931,,,0.052554159882658845,,0.052554159882658845,0.052554159882658845,,,29.300330634228885,,29.300330634228885,29.300330634228885,,,0.050235000000000585,,0.050235000000000585,0.050235000000000585,,,14.072761535644531,487.90531032232406,482.32728287426113,502.3193224888629,0.48609051960165295,0.4667443776375957,15217.95446275282,0.0074805288773918295,2.0883202552795384,3,2.425722132436931,3.0450231235474345,3.100072100535035,2.630031186466416,0.052554159882658845,0.07352762331934591,0.07539193118038476,0.05988591921194387,29.300330634228885,40.00028092879802,40.95138762164861,33.23173590376973,False
tuning,tuning,llama31_8b,llama_cpp_bf16,llama_cpp,bf16,none,llamacpp-bf16,llamacpp-bf16__fa-on_ub512_kvbf16,fa-on_ub512_kvbf16,balanced,512,512,16,1,cresco8-hbm03,0,True,True,505.68437632444494,60.92160599074643,,60.92160599074643,60.92160599074643,,,54.76516160931603,,54.76516160931603,54.76516160931603,,,115.68676760006247,,115.68676760006247,115.68676760006247,,,0.10696320626819537,,0.10696320626819537,0.10696320626819537,,,73.14368712122773,,73.14368712122773,73.14368712122773,,,1.4401674622198333,,1.4401674622198333,1.4401674622198333,,,74.58385458344756,,74.58385458344756,74.58385458344756,,,0.0,,0.0,0.0,,,0.6137758172822061,,0.6137758172822061,0.6137758172822061,,,2.0966530708327507,,2.0966530708327507,2.0966530708327507,,,0.8759259757984202,,0.8759259757984202,0.8759259757984202,,,0.014388624897281191,,0.014388624897281191,0.014388624897281191,,,27.899091826437942,,27.899091826437942,27.899091826437942,,,3.796934800555735,,3.796934800555735,3.796934800555735,,,15.983412482372234,,15.983412482372234,15.983412482372234,,,17.71308135986328,,17.71308135986328,17.71308135986328,,,0.008938873777168127,,0.008938873777168127,0.008938873777168127,,,2.6844942439347506,,2.6844942439347506,2.6844942439347506,,,0.25709413553072313,,0.25709413553072313,0.25709413553072313,,,133.96502996515483,,133.96502996515483,133.96502996515483,,,0.17380299999999987,,0.17380299999999987,0.17380299999999987,,,15.479011535644531,485.0868253718563,480.00517366801967,502.3193224888629,0.15538135560811916,0.14847896794792556,1224.2594949774689,0.014301697750450095,2.14972700923681,13,2.726831814274192,8.820076884329316,9.896671605408189,3.9412154012288036,0.2571114200420692,0.2800613947832362,0.2869716860160027,0.2594147668001817,133.96750986855477,150.28511611204596,150.32467175837607,136.50216123612168,False
tuning,tuning,llama31_8b,llama_cpp_int8,llama_cpp,int8,q8_0,llamacpp-q8_0,llamacpp-q8_0__fa-off_ub2048,fa-off_ub2048,balanced,512,512,1,1,cresco8-hbm04,0,True,True,512.6031502494028,26.293966682646424,,26.293966682646424,26.293966682646424,,,26.293966682646424,,26.293966682646424,26.293966682646424,,,52.58793336529285,,52.58793336529285,52.58793336529285,,,0.0513554036770438,,0.0513554036770438,0.0513554036770438,,,236.7157860500239,,236.7157860500239,236.7157860500239,,,1.2615612783103074,,1.2615612783103074,1.2615612783103074,,,237.9773473283342,,237.9773473283342,237.9773473283342,,,0.002547711969963137,,0.002547711969963137,0.002547711969963137,,,0.19427081452046832,,0.19427081452046832,0.19427081452046832,,,2.4797913793562105,,2.4797913793562105,2.4797913793562105,,,0.9905507422595644,,0.9905507422595644,0.9905507422595644,,,0.014183740370610664,,0.014183740370610664,0.014183740370610664,,,1.690885072655218,,1.690885072655218,1.690885072655218,,,26.561404847620576,,26.561404847620576,26.561404847620576,,,0.9858592968514998,,0.9858592968514998,0.9858592968514998,,,9.235160827636719,,9.235160827636719,9.235160827636719,,,0.004776033382951325,,0.004776033382951325,0.004776033382951325,,,1.734944493509829,,1.734944493509829,1.734944493509829,,,0.03475407289920663,,0.03475407289920663,0.03475407289920663,,,19.490311183966696,,19.490311183966696,19.490311183966696,,,0.03426400000000012,,0.03426400000000012,0.03426400000000012,,,7.520828485488892,505.8865761825023,496.65189064962334,502.3193224888629,0.47916327675116377,0.4737571036471735,9050.64459085191,0.014394741356625286,2.06596106290817,3,1.734944493509829,1.749209057725966,1.7504770189896226,1.7389061450958252,0.03475407289920663,0.03477197813376813,0.0347735697101736,0.034700739040086255,19.490311183966696,19.503028863761575,19.504159324187786,19.470983794579904,False
tuning,tuning,llama31_8b,llama_cpp_int8,llama_cpp,int8,q8_0,llamacpp-q8_0,llamacpp-q8_0__fa-off_ub2048,fa-off_ub2048,balanced,512,512,16,1,cresco8-hbm04,0,True,True,512.6031502494028,96.61160593467605,,96.61160593467605,96.61160593467605,,,86.77509602607162,,86.77509602607162,86.77509602607162,,,183.38670196074767,,183.38670196074767,183.38670196074767,,,0.16948260942592114,,0.16948260942592114,0.16948260942592114,,,73.95606546612132,,73.95606546612132,73.95606546612132,,,4.7329764615972545,,4.7329764615972545,4.7329764615972545,,,78.68904192771858,,78.68904192771858,78.68904192771858,,,0.020466371695064534,,0.020466371695064534,0.020466371695064534,,,0.4845129923879533,,0.4845129923879533,0.4845129923879533,,,2.3286164360238484,,2.3286164360238484,2.3286164360238484,,,0.954547014293809,,0.954547014293809,0.954547014293809,,,0.013977923662492056,,0.013977923662492056,0.013977923662492056,,,27.41857923497268,,27.41857923497268,27.41857923497268,,,6.01973666572759,,6.01973666572759,6.01973666572759,,,15.983990730971636,,15.983990730971636,15.983990730971636,,,11.92795181274414,,11.92795181274414,11.92795181274414,,,0.01270121150672711,,0.01270121150672711,0.01270121150672711,,,1.5927811753936112,,1.5927811753936112,1.5927811753936112,,,0.16904607132339663,,0.16904607132339663,0.16904607132339663,,,87.97167520411313,,87.97167520411313,87.97167520411313,,,0.12495899999999892,,0.12495899999999892,0.12495899999999892,,,8.927078485488892,501.3742993213493,493.42418915655713,502.3193224888629,0.15947544457077997,0.15665143347031651,814.4884992484668,0.01899543767996608,2.171592600643632,11,1.591173442080617,1.6039921399205923,1.604707468673587,1.590510868298059,0.1690447535110663,0.1691545493884373,0.16919755583023924,0.16902806955937935,87.96896111778915,88.02286812989041,88.03643707847223,87.96385441314091,False
tuning,tuning,llama31_8b,llama_cpp_int8,llama_cpp,int8,q8_0,llamacpp-q8_0,llamacpp-q8_0__fa-off_ub512,fa-off_ub512,balanced,512,512,1,1,cresco8-hbm04,0,True,True,512.6031502494028,26.354939799168505,,26.354939799168505,26.354939799168505,,,26.354939799168505,,26.354939799168505,26.354939799168505,,,52.70987959833701,,52.70987959833701,52.70987959833701,,,0.05147449179525099,,0.05147449179525099,0.05147449179525099,,,236.62837246378393,,236.62837246378393,236.62837246378393,,,1.2850714823796365,,1.2850714823796365,1.2850714823796365,,,237.91344394616357,,237.91344394616357,237.91344394616357,,,0.002638000717774191,,0.002638000717774191,0.002638000717774191,,,0.19443185763420032,,0.19443185763420032,0.19443185763420032,,,2.4899092193080876,,2.4899092193080876,2.4899092193080876,,,0.9919199422447915,,0.9919199422447915,0.9919199422447915,,,0.013300209664185545,,0.013300209664185545,0.013300209664185545,,,1.675392670157068,,1.675392670157068,1.675392670157068,,,26.80702219541684,,26.80702219541684,26.80702219541684,,,0.9937838752785668,,0.9937838752785668,0.9937838752785668,,,9.19943618774414,,9.19943618774414,9.19943618774414,,,0.004737254062309358,,0.004737254062309358,0.004737254062309358,,,1.7195370318368077,,1.7195370318368077,1.7195370318368077,,,0.03464615480416616,,0.03464615480416616,0.03464615480416616,,,19.421849868260324,,19.421849868260324,19.421849868260324,,,0.03445400000000018,,0.03445400000000018,0.03445400000000018,,,7.520828485488892,505.8865761825023,496.65189064962334,502.3193224888629,0.47903460839537226,0.4736298869957136,9027.280872547079,0.013674752715887868,2.0955957472324345,3,1.7195370318368077,1.7566760528832674,1.7599772991985083,1.7326681353151798,0.03464615480416616,0.03467875128746791,0.03468164875265029,0.03462488640255288,19.421849868260324,19.44019171288237,19.441822099070997,19.4259850870197,False
tuning,tuning,llama31_8b,llama_cpp_int8,llama_cpp,int8,q8_0,llamacpp-q8_0,llamacpp-q8_0__fa-off_ub512,fa-off_ub512,balanced,512,512,16,1,cresco8-hbm04,0,True,True,512.6031502494028,97.38996366425837,,97.38996366425837,97.38996366425837,,,86.7445544727752,,86.7445544727752,86.7445544727752,,,184.13451813703358,,184.13451813703358,184.13451813703358,,,0.16942295795463908,,0.16942295795463908,0.16942295795463908,,,74.04369420110552,,74.04369420110552,74.04369420110552,,,4.793779018047142,,4.793779018047142,4.793779018047142,,,78.83747321915268,,78.83747321915268,78.83747321915268,,,0.020812552278041224,,0.020812552278041224,0.020812552278041224,,,0.4908365294265891,,0.4908365294265891,0.4908365294265891,,,2.297138751098147,,2.297138751098147,2.297138751098147,,,0.9486992748684611,,0.9486992748684611,0.9486992748684611,,,0.015422838628670216,,0.015422838628670216,0.015422838628670216,,,27.48191365227538,,27.48191365227538,27.48191365227538,,,6.078014174962844,,6.078014174962844,6.078014174962844,,,15.996608265065609,,15.996608265065609,15.996608265065609,,,11.57455062866211,,11.57455062866211,11.57455062866211,,,0.013215301176858322,,0.013215301176858322,0.013215301176858322,,,1.598337849136442,,1.598337849136442,1.598337849136442,,,0.16832542873248313,,0.16832542873248313,0.16832542873248313,,,87.61282743420452,,87.61282743420452,87.61282743420452,,,0.12304049999999916,,0.12304049999999916,0.12304049999999916,,,8.927078485488892,501.3742993213493,493.42418915655713,502.3193224888629,0.15977626340920748,0.15694692537116292,809.5030560945331,0.012449523817495848,2.180106751620767,9,1.60051404312253,1.6161469873040915,1.6217757802456618,1.6002975481872757,0.168323048795054,0.16839615950568665,0.16840882153966538,0.16831141159466545,87.60909643489867,87.63955760151148,87.6416594567895,87.60742887306131,False
tuning,tuning,llama31_8b,llama_cpp_int8,llama_cpp,int8,q8_0,llamacpp-q8_0,llamacpp-q8_0__fa-on_ub2048,fa-on_ub2048,balanced,512,512,1,1,cresco8-hbm04,0,True,True,512.6031502494028,30.112584957343753,,30.112584957343753,30.112584957343753,,,30.112584957343753,,30.112584957343753,30.112584957343753,,,60.225169914687505,,60.225169914687505,60.225169914687505,,,0.05881364249481202,,0.05881364249481202,0.05881364249481202,,,269.09091639731804,,269.09091639731804,269.09091639731804,,,1.2926540911553488,,1.2926540911553488,1.2926540911553488,,,270.38357048847337,,270.38357048847337,270.38357048847337,,,0.0030676617048190236,,0.0030676617048190236,0.0030676617048190236,,,0.24027696427943374,,0.24027696427943374,0.24027696427943374,,,2.3494056895692355,,2.3494056895692355,2.3494056895692355,,,0.9885926449991863,,0.9885926449991863,0.9885926449991863,,,0.013064840710578951,,0.013064840710578951,0.013064840710578951,,,1.678688524590164,,1.678688524590164,1.678688524590164,,,30.499999941485004,,30.499999941485004,30.499999941485004,,,0.9925219706490246,,0.9925219706490246,0.9925219706490246,,,9.219478607177734,,9.219478607177734,9.219478607177734,,,0.005266594799671174,,0.005266594799671174,0.005266594799671174,,,1.5302076609805226,,1.5302076609805226,1.5302076609805226,,,0.03022481697573237,,0.03022481697573237,0.03022481697573237,,,17.004379187710583,,17.004379187710583,17.004379187710583,,,0.030065999999999805,,0.030065999999999805,0.030065999999999805,,,7.520828485488892,505.8865761825023,496.65189064962334,502.3193224888629,0.5444126471255555,0.5382702961709543,8979.088672443351,0.016624500453211226,2.09844000637531,3,1.5302076609805226,1.556568707898259,1.5589119120687247,1.5383354298149545,0.03022481697573237,0.03034246935292262,0.030352927342006196,0.030261089624344952,17.004379187710583,17.033722434472292,17.036330723073334,17.001752227855224,False
tuning,tuning,llama31_8b,llama_cpp_int8,llama_cpp,int8,q8_0,llamacpp-q8_0,llamacpp-q8_0__fa-on_ub2048,fa-on_ub2048,balanced,512,512,16,1,cresco8-hbm04,0,True,True,512.6031502494028,117.65784020184805,,117.65784020184805,117.65784020184805,,,113.58333388852907,,113.58333388852907,113.58333388852907,,,231.24117409037711,,231.24117409037711,231.24117409037711,,,0.22184244900103334,,0.22184244900103334,0.22184244900103334,,,87.46129346076181,,87.46129346076181,87.46129346076181,,,4.1628413406120925,,4.1628413406120925,4.1628413406120925,,,91.6241348013739,,91.6241348013739,91.6241348013739,,,0.02636819442877558,,0.02636819442877558,0.02636819442877558,,,0.5558756792741891,,0.5558756792741891,0.5558756792741891,,,2.2856313017533076,,2.2856313017533076,2.2856313017533076,,,0.9440281990685709,,0.9440281990685709,0.9440281990685709,,,0.015125394359747414,,0.015125394359747414,0.015125394359747414,,,29.47878787878788,,29.47878787878788,29.47878787878788,,,7.388059699541303,,7.388059699541303,7.388059699541303,,,15.98555214434384,,15.98555214434384,15.98555214434384,,,11.911331176757812,,11.911331176757812,11.911331176757812,,,0.0164606129115399,,0.0164606129115399,0.0164606129115399,,,1.3862112355418503,,1.3862112355418503,1.3862112355418503,,,0.13597992634302308,,0.13597992634302308,0.13597992634302308,,,70.87388573400676,,70.87388573400676,70.87388573400676,,,0.09799250000000212,,0.09799250000000212,0.09799250000000212,,,8.927078485488892,501.3742993213493,493.42418915655713,502.3193224888629,0.18569039948769667,0.1824021706897515,778.7337813118787,0.015721693289671768,2.1824164316058132,15,1.3848362509161234,1.5171292607672513,1.525645940694958,1.4095614217842618,0.1359822969982098,0.13611409300537286,0.13617824431184367,0.13599981553172139,70.87988013587892,71.02899350980297,71.0308936737664,70.90546715849389,False
tuning,tuning,llama31_8b,llama_cpp_int8,llama_cpp,int8,q8_0,llamacpp-q8_0,llamacpp-q8_0__fa-on_ub512,fa-on_ub512,balanced,512,512,1,1,cresco8-hbm04,0,True,True,512.6031502494028,29.735504129123488,,29.735504129123488,29.735504129123488,,,29.735504129123488,,29.735504129123488,29.735504129123488,,,59.471008258246975,,59.471008258246975,59.471008258246975,,,0.05807715650219431,,0.05807715650219431,0.05807715650219431,,,266.6926839069991,,266.6926839069991,266.6926839069991,,,1.34409253706439,,1.34409253706439,1.34409253706439,,,268.0367764440635,,268.0367764440635,268.0367764440635,,,0.0030088028723385027,,0.0030088028723385027,0.0030088028723385027,,,0.23802656795247396,,0.23802656795247396,0.23802656795247396,,,2.3699034759426407,,2.3699034759426407,2.3699034759426407,,,0.9907241670560986,,0.9907241670560986,0.9907241670560986,,,0.015645359037385686,,0.015645359037385686,0.015645359037385686,,,1.671018276762402,,1.671018276762402,1.671018276762402,,,30.039215941351628,,30.039215941351628,30.039215941351628,,,0.9963790776439668,,0.9963790776439668,0.9963790776439668,,,9.19980239868164,,9.19980239868164,9.19980239868164,,,0.005314465698944141,,0.005314465698944141,0.005314465698944141,,,1.5325473761186004,,1.5325473761186004,1.5325473761186004,,,0.03067584450077812,,0.03067584450077812,0.03067584450077812,,,17.209736741147935,,17.209736741147935,17.209736741147935,,,0.030418000000000577,,0.030418000000000577,0.030418000000000577,,,7.520828485488892,505.8865761825023,496.65189064962334,502.3193224888629,0.5396874178682174,0.533598379445191,9014.031686839418,0.011092046319096414,2.1009555086493465,3,1.5325473761186004,1.6014557690359652,1.6075809595175088,1.5580076432476442,0.03067584450077812,0.030679396779227222,0.03067971253731159,0.0306445070519917,17.209736741147935,17.23194409906864,17.23391808643937,17.217350746815402,False
tuning,tuning,llama31_8b,llama_cpp_int8,llama_cpp,int8,q8_0,llamacpp-q8_0,llamacpp-q8_0__fa-on_ub512,fa-on_ub512,balanced,512,512,16,1,cresco8-hbm04,0,True,True,512.6031502494028,119.76396359281271,,119.76396359281271,119.76396359281271,,,106.18034521129023,,106.18034521129023,106.18034521129023,,,225.94430880410295,,225.94430880410295,225.94430880410295,,,0.20738348674080123,,0.20738348674080123,0.20738348674080123,,,88.14583506597866,,88.14583506597866,88.14583506597866,,,4.214286108373683,,4.214286108373683,4.214286108373683,,,92.36012117435234,,92.36012117435234,92.36012117435234,,,0.025994699021518474,,0.025994699021518474,0.025994699021518474,,,0.5586641073679578,,0.5586641073679578,0.5586641073679578,,,2.2601564117374733,,2.2601564117374733,2.2601564117374733,,,0.9415740580155076,,0.9415740580155076,0.9415740580155076,,,0.016670155709760305,,0.016670155709760305,0.016670155709760305,,,27.705627705627705,,27.705627705627705,27.705627705627705,,,7.451612774726552,,7.451612774726552,7.451612774726552,,,15.994674527657832,,15.994674527657832,15.994674527657832,,,11.564884185791016,,11.564884185791016,11.564884185791016,,,0.0160587815602124,,0.0160587815602124,0.0160587815602124,,,1.3896628683432937,,1.3896628683432937,1.3896628683432937,,,0.13714155410425538,,0.13714155410425538,0.13714155410425538,,,71.4735488621518,,71.4735488621518,71.4735488621518,,,0.09891749999999958,,0.09891749999999958,0.09891749999999958,,,8.927078485488892,501.3742993213493,493.42418915655713,502.3193224888629,0.18718198905535957,0.18386734700296165,771.1845734195045,0.013129541209788773,2.167831920087335,11,1.3915721038356423,2.0979527910239995,2.5748553113080566,1.5153246974911203,0.13715113762131875,0.13723914630787626,0.13727508386188786,0.1369300806256012,71.47901176474988,71.56194802327082,71.58588546952232,71.48659589717334,False
tuning,tuning,llama31_8b,llama_cpp_int8,llama_cpp,int8,q8_0,llamacpp-q8_0,llamacpp-q8_0__fa-on_ub512_kvbf16,fa-on_ub512_kvbf16,balanced,512,512,1,1,cresco8-hbm04,0,True,True,512.6031502494028,27.25441213490857,,27.25441213490857,27.25441213490857,,,27.25441213490857,,27.25441213490857,27.25441213490857,,,54.50882426981714,,54.50882426981714,54.50882426981714,,,0.0532312737009933,,0.0532312737009933,0.0532312737009933,,,245.55804695297752,,245.55804695297752,245.55804695297752,,,0.9849137815578265,,0.9849137815578265,0.9849137815578265,,,246.54296073453534,,246.54296073453534,246.54296073453534,,,0.002693933786644233,,0.002693933786644233,0.002693933786644233,,,0.2420989498587064,,0.2420989498587064,0.2420989498587064,,,2.440491432627945,,2.440491432627945,2.440491432627945,,,0.994432039881318,,0.994432039881318,0.994432039881318,,,0.013184624541545743,,0.013184624541545743,0.013184624541545743,,,2.0,,2.0,2.0,,,27.42857378645231,,27.42857378645231,27.42857378645231,,,0.9812774245610519,,0.9812774245610519,0.9812774245610519,,,9.202964782714844,,9.202964782714844,9.202964782714844,,,0.00488493739300182,,0.00488493739300182,0.00488493739300182,,,1.6105547612532973,,1.6105547612532973,1.6105547612532973,,,0.03356197888465368,,0.03356197888465368,0.03356197888465368,,,18.76072597131133,,18.76072597131133,18.76072597131133,,,0.03341699999999946,,0.03341699999999946,0.03341699999999946,,,7.520828485488892,505.8865761825023,496.65189064962334,502.3193224888629,0.4964099913362976,0.4908092316914636,9045.983436155388,0.01295190167701516,2.086095325648782,3,1.6105547612532973,1.627085566613823,1.6285549715347587,1.6106714919830363,0.03356197888465368,0.033707215473668214,0.03372012539269173,0.033608928467988464,18.76072597131133,18.851472673658282,18.859539047200233,18.78483393912514,False
tuning,tuning,llama31_8b,llama_cpp_int8,llama_cpp,int8,q8_0,llamacpp-q8_0,llamacpp-q8_0__fa-on_ub512_kvbf16,fa-on_ub512_kvbf16,balanced,512,512,16,1,cresco8-hbm04,0,True,True,512.6031502494028,99.75558917095951,,99.75558917095951,99.75558917095951,,,87.27632970109498,,87.27632970109498,87.27632970109498,,,187.0319188720545,,187.0319188720545,187.0319188720545,,,0.17046158144745113,,0.17046158144745113,0.17046158144745113,,,71.36863398718059,,71.36863398718059,71.36863398718059,,,3.435023620070862,,3.435023620070862,3.435023620070862,,,74.80365760725145,,74.80365760725145,74.80365760725145,,,0.021042467665964393,,0.021042467665964393,0.021042467665964393,,,0.6164869392645622,,0.6164869392645622,0.6164869392645622,,,2.3116350436316555,,2.3116350436316555,2.3116350436316555,,,0.9520285863223443,,0.9520285863223443,0.9520285863223443,,,0.020203872045085308,,0.020203872045085308,0.020203872045085308,,,27.27635960044395,,27.27635960044395,27.27635960044395,,,6.213793164631319,,6.213793164631319,6.213793164631319,,,15.993200298252246,,15.993200298252246,15.993200298252246,,,11.568374633789062,,11.568374633789062,11.568374633789062,,,0.012829781392636658,,0.012829781392636658,0.012829781392636658,,,1.500113089568913,,1.500113089568913,1.500113089568913,,,0.16442379823096695,,0.16442379823096695,0.16442379823096695,,,85.52582671307027,,85.52582671307027,85.52582671307027,,,0.12478600000000734,,0.12478600000000734,0.12478600000000734,,,8.927078485488892,501.3742993213493,493.42418915655713,502.3193224888629,0.15160111573597218,0.1489165442344893,749.8693379380895,0.013539383826363143,2.180471830070016,10,1.5004593562334776,1.5576395235024392,1.5890412850491702,1.5079353308305143,0.16440740716962576,0.16456280005795046,0.16459734700126263,0.1644277999684244,85.5350102824159,85.5944660433568,85.60990983204915,85.53054111469537,False
tuning,tuning,llama31_8b,vllm_bf16,vllm,bf16,none,vllm-bf16,vllm-bf16__mnbt2048,mnbt2048,balanced,512,512,1,1,cresco8-hbm02,0,True,True,501.2162292218009,19.220318542361287,,19.220318542361287,19.220318542361287,,,19.220318542361287,,19.220318542361287,19.220318542361287,,,38.440637084722574,,38.440637084722574,38.440637084722574,,,0.03753968465304939,,0.03753968465304939,0.03753968465304939,,,289.3281053038531,,289.3281053038531,289.3281053038531,,,0.8089406753346569,,0.8089406753346569,0.8089406753346569,,,290.13704597918775,,290.13704597918775,290.13704597918775,,,0.0038572573971596205,,0.0038572573971596205,0.0038572573971596205,,,0.5282699229635406,,0.5282699229635406,0.5282699229635406,,,2.3551367116670763,,2.3551367116670763,2.3551367116670763,,,0.9957762365631554,,0.9957762365631554,0.9957762365631554,,,0.9957053706253685,,0.9957053706253685,0.9957053706253685,,,2.0078740157480315,,2.0078740157480315,2.0078740157480315,,,19.29114007559695,,19.29114007559695,19.29114007559695,,,0.9760318009792842,,0.9760318009792842,0.9760318009792842,,,21.862918853759766,,21.862918853759766,21.862918853759766,,,0.003612660819164719,,0.003612660819164719,0.003612660819164719,,,0.4166801990941167,,0.4166801990941167,0.4166801990941167,,,0.05132670658813706,,0.05132670658813706,0.05132670658813706,,,26.644627265632153,,26.644627265632153,26.644627265632153,,,0.05110100000000057,,0.05110100000000057,0.05110100000000057,,,14.072761535644531,487.90531032232406,482.32728287426113,502.3193224888629,0.6015356300191382,0.5775948345797915,15095.329733465664,0.0016687700347360929,2.0750377327203724,3,0.4166801990941167,0.4197154840454459,0.4199852871522307,0.41608965024352074,0.05132670658813706,0.051374116246524736,0.05137833043838142,0.051313671211736966,26.644627265632153,26.671888886019588,26.67431214116514,26.637375639441114,False
tuning,tuning,llama31_8b,vllm_bf16,vllm,bf16,none,vllm-bf16,vllm-bf16__mnbt2048,mnbt2048,balanced,512,512,16,1,cresco8-hbm02,0,True,True,501.2162292218009,223.34024436535418,,223.34024436535418,223.34024436535418,,,218.4438230913348,,218.4438230913348,218.4438230913348,,,441.784067456689,,441.784067456689,441.784067456689,,,0.42664809197526327,,0.42664809197526327,0.42664809197526327,,,236.12885172311076,,236.12885172311076,236.12885172311076,,,5.214206164931158,,5.214206164931158,5.214206164931158,,,241.3430578880419,,241.3430578880419,241.3430578880419,,,0.050923022108179464,,0.050923022108179464,0.050923022108179464,,,0.4780581664308661,,0.4780581664308661,0.4780581664308661,,,2.2515778546369187,,2.2515778546369187,2.2515778546369187,,,0.9985607070577556,,0.9985607070577556,0.9985607070577556,,,1.0,,1.0,1.0,,,31.4409820585458,,31.4409820585458,31.4409820585458,,,13.934210343268338,,13.934210343268338,13.934210343268338,,,15.757949231175717,,15.757949231175717,15.757949231175717,,,24.30986785888672,,24.30986785888672,24.30986785888672,,,0.021137321298257197,,0.021137321298257197,0.021137321298257197,,,0.498740766197443,,0.498740766197443,0.498740766197443,,,0.07146450880105715,,0.07146450880105715,0.07146450880105715,,,37.01717394776642,,37.01717394776642,37.01717394776642,,,0.059996000000002825,,0.059996000000002825,0.059996000000002825,,,15.479011535644531,485.0868253718563,480.00517366801967,502.3193224888629,0.5027926179290708,0.4804574442652319,1080.607118407364,0.0035420713667186836,2.189051173627374,18,0.49874965474009514,0.5135324093513189,0.5584019761346279,0.5025278991605673,0.0714642558230448,0.07148567698576985,0.07148685762802696,0.07146722114359211,37.01835815468803,37.03640406094492,37.071438657268885,37.02227790353613,False
tuning,tuning,llama31_8b,vllm_bf16,vllm,bf16,none,vllm-bf16,vllm-bf16__mnbt4096,mnbt4096,balanced,512,512,1,1,cresco8-hbm02,0,True,True,501.2162292218009,18.841914341488085,,18.841914341488085,18.841914341488085,,,18.841914341488085,,18.841914341488085,18.841914341488085,,,37.68382868297617,,37.68382868297617,37.68382868297617,,,0.036800613948218916,,0.036800613948218916,0.036800613948218916,,,284.1726344828812,,284.1726344828812,284.1726344828812,,,0.8025549501270202,,0.8025549501270202,0.8025549501270202,,,284.97518943300827,,284.97518943300827,284.97518943300827,,,0.0038013823113432414,,0.0038013823113432414,0.0038013823113432414,,,0.5330389553623358,,0.5330389553623358,0.5330389553623358,,,2.3655936550933343,,2.3655936550933343,2.3655936550933343,,,0.9969482017064916,,0.9969482017064916,0.9969482017064916,,,0.9968959319748314,,0.9968959319748314,0.9968959319748314,,,2.0013037809647978,,2.0013037809647978,2.0013037809647978,,,18.938272444359317,,18.938272444359317,18.938272444359317,,,0.9690828339697648,,0.9690828339697648,0.9690828339697648,,,22.351852416992188,,22.351852416992188,22.351852416992188,,,0.0036794987316991104,,0.0036794987316991104,0.0036794987316991104,,,0.41910244431346655,,0.41910244431346655,0.41910244431346655,,,0.052342145940664345,,0.052342145940664345,0.052342145940664345,,,27.167446181178093,,27.167446181178093,27.167446181178093,,,0.05207900000000154,,0.05207900000000154,0.05207900000000154,,,14.072761535644531,487.90531032232406,482.32728287426113,502.3193224888629,0.5908336508248052,0.567318788417355,15124.534814677523,0.002663515508681253,2.0929116755723927,3,0.41910244431346655,0.4883074359036982,0.4944589907117188,0.44421684990326565,0.052342145940664345,0.05234480043198848,0.05234503638677284,0.05230556809162965,27.167446181178093,27.183471824321895,27.184896325934677,27.17236214472602,False
tuning,tuning,llama31_8b,vllm_bf16,vllm,bf16,none,vllm-bf16,vllm-bf16__mnbt4096,mnbt4096,balanced,512,512,16,1,cresco8-hbm02,0,True,True,501.2162292218009,222.83725414395354,,222.83725414395354,222.83725414395354,,,219.52785593108476,,219.52785593108476,219.52785593108476,,,442.36511007503833,,442.36511007503833,442.36511007503833,,,0.4287653436153999,,0.4287653436153999,0.4287653436153999,,,235.97620862079864,,235.97620862079864,235.97620862079864,,,5.199947970925132,,5.199947970925132,5.199947970925132,,,241.17615659172378,,241.17615659172378,241.17615659172378,,,0.05074974381990186,,0.05074974381990186,0.05074974381990186,,,0.47851916831501445,,0.47851916831501445,0.47851916831501445,,,2.2518829589493423,,2.2518829589493423,2.2518829589493423,,,0.9984547609054613,,0.9984547609054613,0.9984547609054613,,,1.0,,1.0,1.0,,,31.47019867549669,,31.47019867549669,31.47019867549669,,,13.907894714174816,,13.907894714174816,13.907894714174816,,,15.793415056636197,,15.793415056636197,15.793415056636197,,,24.807449340820312,,24.807449340820312,24.807449340820312,,,0.021027809000295408,,0.021027809000295408,0.021027809000295408,,,0.4986029779538512,,0.4986029779538512,0.4986029779538512,,,0.07163608523264323,,0.07163608523264323,0.07163608523264323,,,37.10370562504977,,37.10370562504977,37.10370562504977,,,0.06013600000000588,,0.06013600000000588,0.06013600000000588,,,15.479011535644531,485.0868253718563,480.00517366801967,502.3193224888629,0.502444910642829,0.48012518291503903,1082.2972914390843,0.0017246651166457553,2.1717518568038914,18,0.4986697896383703,0.5188480495940893,0.5838004475738852,0.5044977187385989,0.07163312764102028,0.07169234882402298,0.07169420515455,0.07160148334594868,37.1068086088635,37.145204154681416,37.18321183433756,37.09285570851838,False
tuning,tuning,llama31_8b,vllm_bf16,vllm,bf16,none,vllm-bf16,vllm-bf16__mnbt8192,mnbt8192,balanced,512,512,1,1,cresco8-hbm02,0,True,True,501.2162292218009,18.57500815487422,,18.57500815487422,18.57500815487422,,,18.57500815487422,,18.57500815487422,18.57500815487422,,,37.15001630974844,,37.15001630974844,37.15001630974844,,,0.03627931280248871,,0.03627931280248871,0.03627931280248871,,,279.77121142549214,,279.77121142549214,279.77121142549214,,,0.7927615956441096,,0.7927615956441096,0.7927615956441096,,,280.56397302113623,,280.56397302113623,280.56397302113623,,,0.003738631079397537,,0.003738631079397537,0.003738631079397537,,,0.5370749774224808,,0.5370749774224808,0.5370749774224808,,,2.363263791920436,,2.363263791920436,2.363263791920436,,,0.9958186422961595,,0.9958186422961595,0.9958186422961595,,,0.995744288420913,,0.995744288420913,0.995744288420913,,,2.0032658393207052,,2.0032658393207052,2.0032658393207052,,,18.67073227965235,,18.67073227965235,18.67073227965235,,,0.9795414456671951,,0.9795414456671951,0.9795414456671951,,,23.033287048339844,,23.033287048339844,23.033287048339844,,,0.0035766185054822595,,0.0035766185054822595,0.0035766185054822595,,,0.41680165473371744,,0.41680165473371744,0.41680165473371744,,,0.053104856510786974,,0.053104856510786974,0.053104856510786974,,,27.563825237564743,,27.563825237564743,27.563825237564743,,,0.052853000000002794,,0.052853000000002794,0.052853000000002794,,,14.072761535644531,487.90531032232406,482.32728287426113,502.3193224888629,0.5816879595722082,0.5585370907712927,15104.379534149179,0.0038633211960418107,2.1016772836446735,3,0.41680165473371744,0.48188686547800896,0.48767221754416823,0.4405953387419383,0.053104856510786974,0.0531232473429533,0.053124882083590313,0.053076699273436,27.563825237564743,27.571266477461904,27.571927921008317,27.562788667467732,False
tuning,tuning,llama31_8b,vllm_bf16,vllm,bf16,none,vllm-bf16,vllm-bf16__mnbt8192,mnbt8192,balanced,512,512,16,1,cresco8-hbm02,0,True,True,501.2162292218009,222.5404512337279,,222.5404512337279,222.5404512337279,,,222.47909710294297,,222.47909710294297,222.47909710294297,,,445.01954833667094,,445.01954833667094,445.01954833667094,,,0.4345294865291855,,0.4345294865291855,0.4345294865291855,,,235.61283988986366,,235.61283988986366,235.61283988986366,,,5.295647317958348,,5.295647317958348,5.295647317958348,,,240.90848720782202,,240.90848720782202,240.90848720782202,,,0.05126718805494845,,0.05126718805494845,0.05126718805494845,,,0.4767546617902554,,0.4767546617902554,0.4767546617902554,,,2.2527630812450656,,2.2527630812450656,2.2527630812450656,,,0.9985898313482009,,0.9985898313482009,0.9985898313482009,,,1.0,,1.0,1.0,,,31.69289827255278,,31.69289827255278,31.69289827255278,,,13.893333290547796,,13.893333290547796,13.893333290547796,,,15.784843695434894,,15.784843695434894,15.784843695434894,,,25.724536895751953,,25.724536895751953,25.724536895751953,,,0.020869408625120735,,0.020869408625120735,0.020869408625120735,,,0.49598833825439215,,0.49598833825439215,0.49598833825439215,,,0.07143463895687152,,0.07143463895687152,0.07143463895687152,,,36.99942824523896,,36.99942824523896,36.99942824523896,,,0.06004000000000087,,0.06004000000000087,0.06004000000000087,,,15.479011535644531,485.0868253718563,480.00517366801967,502.3193224888629,0.5018872721035268,0.4795923159280087,1082.537964995868,0.002336877919542541,2.3332543671131107,18,0.49603482615202665,0.513023706851527,0.5778246221598237,0.5014228829596605,0.07143471262248237,0.07146378213388448,0.07146843135048893,0.07143871580544398,36.99954183213413,37.02882560277358,37.08955642791465,37.006606659541525,False
tuning-v1-queue-bug,superseded,llama31_8b,llama_cpp_bf16,llama_cpp,bf16,none,llamacpp-bf16,llamacpp-bf16__fa-off_ub2048,fa-off_ub2048,balanced,512,512,1,1,cresco8-hbm02,0,True,True,508.2071358512435,17.857525266707153,,17.857525266707153,17.857525266707153,,,17.857525266707153,,17.857525266707153,17.857525266707153,,,35.715050533414306,,35.715050533414306,35.715050533414306,,,0.03487797903653741,,0.03487797903653741,0.03487797903653741,,,271.1442748254344,,271.1442748254344,271.1442748254344,,,0.9054274173130121,,0.9054274173130121,0.9054274173130121,,,272.04970224274746,,272.04970224274746,272.04970224274746,,,0.0,,0.0,0.0,,,0.24257702775806794,,0.24257702775806794,0.24257702775806794,,,2.3908852409028785,,2.3908852409028785,2.3908852409028785,,,0.9924273346311174,,0.9924273346311174,0.9924273346311174,,,0.013968508525255646,,0.013968508525255646,0.013968508525255646,,,1.675392670157068,,1.675392670157068,1.675392670157068,,,17.976470979995597,,17.976470979995597,17.976470979995597,,,0.9945234890737947,,0.9945234890737947,0.9945234890737947,,,15.386589050292969,,15.386589050292969,15.386589050292969,,,0.003473284756373854,,0.003473284756373854,0.003473284756373854,,,2.4427053704857826,,2.4427053704857826,2.4427053704857826,,,0.051299054642187876,,0.051299054642187876,0.051299054642187876,,,28.656522292643785,,28.656522292643785,28.656522292643785,,,0.05098199999999997,,0.05098199999999997,0.05098199999999997,,,14.072761535644531,487.90531032232406,482.32728287426113,502.3193224888629,0.5640354835860875,0.5415871738614617,15234.457080676566,0.0011299798010289048,2.090949378907678,3,2.4427053704857826,2.4819312524050474,2.4854179974645376,2.4530493492881456,0.051299054642187876,0.051327348466590775,0.05132986347320437,0.051305659210087035,28.656522292643785,28.710206318832935,28.71497823227197,28.670241205642622,False
tuning-v1-queue-bug,superseded,llama31_8b,llama_cpp_bf16,llama_cpp,bf16,none,llamacpp-bf16,llamacpp-bf16__fa-off_ub2048,fa-off_ub2048,balanced,512,512,16,1,cresco8-hbm02,0,True,True,508.2071358512435,65.68527592011276,,65.68527592011276,65.68527592011276,,,59.261429552595125,,59.261429552595125,59.261429552595125,,,124.94670547270789,,124.94670547270789,124.94670547270789,,,0.11574497959491235,,0.11574497959491235,0.11574497959491235,,,89.40057465833243,,89.40057465833243,89.40057465833243,,,2.367249504337354,,2.367249504337354,2.367249504337354,,,91.76782416266978,,91.76782416266978,91.76782416266978,,,0.0,,0.0,0.0,,,0.5105147757348989,,0.5105147757348989,0.5105147757348989,,,2.3683593917593626,,2.3683593917593626,2.3683593917593626,,,0.968441880823383,,0.968441880823383,0.968441880823383,,,0.014059079151690508,,0.014059079151690508,0.014059079151690508,,,20.48,,20.48,20.48,,,4.687498915154971,,4.687498915154971,4.687498915154971,,,13.99999887624361,,13.99999887624361,13.99999887624361,,,18.072673797607422,,18.072673797607422,18.072673797607422,,,0.00791422049084699,,0.00791422049084699,0.00791422049084699,,,2.593819763045758,,2.593819763045758,2.593819763045758,,,0.16278274424115302,,0.16278274424115302,0.16278274424115302,,,85.9512627334334,,85.9512627334334,85.9512627334334,,,0.13601000000000568,,0.13601000000000568,0.13601000000000568,,,15.479011535644531,485.0868253718563,480.00517366801967,502.3193224888629,0.19118090636693447,0.18268822251946001,1397.0836367389086,0.02469995660766312,2.0947482436895344,32,2.593819763045758,4.893149514729157,4.893496356764809,2.9276558714336716,0.16278274424115302,0.22493897209029623,0.22532573073324175,0.15727660083006922,85.9512627334334,117.56001150608063,117.7675441135373,83.29599889559904,False
tuning-v1-queue-bug,superseded,llama31_8b,llama_cpp_bf16,llama_cpp,bf16,none,llamacpp-bf16,llamacpp-bf16__fa-off_ub512,fa-off_ub512,balanced,512,512,1,1,cresco8-hbm02,0,True,True,508.2071358512435,17.79294783502687,,17.79294783502687,17.79294783502687,,,17.79294783502687,,17.79294783502687,17.79294783502687,,,35.58589567005374,,35.58589567005374,35.58589567005374,,,0.03475185124028685,,0.03475185124028685,0.03475185124028685,,,269.8615215578819,,269.8615215578819,269.8615215578819,,,0.9948310546431723,,0.9948310546431723,0.9948310546431723,,,270.85635261252503,,270.85635261252503,270.85635261252503,,,0.0,,0.0,0.0,,,0.24066458604778884,,0.24066458604778884,0.24066458604778884,,,2.411423453983013,,2.411423453983013,2.411423453983013,,,0.992637213024121,,0.992637213024121,0.992637213024121,,,0.013817823749463363,,0.013817823749463363,0.013817823749463363,,,1.676489849377865,,1.676489849377865,1.676489849377865,,,17.964706498051413,,17.964706498051413,17.964706498051413,,,0.9937570205171468,,0.9937570205171468,0.9937570205171468,,,15.344940185546875,,15.344940185546875,15.344940185546875,,,0.003422677565536868,,0.003422677565536868,0.003422677565536868,,,2.43080391921103,,2.43080391921103,2.43080391921103,,,0.05154538162256757,,0.05154538162256757,0.05154538162256757,,,28.771008482202888,,28.771008482202888,28.771008482202888,,,0.051429000000000086,,0.051429000000000086,0.051429000000000086,,,14.072761535644531,487.90531032232406,482.32728287426113,502.3193224888629,0.5615613344500255,0.5392114945339979,15222.680082235853,0.02080319421793674,2.0874531939625713,3,2.43080391921103,2.460082262381911,2.4626847817748785,2.439453993613521,0.05154538162256757,0.051557879158297515,0.051558990050362394,0.05153596025161975,28.771008482202888,28.780438820645212,28.781277072951198,28.774329682191212,False
tuning-v1-queue-bug,superseded,llama31_8b,llama_cpp_bf16,llama_cpp,bf16,none,llamacpp-bf16,llamacpp-bf16__fa-off_ub512,fa-off_ub512,balanced,512,512,16,1,cresco8-hbm02,0,True,True,508.2071358512435,77.25956500949123,,77.25956500949123,77.25956500949123,,,55.91080888319365,,55.91080888319365,55.91080888319365,,,133.1703738926849,,133.1703738926849,133.1703738926849,,,0.0546003992999938,,0.0546003992999938,0.0546003992999938,,,99.01478692300508,,99.01478692300508,99.01478692300508,,,2.017894592749103,,2.017894592749103,2.017894592749103,,,101.03268151575418,,101.03268151575418,101.03268151575418,,,0.0,,0.0,0.0,,,0.4905597677525764,,0.4905597677525764,0.4905597677525764,,,2.3650226199242357,,2.3650226199242357,2.3650226199242357,,,0.9666220735319104,,0.9666220735319104,0.9666220735319104,,,0.011648931895760049,,0.011648931895760049,0.011648931895760049,,,10.893617021276595,,10.893617021276595,10.893617021276595,,,5.529411481777188,,5.529411481777188,5.529411481777188,,,14.000001384773215,,14.000001384773215,14.000001384773215,,,17.717445373535156,,17.717445373535156,17.717445373535156,,,0.007823299934440182,,0.007823299934440182,0.007823299934440182,,,2.5770716443657875,,2.5770716443657875,2.5770716443657875,,,0.15822021563768884,,0.15822021563768884,0.15822021563768884,,,83.4598325532861,,83.4598325532861,83.4598325532861,,,0.13629850000000077,,0.13629850000000077,0.13629850000000077,,,15.479011535644531,485.0868253718563,480.00517366801967,502.3193224888629,0.2104824844776157,0.2011323813210355,1307.7045088636269,0.026238968651185152,2.122491411864755,32,2.5770716443657875,2.9779179804027076,4.515403893562036,2.6896401888225228,0.15822021563768884,0.22094292405713895,0.22345327738727172,0.15507339199813797,83.4598325532861,115.53340667872689,116.86817927808501,81.93214349987102,False
tuning-v1-queue-bug,superseded,llama31_8b,llama_cpp_bf16,llama_cpp,bf16,none,llamacpp-bf16,llamacpp-bf16__fa-on_ub2048,fa-on_ub2048,balanced,512,512,1,1,cresco8-hbm02,0,True,True,508.2071358512435,19.12068821442206,,19.12068821442206,19.12068821442206,,,19.12068821442206,,19.12068821442206,19.12068821442206,,,38.24137642884412,,38.24137642884412,38.24137642884412,,,0.037345094168793086,,0.037345094168793086,0.037345094168793086,,,290.2508604325853,,290.2508604325853,290.2508604325853,,,0.9371806406697762,,0.9371806406697762,0.9371806406697762,,,291.1880410732551,,291.1880410732551,291.1880410732551,,,0.0,,0.0,0.0,,,0.27637307954035095,,0.27637307954035095,0.27637307954035095,,,2.310044894677282,,2.310044894677282,2.310044894677282,,,0.9945851119781975,,0.9945851119781975,0.9945851119781975,,,0.015486407322767156,,0.015486407322767156,0.015486407322767156,,,1.686429512516469,,1.686429512516469,1.686429512516469,,,19.21518991849636,,19.21518991849636,19.21518991849636,,,0.988265068667608,,0.988265068667608,0.988265068667608,,,15.359939575195312,,15.359939575195312,15.359939575195312,,,0.0037540994003988724,,0.0037540994003988724,0.0037540994003988724,,,2.2528918776661158,,2.2528918776661158,2.2528918776661158,,,0.04799324413488114,,0.04799324413488114,0.04799324413488114,,,26.768608409911394,,26.768608409911394,26.768608409911394,,,0.0477489999999998,,0.0477489999999998,0.0477489999999998,,,14.072761535644531,487.90531032232406,482.32728287426113,502.3193224888629,0.6037146381975773,0.5796871194014463,15228.951897956382,0.011094781620092614,2.0932106301188442,3,2.2528918776661158,2.2541928865015506,2.254308531731367,2.2504299925640225,0.04799324413488114,0.048015287782406386,0.04801724721774197,0.04799545026795582,26.768608409911394,26.789121821243317,26.79094523558393,26.77610507948945,False
tuning-v1-queue-bug,superseded,llama31_8b,llama_cpp_bf16,llama_cpp,bf16,none,llamacpp-bf16,llamacpp-bf16__fa-on_ub2048,fa-on_ub2048,balanced,512,512,16,1,cresco8-hbm02,0,True,True,508.2071358512435,85.9624757379482,,85.9624757379482,85.9624757379482,,,936.4422888899888,,936.4422888899888,936.4422888899888,,,1022.4047646279371,,1022.4047646279371,1022.4047646279371,,,1.8289888454882595,,1.8289888454882595,1.8289888454882595,,,88.90327059324125,,88.90327059324125,88.90327059324125,,,1.7355800199011184,,1.7355800199011184,1.7355800199011184,,,90.63885061314237,,90.63885061314237,90.63885061314237,,,0.0,,0.0,0.0,,,0.5647560498821622,,0.5647560498821622,0.5647560498821622,,,2.258346978077606,,2.258346978077606,2.258346978077606,,,0.9470363636363637,,0.9470363636363637,0.9470363636363637,,,0.029699999999999997,,0.029699999999999997,0.029699999999999997,,,,,,,,,,,,,,,14.000010743745467,,14.000010743745467,14.000010743745467,,,18.07648468017578,,18.07648468017578,18.07648468017578,,,0.008527290031464284,,0.008527290031464284,0.008527290031464284,,,2.388442894909531,,2.388442894909531,2.388442894909531,,,0.14328799642888562,,0.14328799642888562,0.14328799642888562,,,75.73932875925675,,75.73932875925675,75.73932875925675,,,0.11555349999999454,,0.11555349999999454,0.11555349999999454,,,15.479011535644531,485.0868253718563,480.00517366801967,502.3193224888629,0.18882890348975664,0.18044070087539177,1054.4001883967353,0.013571873930683084,2.0934183150529835,32,2.388442894909531,5.6338837914634485,6.823491386845708,2.9104163293377496,0.14328799642888562,0.2059517385838134,0.20999112266159586,0.14297381457460337,75.73932875925675,107.57754542264156,109.71529684963636,75.97003557696007,False
tuning-v1-queue-bug,superseded,llama31_8b,llama_cpp_bf16,llama_cpp,bf16,none,llamacpp-bf16,llamacpp-bf16__fa-on_ub512,fa-on_ub512,balanced,512,512,1,1,cresco8-hbm02,0,True,True,508.2071358512435,19.217687657473128,,19.217687657473128,19.217687657473128,,,19.217687657473128,,19.217687657473128,19.217687657473128,,,38.435375314946256,,38.435375314946256,38.435375314946256,,,0.0375345462060022,,0.0375345462060022,0.0375345462060022,,,291.49911507909275,,291.49911507909275,291.49911507909275,,,0.9109730259661882,,0.9109730259661882,0.9109730259661882,,,292.41008810505895,,292.41008810505895,292.41008810505895,,,0.0,,0.0,0.0,,,0.27776036389223857,,0.27776036389223857,0.27776036389223857,,,2.310902474758605,,2.310902474758605,2.310902474758605,,,0.9958732620989833,,0.9958732620989833,0.9958732620989833,,,0.014737340916765993,,0.014737340916765993,0.014737340916765993,,,2.0,,2.0,2.0,,,19.443037858702322,,19.443037858702322,19.443037858702322,,,0.9874117017365455,,0.9874117017365455,0.9874117017365455,,,15.347183227539062,,15.347183227539062,15.347183227539062,,,0.003690658606187496,,0.003690658606187496,0.003690658606187496,,,2.222890474833548,,2.222890474833548,2.222890474833548,,,0.04775166318345443,,0.04775166318345443,0.04775166318345443,,,26.645457612350583,,26.645457612350583,26.645457612350583,,,0.04752000000000044,,0.04752000000000044,0.04752000000000044,,,14.072761535644531,487.90531032232406,482.32728287426113,502.3193224888629,0.6062482851116011,0.582119928527221,15215.674919732097,0.006950551349411725,2.0939147099852535,3,2.222890474833548,2.2465214462019505,2.2486219769902527,2.2302013638739786,0.04775166318345443,0.047811360844755416,0.04781666730353773,0.04777064923785107,26.645457612350583,26.65664259158075,26.657636811956763,26.641003124415874,False
tuning-v1-queue-bug,superseded,llama31_8b,llama_cpp_bf16,llama_cpp,bf16,none,llamacpp-bf16,llamacpp-bf16__fa-on_ub512,fa-on_ub512,balanced,512,512,16,1,cresco8-hbm02,0,True,True,508.2071358512435,75.07562299171255,,75.07562299171255,75.07562299171255,,,95.7775389661715,,95.7775389661715,95.7775389661715,,,170.85316195788405,,170.85316195788405,170.85316195788405,,,0.1247103371955358,,0.1247103371955358,0.1247103371955358,,,98.75242674021135,,98.75242674021135,98.75242674021135,,,1.6868641863339195,,1.6868641863339195,1.6868641863339195,,,100.43929092654527,,100.43929092654527,100.43929092654527,,,0.0,,0.0,0.0,,,0.5624606561107988,,0.5624606561107988,0.5624606561107988,,,2.3100596444218056,,2.3100596444218056,2.3100596444218056,,,0.9610836678087907,,0.9610836678087907,0.9610836678087907,,,0.01565138096770861,,0.01565138096770861,0.01565138096770861,,,25.924050632911392,,25.924050632911392,25.924050632911392,,,5.266666763457989,,5.266666763457989,5.266666763457989,,,14.000000451218733,,14.000000451218733,14.000000451218733,,,17.704261779785156,,17.704261779785156,17.704261779785156,,,0.008364178474275483,,0.008364178474275483,0.008364178474275483,,,2.4173071342520416,,2.4173071342520416,2.4173071342520416,,,0.14196409951210198,,0.14196409951210198,0.14196409951210198,,,75.08357704523951,,75.08357704523951,75.08357704523951,,,0.11688600000000224,,0.11688600000000224,0.11688600000000224,,,15.479011535644531,485.0868253718563,480.00517366801967,502.3193224888629,0.20924626740796531,0.1999510797810732,1337.84159123971,0.026166090398285092,2.1096196025609943,32,2.4173071342520416,4.690116658946499,4.698302491996437,3.0090727362548932,0.14196409951210198,0.2038437175578137,0.20496509447086916,0.14155798464789787,75.08357704523951,106.54765292694792,107.07132850942202,75.3452028913307,False
tuning-v1-queue-bug,superseded,llama31_8b,llama_cpp_int8,llama_cpp,int8,q8_0,llamacpp-q8_0,llamacpp-q8_0__fa-off_ub2048,fa-off_ub2048,balanced,512,512,1,1,cresco8-hbm03,0,True,True,508.3542458556072,25.733125012384868,,25.733125012384868,25.733125012384868,,,25.733125012384868,,25.733125012384868,25.733125012384868,,,51.466250024769735,,51.466250024769735,51.466250024769735,,,0.050260009789814195,,0.050260009789814195,0.050260009789814195,,,231.91706949793118,,231.91706949793118,231.91706949793118,,,1.2029640442903113,,1.2029640442903113,1.2029640442903113,,,233.1200335422215,,233.1200335422215,233.1200335422215,,,0.0025121812272388758,,0.0025121812272388758,0.0025121812272388758,,,0.19361985218225083,,0.19361985218225083,0.19361985218225083,,,2.4689564630995924,,2.4689564630995924,2.4689564630995924,,,0.9915396270091604,,0.9915396270091604,0.9915396270091604,,,0.01678349874710702,,0.01678349874710702,0.01678349874710702,,,1.669928245270711,,1.669928245270711,1.669928245270711,,,25.98305031303767,,25.98305031303767,25.98305031303767,,,0.9971591503816004,,0.9971591503816004,0.9971591503816004,,,9.23758316040039,,9.23758316040039,9.23758316040039,,,0.004615211929382477,,0.004615211929382477,0.004615211929382477,,,1.7634627018123865,,1.7634627018123865,1.7634627018123865,,,0.035486171612563434,,0.035486171612563434,0.035486171612563434,,,19.902570850215852,,19.902570850215852,19.902570850215852,,,0.035141999999999826,,0.035141999999999826,0.035141999999999826,,,7.520828485488892,505.8865761825023,496.65189064962334,502.3193224888629,0.4693831593740623,0.4640873307185791,9059.141998106536,0.016923176068054116,2.0870871841907475,3,1.7634627018123865,1.7926946695894004,1.7952930667251348,1.7740604452167947,0.035486171612563434,0.03549616575922722,0.03549705412781956,0.0354625561808595,19.902570850215852,19.92669580904767,19.92884024983272,19.895426653635997,False
tuning-v1-queue-bug,superseded,llama31_8b,llama_cpp_int8,llama_cpp,int8,q8_0,llamacpp-q8_0,llamacpp-q8_0__fa-off_ub2048,fa-off_ub2048,balanced,512,512,16,1,cresco8-hbm03,0,True,True,508.3542458556072,102.16556270023466,,102.16556270023466,102.16556270023466,,,80.66116900928319,,80.66116900928319,80.66116900928319,,,182.82673170951784,,182.82673170951784,182.82673170951784,,,0.15754134572125622,,0.15754134572125622,0.15754134572125622,,,76.38138302935414,,76.38138302935414,76.38138302935414,,,4.548638264403234,,4.548638264403234,4.548638264403234,,,80.93002129375736,,80.93002129375736,80.93002129375736,,,0.018950882489006438,,0.018950882489006438,0.018950882489006438,,,0.4830572774898211,,0.4830572774898211,0.4830572774898211,,,2.295223695801108,,2.295223695801108,2.295223695801108,,,0.9485305089014657,,0.9485305089014657,0.9485305089014657,,,0.013932100141380499,,0.013932100141380499,0.013932100141380499,,,22.4,,22.4,22.4,,,6.40000041389468,,6.40000041389468,6.40000041389468,,,15.920305363980647,,15.920305363980647,15.920305363980647,,,11.928726196289062,,11.928726196289062,11.928726196289062,,,0.01124257897625159,,0.01124257897625159,0.01124257897625159,,,1.5806912365369499,,1.5806912365369499,1.5806912365369499,,,0.12998870153293568,,0.12998870153293568,0.12998870153293568,,,68.00434502586722,,68.00434502586722,68.00434502586722,,,0.11883549999999923,,0.11883549999999923,0.11883549999999923,,,8.927078485488892,501.3742993213493,493.42418915655713,502.3193224888629,0.16401713388250472,0.1611126979801811,792.1457989833152,0.011625937032451144,2.18035355210304,32,1.5806912365369499,2.1016150586772704,2.7107324624434117,1.6604919797100592,0.12998870153293568,0.1735176587047205,0.17557263707239074,0.12716967370533092,68.00434502586722,90.25085286502727,91.29182070354,66.64419524313416,False
tuning-v1-queue-bug,superseded,llama31_8b,llama_cpp_int8,llama_cpp,int8,q8_0,llamacpp-q8_0,llamacpp-q8_0__fa-off_ub512,fa-off_ub512,balanced,512,512,1,1,cresco8-hbm03,0,True,True,508.3542458556072,25.49064827848268,,25.49064827848268,25.49064827848268,,,25.49064827848268,,25.49064827848268,25.49064827848268,,,50.98129655696536,,50.98129655696536,50.98129655696536,,,0.049786422418911486,,0.049786422418911486,0.049786422418911486,,,229.85514224167514,,229.85514224167514,229.85514224167514,,,1.2232343028127266,,1.2232343028127266,1.2232343028127266,,,231.07837654448787,,231.07837654448787,231.07837654448787,,,0.0024969822564095234,,0.0024969822564095234,0.0024969822564095234,,,0.19325041454228578,,0.19325041454228578,0.19325041454228578,,,2.4739844316857,,2.4739844316857,2.4739844316857,,,0.9931665481242353,,0.9931665481242353,0.9931665481242353,,,0.014689271054984245,,0.014689271054984245,0.014689271054984245,,,1.693121693121693,,1.693121693121693,1.693121693121693,,,25.627118426027554,,25.627118426027554,25.627118426027554,,,0.9847144652150676,,0.9847144652150676,0.9847144652150676,,,9.202186584472656,,9.202186584472656,9.202186584472656,,,0.004566157303421787,,0.004566157303421787,0.004566157303421787,,,1.771320167928934,,1.771320167928934,1.771320167928934,,,0.03585750752888664,,0.03585750752888664,0.03585750752888664,,,20.087743205949664,,20.087743205949664,20.087743205949664,,,0.035831000000000134,,0.035831000000000134,0.035831000000000134,,,7.520828485488892,505.8865761825023,496.65189064962334,502.3193224888629,0.46527231828763627,0.46002287031196415,9065.221645992704,0.012710152398058604,2.0843137055635426,3,1.771320167928934,1.7928340398706495,1.7947463840432465,1.7770338322346408,0.03585750752888664,0.035875471358036225,0.03587706814284952,0.035827248046795525,20.087743205949664,20.124523572903126,20.127792938854544,20.084757584147155,False
tuning-v1-queue-bug,superseded,llama31_8b,llama_cpp_int8,llama_cpp,int8,q8_0,llamacpp-q8_0,llamacpp-q8_0__fa-off_ub512,fa-off_ub512,balanced,512,512,16,1,cresco8-hbm03,0,True,True,508.3542458556072,86.66468642468944,,86.66468642468944,86.66468642468944,,,132.3230202269612,,132.3230202269612,132.3230202269612,,,218.98770665165065,,218.98770665165065,218.98770665165065,,,0.17229559925385574,,0.17229559925385574,0.17229559925385574,,,76.67602684521411,,76.67602684521411,76.67602684521411,,,4.8772847317316215,,4.8772847317316215,4.8772847317316215,,,81.55331157694575,,81.55331157694575,81.55331157694575,,,0.0200038244231162,,0.0200038244231162,0.0200038244231162,,,0.4938950883132437,,0.4938950883132437,0.4938950883132437,,,2.3845500441092145,,2.3845500441092145,2.3845500441092145,,,0.9579448247467649,,0.9579448247467649,0.9579448247467649,,,0.01370115962659702,,0.01370115962659702,0.01370115962659702,,,32.507936507936506,,32.507936507936506,32.507936507936506,,,5.727272212790171,,5.727272212790171,5.727272212790171,,,15.00000108132618,,15.00000108132618,15.00000108132618,,,11.56906509399414,,11.56906509399414,11.56906509399414,,,0.01057629858427675,,0.01057629858427675,0.01057629858427675,,,1.579174296464771,,1.579174296464771,1.579174296464771,,,0.12394653934230865,,0.12394653934230865,0.12394653934230865,,,64.99729286879301,,64.99729286879301,64.99729286879301,,,0.1052390000000005,,0.1052390000000005,0.1052390000000005,,,8.927078485488892,501.3742993213493,493.42418915655713,502.3193224888629,0.16528032749336885,0.16235352280073576,941.0212503083893,0.01233694675148702,2.160003222525117,32,1.579174296464771,3.0234062309376895,4.105532344114037,1.8180720115778968,0.12394653934230865,0.16895694334840006,0.1704067509941968,0.11861731860518535,64.99729286879301,87.88537398097105,88.63847814261914,62.431521818827605,False
tuning-v1-queue-bug,superseded,llama31_8b,llama_cpp_int8,llama_cpp,int8,q8_0,llamacpp-q8_0,llamacpp-q8_0__fa-on_ub2048,fa-on_ub2048,balanced,512,512,1,1,cresco8-hbm03,0,True,True,508.3542458556072,28.85448241327764,,28.85448241327764,28.85448241327764,,,28.85448241327764,,28.85448241327764,28.85448241327764,,,57.70896482655528,,57.70896482655528,57.70896482655528,,,0.05635641096343289,,0.05635641096343289,0.05635641096343289,,,258.8202123852709,,258.8202123852709,258.8202123852709,,,1.2344568919145262,,1.2344568919145262,1.2344568919145262,,,260.05466927718544,,260.05466927718544,260.05466927718544,,,0.0029597907829537595,,0.0029597907829537595,0.0029597907829537595,,,0.23639396690178877,,0.23639396690178877,0.23639396690178877,,,2.3533245877284013,,2.3533245877284013,2.3533245877284013,,,0.9908816504208668,,0.9908816504208668,0.9908816504208668,,,0.01587429353336118,,0.01587429353336118,0.01587429353336118,,,1.6942422236929187,,1.6942422236929187,1.6942422236929187,,,29.05769287495525,,29.05769287495525,29.05769287495525,,,0.9836391992874182,,0.9836391992874182,0.9836391992874182,,,9.222049713134766,,9.222049713134766,9.222049713134766,,,0.005093745354807977,,0.005093745354807977,0.005093745354807977,,,1.518949911929667,,1.518949911929667,1.518949911929667,,,0.03170902021375071,,0.03170902021375071,0.03170902021375071,,,17.722772005945444,,17.722772005945444,17.722772005945444,,,0.03141100000000006,,0.03141100000000006,0.03141100000000006,,,7.520828485488892,505.8865761825023,496.65189064962334,502.3193224888629,0.5236155830133508,0.5177078755176717,9012.626376466174,0.012742626782613469,2.0781669765710804,3,1.518949911929667,1.6056787833571433,1.613388016372919,1.5506476319084566,0.03170902021375071,0.03171216408027711,0.03171244353507946,0.031687839618298984,17.722772005945444,17.809039389062672,17.816707600895317,17.74313367685924,False
tuning-v1-queue-bug,superseded,llama31_8b,llama_cpp_int8,llama_cpp,int8,q8_0,llamacpp-q8_0,llamacpp-q8_0__fa-on_ub2048,fa-on_ub2048,balanced,512,512,16,1,cresco8-hbm03,0,True,True,508.3542458556072,129.78534815406482,,129.78534815406482,129.78534815406482,,,89.48303023819174,,89.48303023819174,89.48303023819174,,,219.26837839225655,,219.26837839225655,219.26837839225655,,,0.17477154343396825,,0.17477154343396825,0.17477154343396825,,,93.44475187763497,,93.44475187763497,93.44475187763497,,,4.165915793810995,,4.165915793810995,4.165915793810995,,,97.61066767144595,,97.61066767144595,97.61066767144595,,,0.024035443633808593,,0.024035443633808593,0.024035443633808593,,,0.5602712902398982,,0.5602712902398982,0.5602712902398982,,,2.2363782754393826,,2.2363782754393826,2.2363782754393826,,,0.9357480678671803,,0.9357480678671803,0.9357480678671803,,,0.01406579774726377,,0.01406579774726377,0.01406579774726377,,,18.044052863436125,,18.044052863436125,18.044052863436125,,,8.107142034153139,,8.107142034153139,8.107142034153139,,,15.879055278715956,,15.879055278715956,15.879055278715956,,,11.90987777709961,,11.90987777709961,11.90987777709961,,,0.013193333254323307,,0.013193333254323307,0.013193333254323307,,,1.4000178938731551,,1.4000178938731551,1.4000178938731551,,,0.11269015735452685,,0.11269015735452685,0.11269015735452685,,,59.22926267981529,,59.22926267981529,59.22926267981529,,,0.09538149999999951,,0.09538149999999951,0.09538149999999951,,,8.927078485488892,501.3742993213493,493.42418915655713,502.3193224888629,0.1978230289810039,0.19431995406390148,752.0931219106093,0.018564517638307687,2.1657736971974346,32,1.4000178938731551,2.385488710319623,2.616067991033197,1.6381493869412225,0.11269015735452685,0.14383451320857918,0.14560119191461668,0.10695525053121949,59.22926267981529,74.89015056039207,75.73057561845519,56.292282408394385,False
tuning-v1-queue-bug,superseded,llama31_8b,llama_cpp_int8,llama_cpp,int8,q8_0,llamacpp-q8_0,llamacpp-q8_0__fa-on_ub512,fa-on_ub512,balanced,512,512,1,1,cresco8-hbm03,0,True,True,508.3542458556072,28.872981342632823,,28.872981342632823,28.872981342632823,,,28.872981342632823,,28.872981342632823,28.872981342632823,,,57.745962685265646,,57.745962685265646,57.745962685265646,,,0.05639254168482973,,0.05639254168482973,0.05639254168482973,,,259.4324075147621,,259.4324075147621,259.4324075147621,,,1.3090140905880696,,1.3090140905880696,1.3090140905880696,,,260.7414216053502,,260.7414216053502,260.7414216053502,,,0.00299606584166398,,0.00299606584166398,0.00299606584166398,,,0.2356231707551864,,0.2356231707551864,0.2356231707551864,,,2.3677360312948514,,2.3677360312948514,2.3677360312948514,,,0.9949278855920107,,0.9949278855920107,0.9949278855920107,,,0.014344957855486886,,0.014344957855486886,0.014344957855486886,,,2.0,,2.0,2.0,,,28.98113174445267,,28.98113174445267,28.98113174445267,,,0.9807890279307482,,0.9807890279307482,0.9807890279307482,,,9.206287384033203,,9.206287384033203,9.206287384033203,,,0.005052635103349732,,0.005052635103349732,0.005052635103349732,,,1.578467252664268,,1.578467252664268,1.578467252664268,,,0.03165637762622941,,0.03165637762622941,0.03165637762622941,,,17.737407185137272,,17.737407185137272,17.737407185137272,,,0.03141300000000047,,0.03141300000000047,0.03141300000000047,,,7.520828485488892,505.8865761825023,496.65189064962334,502.3193224888629,0.524998346959475,0.519075038390806,9030.637276807596,0.0022232420668556858,2.0869875326752636,3,1.578467252664268,1.6003924480639398,1.6023413543216884,1.5747859220330913,0.03165637762622941,0.03168796795309173,0.03169077598214616,0.03161840937273493,17.737407185137272,17.753129316214473,17.75452683897689,17.73179311150064,False
tuning-v1-queue-bug,superseded,llama31_8b,llama_cpp_int8,llama_cpp,int8,q8_0,llamacpp-q8_0,llamacpp-q8_0__fa-on_ub512,fa-on_ub512,balanced,512,512,16,1,cresco8-hbm03,0,True,True,508.3542458556072,160.59300054554015,,160.59300054554015,160.59300054554015,,,43.13935796396462,,43.13935796396462,43.13935796396462,,,203.7323585095048,,203.7323585095048,203.7323585095048,,,0.0842565585233684,,0.0842565585233684,0.0842565585233684,,,110.87219336147042,,110.87219336147042,110.87219336147042,,,4.370455723458506,,4.370455723458506,4.370455723458506,,,115.24264908492894,,115.24264908492894,115.24264908492894,,,0.019814528280728716,,0.019814528280728716,0.019814528280728716,,,0.5777737105522273,,0.5777737105522273,0.5777737105522273,,,2.211092083744402,,2.211092083744402,2.211092083744402,,,0.9244140941598887,,0.9244140941598887,0.9244140941598887,,,0.011381264809290225,,0.011381264809290225,0.011381264809290225,,,,,,,,,10.090908255351176,,10.090908255351176,10.090908255351176,,,15.95697743489413,,15.95697743489413,15.95697743489413,,,11.568428039550781,,11.568428039550781,11.568428039550781,,,0.012422593118598235,,0.012422593118598235,0.012422593118598235,,,1.4590458939783275,,1.4590458939783275,1.4590458939783275,,,0.10421092766327983,,0.10421092766327983,0.10421092766327983,,,54.665151143912226,,54.665151143912226,54.665151143912226,,,0.08385450000000128,,0.08385450000000128,0.08385450000000128,,,8.927078485488892,501.3742993213493,493.42418915655713,502.3193224888629,0.23355695082951017,0.22942109515901418,717.606923673171,0.019283225325664625,2.158733829855916,32,1.4590458939783275,2.6003836340736597,3.7194396158494074,1.7798673559445888,0.10421092766327983,0.14679898573322597,0.14943056681853176,0.10313044832783583,54.665151143912226,78.44003082653508,78.83692334655672,54.4795264514687,False
tuning-v1-queue-bug,superseded,llama31_8b,vllm_bf16,vllm,bf16,none,vllm-bf16,vllm-bf16__mnbt2048,mnbt2048,balanced,512,512,1,1,cresco8-hbm01,0,True,True,501.53371492852716,18.21073268652312,,18.21073268652312,18.21073268652312,,,18.21073268652312,,18.21073268652312,18.21073268652312,,,36.42146537304624,,36.42146537304624,36.42146537304624,,,0.03556783727836547,,0.03556783727836547,0.03556783727836547,,,274.8765928873612,,274.8765928873612,274.8765928873612,,,0.7812659673375527,,0.7812659673375527,0.7812659673375527,,,275.6578588546987,,275.6578588546987,275.6578588546987,,,0.0037179235653685017,,0.0037179235653685017,0.0037179235653685017,,,0.5362710855443955,,0.5362710855443955,0.5362710855443955,,,2.343992913208544,,2.343992913208544,2.343992913208544,,,0.9980453917460925,,0.9980453917460925,0.9980453917460925,,,0.9980447813144506,,0.9980447813144506,0.9980447813144506,,,2.0,,2.0,2.0,,,18.285714596104466,,18.285714596104466,18.285714596104466,,,0.9603316065158677,,0.9603316065158677,0.9603316065158677,,,21.81307601928711,,21.81307601928711,21.81307601928711,,,0.0035268833523771637,,0.0035268833523771637,0.0035268833523771637,,,0.43064385280013084,,0.43064385280013084,0.43064385280013084,,,0.05415948293191871,,0.05415948293191871,0.05415948293191871,,,28.109637257643044,,28.109637257643044,28.109637257643044,,,0.053908000000003085,,0.053908000000003085,0.053908000000003085,,,14.072761535644531,487.90531032232406,482.32728287426113,502.3193224888629,0.5715162061992676,0.5487701677269451,15137.109725337945,0.004414013164234089,2.086007781326768,3,0.43064385280013084,0.48929265709593894,0.4945058841444552,0.4514214952165882,0.05415948293191871,0.05416564313538095,0.05416619070902204,0.05413452526633442,28.109637257643044,28.127556242793798,28.129149041473866,28.11416390631348,False
tuning-v1-queue-bug,superseded,llama31_8b,vllm_bf16,vllm,bf16,none,vllm-bf16,vllm-bf16__mnbt2048,mnbt2048,balanced,512,512,16,1,cresco8-hbm01,0,True,True,501.53371492852716,219.7247004511866,,219.7247004511866,219.7247004511866,,,209.9733346493297,,209.9733346493297,209.9733346493297,,,429.6980351005163,,429.6980351005163,429.6980351005163,,,0.41010416923697207,,0.41010416923697207,0.41010416923697207,,,232.45111065480592,,232.45111065480592,232.45111065480592,,,4.76846404422553,,4.76846404422553,4.76846404422553,,,237.21957469903143,,237.21957469903143,237.21957469903143,,,0.04807105281668136,,0.04807105281668136,0.04807105281668136,,,0.4828455913819758,,0.4828455913819758,0.4828455913819758,,,2.2249412260647596,,2.2249412260647596,2.2249412260647596,,,0.9987179405064727,,0.9987179405064727,0.9987179405064727,,,1.0,,1.0,1.0,,,28.208191126279864,,28.208191126279864,28.208191126279864,,,13.952381314361338,,13.952381314361338,13.952381314361338,,,15.799433473381292,,15.799433473381292,15.799433473381292,,,24.31719970703125,,24.31719970703125,24.31719970703125,,,0.016646747815502592,,0.016646747815502592,0.016646747815502592,,,0.5090262992307544,,0.5090262992307544,0.5090262992307544,,,0.06967554825819197,,0.06967554825819197,0.06967554825819197,,,36.235839249100536,,36.235839249100536,36.235839249100536,,,0.060731999999999974,,0.060731999999999974,0.060731999999999974,,,15.479011535644531,485.0868253718563,480.00517366801967,502.3193224888629,0.4942021205444273,0.47224855600550963,1079.6217913230535,0.0018336536449139967,2.1592414006590817,32,0.5090262992307544,0.649929883191362,0.7306634528562427,0.5425106880138628,0.06967554825819197,0.07407493680649949,0.07414932947204887,0.06874917935782318,36.235839249100536,38.39715552357957,38.41628647116944,35.67334133986151,False
tuning-v1-queue-bug,superseded,llama31_8b,vllm_bf16,vllm,bf16,none,vllm-bf16,vllm-bf16__mnbt4096,mnbt4096,balanced,512,512,1,1,cresco8-hbm01,0,True,True,501.53371492852716,18.086923376744217,,18.086923376744217,18.086923376744217,,,18.086923376744217,,18.086923376744217,18.086923376744217,,,36.173846753488434,,36.173846753488434,36.173846753488434,,,0.03532602222020355,,0.03532602222020355,0.03532602222020355,,,272.37144292488995,,272.37144292488995,272.37144292488995,,,0.7719074915418214,,0.7719074915418214,0.7719074915418214,,,273.14335041643176,,273.14335041643176,273.14335041643176,,,0.0037708803498308612,,0.0037708803498308612,0.0037708803498308612,,,0.5386366895624243,,0.5386366895624243,0.5386366895624243,,,2.3430610020298053,,2.3430610020298053,2.3430610020298053,,,0.9962149425097718,,0.9962149425097718,0.9962149425097718,,,0.996204202121038,,0.996204202121038,0.996204202121038,,,2.0078740157480315,,2.0078740157480315,2.0078740157480315,,,18.14285727843427,,18.14285727843427,18.14285727843427,,,0.9891286221656993,,0.9891286221656993,0.9891286221656993,,,22.353466033935547,,22.353466033935547,22.353466033935547,,,0.003519311290617272,,0.003519311290617272,0.003519311290617272,,,0.4203169606626034,,0.4203169606626034,0.4203169606626034,,,0.05451292408276678,,0.05451292408276678,0.05451292408276678,,,28.3102651135996,,28.3102651135996,28.3102651135996,,,0.054302999999999886,,0.054302999999999886,0.054302999999999886,,,14.072761535644531,487.90531032232406,482.32728287426113,502.3193224888629,0.5663029235848515,0.5437643709644232,15101.703298396991,0.0020401457363361858,2.092459984123704,3,0.4203169606626034,0.488245643209666,0.49428374832496047,0.44543235407521325,0.05451292408276678,0.05457276101488394,0.05457807985329435,0.05452280717951095,28.3102651135996,28.330793280433863,28.332618006374688,28.306586822805304,False
tuning-v1-queue-bug,superseded,llama31_8b,vllm_bf16,vllm,bf16,none,vllm-bf16,vllm-bf16__mnbt4096,mnbt4096,balanced,512,512,16,1,cresco8-hbm01,0,True,True,501.53371492852716,220.75887640383047,,220.75887640383047,220.75887640383047,,,195.92398113843163,,195.92398113843163,195.92398113843163,,,416.68285754226207,,416.68285754226207,416.68285754226207,,,0.4209304282270992,,0.4209304282270992,0.4209304282270992,,,230.59731903466877,,230.59731903466877,230.59731903466877,,,4.828192488127422,,4.828192488127422,4.828192488127422,,,235.42551152279617,,235.42551152279617,235.42551152279617,,,0.04834610133743641,,0.04834610133743641,0.04834610133743641,,,0.48706971886967715,,0.48706971886967715,0.48706971886967715,,,2.228633563174214,,2.228633563174214,2.228633563174214,,,0.9987174067845601,,0.9987174067845601,0.9987174067845601,,,1.0,,1.0,1.0,,,29.408163265306122,,29.408163265306122,29.408163265306122,,,13.719999741889541,,13.719999741889541,13.719999741889541,,,15.867733702826632,,15.867733702826632,15.867733702826632,,,24.794784545898438,,24.794784545898438,24.794784545898438,,,0.01727932177069431,,0.01727932177069431,0.01727932177069431,,,0.5097583355382085,,0.5097583355382085,0.5097583355382085,,,0.07055809741945474,,0.07055809741945474,0.07055809741945474,,,36.58540030894801,,36.58540030894801,36.58540030894801,,,0.06126149999999689,,0.06126149999999689,0.06126149999999689,,,15.479011535644531,485.0868253718563,480.00517366801967,502.3193224888629,0.4904645292128054,0.4686769968479878,1066.4373517291158,0.0028656593687668027,2.129945717751977,32,0.5097583355382085,0.6091746677644551,0.8252059305924926,0.5475731324695516,0.07055809741945474,0.07432234825706747,0.07449087078014202,0.06920889139286135,36.58540030894801,38.53005520817824,38.571300472291185,35.9133166342217,False
tuning-v1-queue-bug,superseded,llama31_8b,vllm_bf16,vllm,bf16,none,vllm-bf16,vllm-bf16__mnbt8192,mnbt8192,balanced,512,512,1,1,cresco8-hbm01,0,True,True,501.53371492852716,18.18696552388609,,18.18696552388609,18.18696552388609,,,18.18696552388609,,18.18696552388609,18.18696552388609,,,36.37393104777218,,36.37393104777218,36.37393104777218,,,0.03552141703884002,,0.03552141703884002,0.03552141703884002,,,274.23702028441005,,274.23702028441005,274.23702028441005,,,0.7775671582074944,,0.7775671582074944,0.7775671582074944,,,275.01458744261754,,275.01458744261754,275.01458744261754,,,0.003733941380392729,,0.003733941380392729,0.003733941380392729,,,0.5360958191502602,,0.5360958191502602,0.5360958191502602,,,2.34352460714331,,2.34352460714331,2.34352460714331,,,0.9972838589857657,,0.9972838589857657,0.9972838589857657,,,0.9972488545604377,,0.9972488545604377,0.9972488545604377,,,2.0013037809647978,,2.0013037809647978,2.0013037809647978,,,18.261904959923267,,18.261904959923267,18.261904959923267,,,0.9709187323949606,,0.9709187323949606,0.9709187323949606,,,23.05063247680664,,23.05063247680664,23.05063247680664,,,0.0035140283893950897,,0.0035140283893950897,0.0035140283893950897,,,0.42139457631856203,,0.42139457631856203,0.42139457631856203,,,0.05424442278210314,,0.05424442278210314,0.05424442278210314,,,28.153567037545145,,28.153567037545145,28.153567037545145,,,0.05399900000000343,,0.05399900000000343,0.05399900000000343,,,14.072761535644531,487.90531032232406,482.32728287426113,502.3193224888629,0.57018252379124,0.5474895651634325,15121.521348980592,0.0026323883185204442,2.081457339227197,3,0.42139457631856203,0.48345364844426514,0.4889700104109943,0.4442046533028285,0.05424442278210314,0.05426779886354089,0.05426987673744647,0.05422051882933867,28.153567037545145,28.15875547081232,28.159216664880514,28.150889775094885,False
tuning-v1-queue-bug,superseded,llama31_8b,vllm_bf16,vllm,bf16,none,vllm-bf16,vllm-bf16__mnbt8192,mnbt8192,balanced,512,512,16,1,cresco8-hbm01,0,True,True,501.53371492852716,216.91839571678923,,216.91839571678923,216.91839571678923,,,204.63496856712214,,204.63496856712214,204.63496856712214,,,421.5533642839114,,421.5533642839114,421.5533642839114,,,0.39967767298266044,,0.39967767298266044,0.39967767298266044,,,228.72130146067732,,228.72130146067732,228.72130146067732,,,4.903320504664468,,4.903320504664468,4.903320504664468,,,233.6246219653418,,233.6246219653418,233.6246219653418,,,0.048637530913521625,,0.048637530913521625,0.048637530913521625,,,0.4849345299425223,,0.4849345299425223,0.4849345299425223,,,2.2285190863669757,,2.2285190863669757,2.2285190863669757,,,0.9985405883155485,,0.9985405883155485,0.9985405883155485,,,0.9997388772507273,,0.9997388772507273,0.9997388772507273,,,30.720164609053498,,30.720164609053498,30.720164609053498,,,13.499999783467505,,13.499999783467505,13.499999783467505,,,15.789526414527854,,15.789526414527854,15.789526414527854,,,25.74394989013672,,25.74394989013672,25.74394989013672,,,0.018414749982860083,,0.018414749982860083,0.018414749982860083,,,0.5146062886342406,,0.5146062886342406,0.5146062886342406,,,0.07288053269459777,,0.07288053269459777,0.07288053269459777,,,37.78838504804298,,37.78838504804298,37.78838504804298,,,0.06215400000000227,,0.06215400000000227,0.06215400000000227,,,15.479011535644531,485.0868253718563,480.00517366801967,502.3193224888629,0.4867127164069295,0.46509184796593517,1077.0161801784868,0.0023800768854677474,2.1705597639083836,32,0.5146062886342406,0.6239951498340816,0.690147072589025,0.5505038643314037,0.07288053269459777,0.07490178995434042,0.07491810209688288,0.07049073341411699,37.78838504804298,38.85129106892273,38.87730485972017,36.571268638945185,False
